Inventory_ID,PO_ID,Product_ID,Warehouse_ID,Snapshot_Date,Opening_Stock,Stock_In,Stock_Out,Closing_Stock,Reorder_Level,Safety_Stock,Inventory_Value_INR,Stock_Status,Capacity_Utilization_Percent
INVT000001,PO000001,P0097,WH003,22-10-2025,715,355,189,881,197,84,60715506.98,Normal,3.31
INVT000002,PO000002,P0128,WH001,11-06-2025,465,489,375,579,404,136,16862882.85,Normal,2.5
INVT000003,PO000003,P0279,WH004,06-06-2025,224,600,480,344,138,52,24955799.92,Normal,2.35
INVT000004,PO000004,P0121,WH004,02-07-2025,73,260,277,56,119,200,990622.08,Reorder,0.38
INVT000005,PO000005,P0120,WH001,28-07-2025,686,290,150,826,236,214,64010308.32,Normal,3.56
INVT000006,PO000006,P0072,WH001,18-06-2025,98,836,1163,0,290,216,0,Stockout,0
INVT000007,PO000007,P0084,WH003,13-04-2025,319,569,378,510,239,88,19309681.2,Normal,1.91
INVT000008,PO000008,P0135,WH003,24-01-2025,222,669,263,628,182,127,39559892.88,Normal,2.36
INVT000009,PO000009,P0070,WH002,10-04-2025,1112,13,15,1110,306,185,82830653.1,Normal,5.99
INVT000010,PO000010,P0030,WH004,22-06-2025,672,16,9,679,258,168,53274747.4,Normal,4.65
INVT000011,PO000011,P0032,WH002,26-10-2025,193,755,987,0,237,188,0,Stockout,0
INVT000012,PO000012,P0107,WH002,17-07-2025,1305,734,151,1888,328,235,66221883.2,Overstock,10.18
INVT000013,PO000013,P0236,WH003,15-11-2025,1637,743,1056,1324,480,237,92240921.88,Normal,4.97
INVT000014,PO000014,P0144,WH002,27-01-2025,1064,666,288,1442,391,246,65064539.68,Normal,7.78
INVT000015,PO000015,P0064,WH001,19-02-2026,1274,741,784,1231,499,106,90070645.08,Normal,5.31
INVT000016,PO000016,P0198,WH002,16-06-2025,39,418,446,11,38,223,706867.7,Reorder,0.06
INVT000017,PO000017,P0010,WH001,22-03-2025,1334,907,619,1622,380,29,13623778.14,Normal,7
INVT000018,PO000018,P0007,WH004,14-10-2025,191,347,36,502,194,82,30992701.9,Normal,3.44
INVT000019,PO000019,P0090,WH004,03-04-2025,89,920,1025,0,76,160,0,Stockout,0
INVT000020,PO000020,P0106,WH001,01-07-2025,17,833,470,380,213,184,6459027.2,Normal,1.64
INVT000021,PO000021,P0016,WH004,09-04-2026,76,412,111,377,38,195,33470297.51,Overstock,2.58
INVT000022,PO000022,P0064,WH002,06-11-2025,680,104,154,630,499,106,52856716.5,Normal,3.4
INVT000023,PO000023,P0221,WH002,28-02-2025,446,348,218,576,187,23,28375228.8,Normal,3.11
INVT000024,PO000024,P0239,WH002,26-04-2026,798,277,233,842,338,96,41026652.08,Normal,4.54
INVT000025,PO000025,P0135,WH004,18-03-2026,19,982,967,34,182,127,2090526.72,Reorder,0.23
INVT000026,PO000026,P0067,WH003,16-03-2025,152,73,89,136,217,184,6829416.8,Reorder,0.51
INVT000027,PO000027,P0208,WH003,04-12-2025,467,132,61,538,159,116,16576517.06,Normal,2.02
INVT000028,PO000028,P0114,WH001,01-07-2026,215,631,780,66,70,236,4315114.98,Reorder,0.28
INVT000029,PO000029,P0293,WH002,19-05-2025,374,929,1227,76,212,211,3304587.16,Reorder,0.41
INVT000030,PO000030,P0298,WH002,04-08-2025,937,346,421,862,432,66,12865556.88,Normal,4.65
INVT000031,PO000031,P0189,WH004,01-02-2025,179,538,271,446,72,109,23646754.98,Overstock,3.05
INVT000032,PO000032,P0125,WH003,16-06-2026,199,607,714,92,177,14,1150572.24,Reorder,0.35
INVT000033,PO000033,P0076,WH002,20-05-2025,113,282,32,363,315,60,26748068.82,Normal,1.96
INVT000034,PO000034,P0298,WH004,28-12-2025,618,467,458,627,432,66,9138662.94,Normal,4.29
INVT000035,PO000035,P0069,WH002,25-10-2025,488,350,408,430,302,96,17189293,Normal,2.32
INVT000036,PO000036,P0126,WH004,18-11-2025,114,708,486,336,226,14,20115805.92,Normal,2.3
INVT000037,PO000037,P0205,WH001,17-06-2025,555,158,140,573,480,72,14121636.57,Normal,2.47
INVT000038,PO000038,P0053,WH002,17-06-2025,68,825,1087,0,53,166,0,Stockout,0
INVT000039,PO000039,P0294,WH002,29-05-2025,386,561,437,510,481,19,24366183.3,Normal,2.75
INVT000040,PO000040,P0288,WH003,25-03-2025,117,847,833,131,42,71,4625341.45,Normal,0.49
INVT000041,PO000041,P0214,WH001,06-06-2026,358,819,317,860,124,156,22571336.4,Overstock,3.71
INVT000042,PO000042,P0270,WH004,24-12-2025,819,216,56,979,429,112,70447958.9,Normal,6.7
INVT000043,PO000043,P0045,WH004,07-12-2025,1380,462,338,1504,388,79,71509905.92,Normal,10.3
INVT000044,PO000044,P0082,WH001,04-08-2025,402,441,235,608,151,103,35152638.72,Normal,2.62
INVT000045,PO000045,P0080,WH002,22-11-2025,759,738,179,1318,332,36,54178077.04,Normal,7.11
INVT000046,PO000046,P0265,WH003,11-06-2025,618,912,183,1347,167,227,37335984.36,Overstock,5.05
INVT000047,PO000047,P0150,WH003,21-04-2025,274,837,697,414,80,75,26059660.56,Overstock,1.55
INVT000048,PO000048,P0112,WH004,26-10-2025,1595,408,110,1893,439,184,44121778.98,Normal,12.96
INVT000049,PO000049,P0237,WH001,17-01-2025,437,983,913,507,290,24,13233425.01,Normal,2.19
INVT000050,PO000050,P0138,WH004,24-07-2025,81,274,157,198,183,201,11868741.72,Normal,1.36
INVT000051,PO000051,P0222,WH002,04-01-2026,1122,126,7,1241,372,47,94528955.6,Normal,6.69
INVT000052,PO000052,P0278,WH003,02-06-2025,460,412,132,740,495,236,14007408.2,Normal,2.78
INVT000053,PO000053,P0168,WH003,27-05-2025,306,743,57,992,156,80,84343639.36,Overstock,3.72
INVT000054,PO000054,P0058,WH004,06-01-2025,1277,114,116,1275,459,191,10195690.5,Normal,8.73
INVT000055,PO000055,P0106,WH001,02-03-2026,595,359,44,910,213,184,16920913.1,Normal,3.93
INVT000056,PO000056,P0167,WH002,03-03-2025,1162,172,103,1231,451,169,21710753.08,Normal,6.64
INVT000057,PO000057,P0133,WH003,26-03-2025,131,849,582,398,118,125,25909525.38,Normal,1.49
INVT000058,PO000058,P0160,WH001,29-01-2025,562,866,1293,135,173,173,5564246.4,Reorder,0.58
INVT000059,PO000059,P0100,WH001,25-01-2025,1081,988,1427,642,311,64,513908.16,Normal,2.77
INVT000060,PO000060,P0281,WH003,23-12-2025,181,685,830,36,94,20,1988582.4,Reorder,0.14
INVT000061,PO000061,P0250,WH001,20-05-2026,1376,308,216,1468,485,23,85405450.8,Normal,6.34
INVT000062,PO000062,P0256,WH002,12-05-2025,10,754,139,625,29,170,28241968.75,Overstock,3.37
INVT000063,PO000063,P0296,WH002,03-07-2026,1657,700,654,1703,422,228,72250711.65,Normal,9.18
INVT000064,PO000064,P0151,WH002,17-09-2025,132,850,334,648,390,115,4715230.32,Normal,3.49
INVT000065,PO000065,P0074,WH003,06-01-2025,113,399,298,214,87,78,11713127.36,Normal,0.8
INVT000066,PO000066,P0233,WH004,13-12-2025,172,559,97,634,59,136,24232855.78,Overstock,4.34
INVT000067,PO000067,P0129,WH003,07-06-2025,290,380,238,432,126,140,8667315.36,Normal,1.62
INVT000068,PO000068,P0044,WH002,25-03-2026,557,571,417,711,177,19,40325758.56,Normal,3.83
INVT000069,PO000069,P0241,WH003,06-10-2025,282,959,1181,60,252,138,1506047.4,Reorder,0.23
INVT000070,PO000070,P0231,WH004,02-06-2026,456,686,534,608,295,51,25039458.56,Normal,4.16
INVT000071,PO000071,P0070,WH002,19-10-2025,136,554,315,375,306,185,25865880,Normal,2.02
INVT000072,PO000072,P0078,WH002,17-06-2026,346,238,284,300,89,82,15201486,Normal,1.62
INVT000073,PO000073,P0254,WH003,03-01-2025,728,463,53,1138,193,239,82793767.5,Overstock,4.27
INVT000074,PO000074,P0211,WH001,14-02-2025,476,916,479,913,173,144,44093745.85,Overstock,3.94
INVT000075,PO000075,P0067,WH002,02-04-2025,207,757,629,335,217,184,17203616.8,Normal,1.81
INVT000076,PO000076,P0073,WH004,19-02-2026,768,345,3,1110,216,72,31936187.4,Overstock,7.6
INVT000077,PO000077,P0160,WH004,10-04-2025,329,716,819,226,173,173,9522157.44,Normal,1.55
INVT000078,PO000078,P0009,WH004,06-04-2025,1219,614,550,1283,435,127,55562162.52,Normal,8.78
INVT000079,PO000079,P0030,WH004,10-06-2026,512,619,236,895,258,168,70899241.85,Normal,6.13
INVT000080,PO000080,P0104,WH004,07-03-2025,423,561,33,951,297,48,25270561.62,Normal,6.51
INVT000081,PO000081,P0222,WH001,12-05-2026,1367,885,274,1978,372,47,155982370.1,Overstock,8.54
INVT000082,PO000082,P0181,WH002,01-02-2025,16,116,173,0,31,180,0,Stockout,0
INVT000083,PO000083,P0047,WH003,15-05-2025,105,25,0,130,224,237,11016562.7,Reorder,0.49
INVT000084,PO000084,P0225,WH003,28-11-2025,750,118,64,804,347,132,63492265.92,Normal,3.02
INVT000085,PO000085,P0065,WH002,21-07-2026,655,157,170,642,390,19,27947954.88,Normal,3.46
INVT000086,PO000086,P0219,WH004,03-03-2025,1053,450,304,1199,311,33,109264354.4,Normal,8.21
INVT000087,PO000087,P0229,WH004,06-10-2025,140,825,752,213,220,105,1400875.44,Reorder,1.46
INVT000088,PO000088,P0107,WH003,22-01-2025,235,930,1138,27,328,235,916791.21,Reorder,0.1
INVT000089,PO000089,P0222,WH001,15-04-2026,942,265,81,1126,372,47,96217217.96,Normal,4.86
INVT000090,PO000090,P0146,WH001,12-05-2025,153,424,269,308,52,166,18628757.84,Overstock,1.33
INVT000091,PO000091,P0012,WH004,28-05-2026,471,783,497,757,307,35,57804118.79,Normal,5.18
INVT000092,PO000092,P0249,WH004,20-04-2025,120,136,182,74,257,96,800688.14,Reorder,0.51
INVT000093,PO000093,P0292,WH004,09-01-2026,1291,214,16,1489,355,98,99148147.23,Normal,10.19
INVT000094,PO000094,P0176,WH004,02-09-2025,59,616,377,298,174,94,9518718.98,Normal,2.04
INVT000095,PO000095,P0094,WH003,03-12-2025,37,739,191,585,216,65,15974682.75,Normal,2.2
INVT000096,PO000096,P0152,WH003,15-03-2025,511,983,591,903,360,101,28706017.83,Normal,3.39
INVT000097,PO000097,P0151,WH003,30-04-2025,1531,183,31,1683,390,115,10905368.76,Normal,6.32
INVT000098,PO000098,P0052,WH001,31-10-2025,263,432,563,132,402,58,2350714.08,Reorder,0.57
INVT000099,PO000099,P0090,WH004,26-02-2026,202,19,10,211,76,160,18960409.36,Normal,1.44
INVT000100,PO000100,P0116,WH001,08-02-2026,12,869,740,141,51,95,9526715.76,Normal,0.61
INVT000101,PO000101,P0265,WH003,20-05-2026,221,450,105,566,167,227,17891724.12,Normal,2.12
INVT000102,PO000102,P0075,WH003,01-03-2026,287,200,221,266,105,160,5968412.24,Normal,1
INVT000103,PO000103,P0293,WH002,17-08-2025,1,574,257,318,212,211,13706143.44,Normal,1.71
INVT000104,PO000104,P0197,WH001,26-05-2025,76,22,12,86,223,17,2124229.24,Reorder,0.37
INVT000105,PO000105,P0273,WH002,15-01-2026,541,334,240,635,217,132,46096193.05,Normal,3.42
INVT000106,PO000106,P0227,WH001,04-02-2025,65,685,761,0,109,237,0,Stockout,0
INVT000107,PO000107,P0288,WH001,19-07-2026,32,628,588,72,42,71,2360550.96,Normal,0.31
INVT000108,PO000108,P0217,WH002,22-04-2025,400,981,822,559,394,47,41151338.41,Normal,3.01
INVT000109,PO000109,P0259,WH001,07-05-2025,133,163,200,96,70,12,7552781.76,Normal,0.41
INVT000110,PO000110,P0109,WH003,26-03-2025,2,644,625,21,373,189,1335617.64,Reorder,0.08
INVT000111,PO000111,P0263,WH003,27-02-2026,123,300,148,275,72,247,22237355.25,Normal,1.03
INVT000112,PO000112,P0081,WH002,23-05-2026,449,838,951,336,211,168,9163976.64,Normal,1.81
INVT000113,PO000113,P0209,WH001,18-04-2026,746,388,12,1122,236,35,89369880.6,Normal,4.84
INVT000114,PO000114,P0225,WH001,23-11-2025,1186,683,869,1000,347,132,77166310,Normal,4.32
INVT000115,PO000115,P0240,WH001,05-11-2025,1040,181,49,1172,378,29,95113507.64,Normal,5.06
INVT000116,PO000116,P0057,WH003,03-05-2026,120,126,94,152,45,53,6847005.68,Normal,0.57
INVT000117,PO000117,P0275,WH002,27-01-2026,316,201,21,496,361,144,19813533.44,Normal,2.67
INVT000118,PO000118,P0261,WH002,25-07-2025,133,924,1030,27,132,180,198995.13,Reorder,0.15
INVT000119,PO000119,P0007,WH001,19-07-2025,709,877,429,1157,194,82,71302913.37,Overstock,4.99
INVT000120,PO000120,P0121,WH003,23-07-2026,344,94,134,304,119,200,4913527.68,Normal,1.14
INVT000121,PO000121,P0043,WH003,28-02-2026,1516,621,845,1292,466,119,27389779.84,Normal,4.85
INVT000122,PO000122,P0057,WH001,17-09-2025,144,406,516,34,45,53,1511038.54,Reorder,0.15
INVT000123,PO000123,P0032,WH002,09-02-2025,127,671,775,23,237,188,387668.22,Reorder,0.12
INVT000124,PO000124,P0257,WH001,22-10-2025,663,952,763,852,336,211,55642867.56,Normal,3.68
INVT000125,PO000125,P0282,WH003,20-01-2025,194,207,261,140,246,248,5398465.8,Reorder,0.53
INVT000126,PO000126,P0136,WH001,30-11-2025,337,32,12,357,441,74,13456832.97,Reorder,1.54
INVT000127,PO000127,P0138,WH004,08-06-2026,685,23,14,694,183,201,39648157.54,Normal,4.75
INVT000128,PO000128,P0267,WH001,28-07-2026,1000,478,52,1426,309,30,14787377.58,Normal,6.15
INVT000129,PO000129,P0007,WH002,24-10-2025,760,225,79,906,194,82,58445181.18,Normal,4.89
INVT000130,PO000130,P0230,WH003,13-06-2025,88,904,248,744,346,159,42816828,Normal,2.79
INVT000131,PO000131,P0276,WH003,31-05-2025,919,507,9,1417,382,193,115919371.2,Normal,5.32
INVT000132,PO000132,P0044,WH003,22-08-2025,625,523,718,430,177,19,21071591,Normal,1.61
INVT000133,PO000133,P0027,WH001,21-10-2025,1297,758,1080,975,495,214,58388898.75,Normal,4.21
INVT000134,PO000134,P0177,WH001,23-04-2026,475,146,100,521,450,112,30044574.73,Normal,2.25
INVT000135,PO000135,P0124,WH001,17-12-2025,1100,987,1299,788,411,167,60925252.28,Normal,3.4
INVT000136,PO000136,P0165,WH002,29-05-2025,1016,329,16,1329,491,224,70453080.9,Normal,7.17
INVT000137,PO000137,P0108,WH002,18-07-2026,222,458,24,656,217,213,24136188.32,Normal,3.54
INVT000138,PO000138,P0233,WH001,05-02-2026,66,114,12,168,59,136,5805179.52,Normal,0.73
INVT000139,PO000139,P0090,WH004,26-08-2025,170,55,64,161,76,160,13919783.08,Normal,1.1
INVT000140,PO000140,P0051,WH001,09-07-2025,1197,308,354,1151,387,133,5790600.43,Normal,4.97
INVT000141,PO000141,P0080,WH003,11-05-2025,964,327,146,1145,332,36,46677757,Normal,4.3
INVT000142,PO000142,P0276,WH004,11-03-2026,108,521,316,313,382,193,26835189.59,Reorder,2.14
INVT000143,PO000143,P0174,WH004,08-08-2025,397,60,19,438,391,52,38977659.42,Normal,3
INVT000144,PO000144,P0221,WH003,20-04-2026,30,118,156,0,187,23,0,Stockout,0
INVT000145,PO000145,P0288,WH001,26-02-2026,81,420,396,105,42,71,3897166.35,Normal,0.45
INVT000146,PO000146,P0148,WH003,06-08-2025,40,113,70,83,247,48,4467134.7,Reorder,0.31
INVT000147,PO000147,P0261,WH002,14-08-2025,165,954,144,975,132,180,6972195.75,Overstock,5.26
INVT000148,PO000148,P0247,WH001,25-06-2025,793,554,735,612,303,118,17493469.2,Normal,2.64
INVT000149,PO000149,P0033,WH001,15-07-2026,1303,229,297,1235,441,103,58069440.65,Normal,5.33
INVT000150,PO000150,P0260,WH002,06-03-2025,1032,858,775,1115,341,72,31754486.4,Normal,6.01
INVT000151,PO000151,P0149,WH004,03-10-2025,430,659,860,229,487,100,10606485.37,Reorder,1.57
INVT000152,PO000152,P0055,WH002,10-01-2026,1222,920,1155,987,437,63,32325246.87,Normal,5.32
INVT000153,PO000153,P0168,WH002,09-01-2025,189,719,543,365,156,80,28765518.6,Normal,1.97
INVT000154,PO000154,P0196,WH003,04-08-2025,703,565,846,422,236,215,29873603.66,Normal,1.58
INVT000155,PO000155,P0041,WH001,03-03-2026,733,661,332,1062,372,143,38995609.86,Normal,4.58
INVT000156,PO000156,P0069,WH003,27-08-2025,788,468,202,1054,302,96,48295650.2,Normal,3.96
INVT000157,PO000157,P0105,WH003,02-01-2026,42,270,205,107,175,213,1304658.49,Reorder,0.4
INVT000158,PO000158,P0197,WH001,30-06-2025,739,619,839,519,223,17,11460775.98,Normal,2.24
INVT000159,PO000159,P0168,WH003,09-05-2026,551,953,124,1380,156,80,110099891.4,Overstock,5.18
INVT000160,PO000160,P0284,WH002,26-03-2025,513,728,1082,159,318,224,5459816.73,Reorder,0.86
INVT000161,PO000161,P0056,WH001,03-01-2025,918,375,466,827,455,211,34495733.03,Normal,3.57
INVT000162,PO000162,P0045,WH004,25-08-2025,1214,163,191,1186,388,79,58061910.88,Normal,8.12
INVT000163,PO000163,P0221,WH004,29-05-2026,383,399,72,710,187,23,34811165.1,Normal,4.86
INVT000164,PO000164,P0010,WH001,25-02-2025,577,947,889,635,380,29,5508567.85,Normal,2.74
INVT000165,PO000165,P0284,WH004,06-09-2025,1263,196,3,1456,318,224,47495171.36,Normal,9.97
INVT000166,PO000166,P0198,WH002,05-05-2025,3,289,95,197,38,223,14934676.38,Overstock,1.06
INVT000167,PO000167,P0008,WH001,26-09-2025,182,835,704,313,81,100,19603997.54,Normal,1.35
INVT000168,PO000168,P0164,WH002,16-11-2025,1396,896,472,1820,419,83,148889650,Normal,9.81
INVT000169,PO000169,P0074,WH003,13-06-2026,198,977,779,396,87,78,19960007.76,Normal,1.49
INVT000170,PO000170,P0073,WH003,28-02-2025,675,11,1,685,216,72,20007521.1,Normal,2.57
INVT000171,PO000171,P0106,WH003,16-11-2025,527,946,95,1378,213,184,23906467.26,Overstock,5.17
INVT000172,PO000172,P0190,WH002,28-06-2026,217,274,254,237,238,85,15128565.57,Reorder,1.28
INVT000173,PO000173,P0150,WH003,27-07-2026,202,962,448,716,80,75,49664316.12,Overstock,2.69
INVT000174,PO000174,P0017,WH004,28-04-2025,95,538,49,584,419,65,43645526.16,Normal,4
INVT000175,PO000175,P0261,WH001,30-07-2025,94,786,791,89,132,180,592602.94,Reorder,0.38
INVT000176,PO000176,P0223,WH001,30-09-2025,1272,196,178,1290,362,20,2724363.9,Normal,5.57
INVT000177,PO000177,P0168,WH003,05-06-2025,313,538,736,115,156,80,10030387.4,Reorder,0.43
INVT000178,PO000178,P0165,WH001,16-01-2026,568,966,904,630,491,224,34730816.4,Normal,2.72
INVT000179,PO000179,P0134,WH001,14-03-2026,136,583,81,638,245,14,10316319.64,Normal,2.75
INVT000180,PO000180,P0058,WH003,13-06-2026,1041,397,48,1390,459,191,11501012.9,Normal,5.22
INVT000181,PO000181,P0187,WH002,27-02-2026,42,851,212,681,114,24,24666616.77,Overstock,3.67
INVT000182,PO000182,P0184,WH003,29-12-2025,130,656,755,31,157,106,2469112.49,Reorder,0.12
INVT000183,PO000183,P0270,WH004,22-04-2026,88,28,9,107,429,112,8107952.82,Reorder,0.73
INVT000184,PO000184,P0066,WH001,07-07-2026,1238,933,1201,970,379,91,44389188.5,Normal,4.19
INVT000185,PO000185,P0153,WH004,23-11-2025,395,367,322,440,441,216,13781086,Reorder,3.01
INVT000186,PO000186,P0246,WH003,25-05-2026,733,345,297,781,213,207,60739525.88,Normal,2.93
INVT000187,PO000187,P0131,WH004,07-10-2025,1381,787,114,2054,393,68,49910597.88,Overstock,14.06
INVT000188,PO000188,P0049,WH002,22-08-2025,741,314,311,744,495,201,20308633.2,Normal,4.01
INVT000189,PO000189,P0005,WH002,31-12-2025,305,946,1134,117,145,104,4311859.5,Reorder,0.63
INVT000190,PO000190,P0131,WH003,27-05-2026,822,578,333,1067,393,68,28643326.91,Normal,4
INVT000191,PO000191,P0081,WH001,26-02-2026,148,156,211,93,211,168,2742033.39,Reorder,0.4
INVT000192,PO000192,P0051,WH003,06-09-2025,240,930,691,479,387,133,2369795.02,Normal,1.8
INVT000193,PO000193,P0216,WH003,12-01-2026,324,378,196,506,430,35,27064265.14,Normal,1.9
INVT000194,PO000194,P0041,WH001,27-04-2026,1407,765,123,2049,372,143,74157346.53,Overstock,8.84
INVT000195,PO000195,P0084,WH001,22-02-2026,373,573,42,904,239,88,36958891.92,Normal,3.9
INVT000196,PO000196,P0001,WH003,07-03-2025,109,388,106,391,364,114,17386597,Normal,1.47
INVT000197,PO000197,P0159,WH001,30-03-2026,1121,764,456,1429,290,206,42604720.44,Normal,6.17
INVT000198,PO000198,P0157,WH004,05-04-2026,349,794,857,286,432,85,6177648.62,Reorder,1.96
INVT000199,PO000199,P0117,WH002,20-02-2025,947,912,253,1606,490,224,80393677.98,Normal,8.66
INVT000200,PO000200,P0276,WH004,16-05-2025,43,584,171,456,382,193,34460841.12,Normal,3.12
INVT000201,PO000201,P0148,WH002,14-06-2025,550,346,369,527,247,48,25013770.42,Normal,2.84
INVT000202,PO000202,P0077,WH001,23-02-2026,498,403,604,297,173,144,9326720.7,Normal,1.28
INVT000203,PO000203,P0254,WH002,21-01-2026,45,620,712,0,193,239,0,Stockout,0
INVT000204,PO000204,P0005,WH001,19-05-2026,338,664,716,286,145,104,10558485.08,Normal,1.23
INVT000205,PO000205,P0173,WH002,30-06-2026,1002,287,200,1089,340,55,35586799.38,Normal,5.87
INVT000206,PO000206,P0045,WH001,30-07-2026,510,94,71,533,388,79,24769085.64,Normal,2.3
INVT000207,PO000207,P0186,WH003,01-08-2026,192,962,1085,69,147,34,4620825.12,Reorder,0.26
INVT000208,PO000208,P0300,WH001,04-08-2026,802,462,438,826,213,163,2286029.34,Normal,3.56
INVT000209,PO000209,P0296,WH001,02-09-2025,608,278,273,613,422,228,22528412.04,Normal,2.65
INVT000210,PO000210,P0178,WH001,20-10-2025,81,336,310,107,46,71,2416979.13,Normal,0.46
INVT000211,PO000211,P0090,WH003,03-07-2026,107,587,480,214,76,160,18103533.3,Normal,0.8
INVT000212,PO000212,P0268,WH003,09-09-2025,564,369,317,616,208,247,12330545.92,Normal,2.31
INVT000213,PO000213,P0254,WH001,20-03-2025,722,709,671,760,193,239,55696014.8,Normal,3.28
INVT000214,PO000214,P0267,WH001,01-09-2025,1046,138,164,1020,309,30,11808397.2,Normal,4.4
INVT000215,PO000215,P0111,WH004,07-01-2026,76,216,268,24,40,62,314440.8,Reorder,0.16
INVT000216,PO000216,P0071,WH003,15-05-2025,1001,602,734,869,368,103,29631883.27,Normal,3.26
INVT000217,PO000217,P0103,WH002,14-03-2026,529,850,609,770,161,185,19244278.9,Normal,4.15
INVT000218,PO000218,P0075,WH003,10-04-2026,306,444,87,663,105,160,15640508.13,Overstock,2.49
INVT000219,PO000219,P0112,WH003,25-07-2026,528,34,14,548,439,184,11179693.2,Normal,2.06
INVT000220,PO000220,P0098,WH002,26-09-2025,449,86,112,423,256,35,9094690.35,Normal,2.28
INVT000221,PO000221,P0299,WH003,14-10-2025,932,86,72,946,471,18,6753285.88,Normal,3.55
INVT000222,PO000222,P0229,WH004,23-10-2025,226,306,116,416,220,105,2727974.08,Normal,2.85
INVT000223,PO000223,P0121,WH003,27-08-2025,162,190,137,215,119,200,3460450.8,Normal,0.81
INVT000224,PO000224,P0093,WH002,08-04-2026,697,390,304,783,224,216,33886298.16,Normal,4.22
INVT000225,PO000225,P0272,WH003,29-11-2025,134,132,125,141,133,17,10589152.17,Normal,0.53
INVT000226,PO000226,P0016,WH001,01-01-2026,40,305,393,0,38,195,0,Stockout,0
INVT000227,PO000227,P0056,WH003,29-04-2026,1643,706,40,2309,455,211,94274484.26,Overstock,8.66
INVT000228,PO000228,P0048,WH004,08-07-2025,1381,598,598,1381,370,99,117940203.4,Normal,9.45
INVT000229,PO000229,P0005,WH002,31-12-2025,270,14,21,263,145,104,9089879.64,Normal,1.42
INVT000230,PO000230,P0018,WH004,01-06-2026,595,497,598,494,357,159,14399897.46,Normal,3.38
INVT000231,PO000231,P0173,WH002,29-07-2026,3,570,637,0,340,55,0,Stockout,0
INVT000232,PO000232,P0107,WH004,02-05-2026,293,556,138,711,328,235,21448637.46,Normal,4.87
INVT000233,PO000233,P0292,WH001,08-07-2025,1369,202,92,1479,355,98,88798272.6,Normal,6.38
INVT000234,PO000234,P0006,WH004,23-02-2025,486,263,18,731,205,68,53353292.32,Normal,5
INVT000235,PO000235,P0244,WH001,06-06-2026,163,808,810,161,54,42,2172883.37,Normal,0.69
INVT000236,PO000236,P0082,WH001,23-10-2025,320,689,728,281,151,103,15834605.71,Normal,1.21
INVT000237,PO000237,P0017,WH004,21-04-2025,1674,582,253,2003,419,65,158765111,Normal,13.71
INVT000238,PO000238,P0202,WH003,21-03-2026,107,690,306,491,297,174,17062264.73,Normal,1.84
INVT000239,PO000239,P0251,WH002,15-07-2026,691,830,694,827,184,38,29810405.88,Normal,4.46
INVT000240,PO000240,P0077,WH004,26-10-2025,36,912,706,242,173,144,8733387.96,Normal,1.66
INVT000241,PO000241,P0174,WH004,29-03-2025,423,998,1497,0,391,52,0,Stockout,0
INVT000242,PO000242,P0112,WH002,12-03-2026,1087,558,431,1214,439,184,26705960.48,Normal,6.55
INVT000243,PO000243,P0015,WH001,13-06-2026,322,748,34,1036,340,128,75296676.84,Normal,4.47
INVT000244,PO000244,P0226,WH004,17-11-2025,285,435,105,615,229,114,6504203.1,Normal,4.21
INVT000245,PO000245,P0029,WH003,24-11-2025,181,841,449,573,236,45,36404036.55,Normal,2.15
INVT000246,PO000246,P0287,WH003,17-05-2026,806,749,480,1075,254,99,87429868.25,Normal,4.03
INVT000247,PO000247,P0095,WH001,24-02-2026,812,477,584,705,393,151,16583665.65,Normal,3.04
INVT000248,PO000248,P0041,WH002,09-06-2026,1261,15,0,1276,372,143,47430502.24,Normal,6.88
INVT000249,PO000249,P0145,WH001,31-03-2026,100,154,188,66,30,79,4454007.36,Normal,0.28
INVT000250,PO000250,P0134,WH002,05-08-2025,962,456,274,1144,245,14,17246703.76,Normal,6.17
INVT000251,PO000251,P0157,WH003,02-12-2025,501,847,951,397,432,85,8655961.71,Reorder,1.49
INVT000252,PO000252,P0191,WH003,20-03-2026,1485,790,477,1798,429,204,128751687.4,Normal,6.75
INVT000253,PO000253,P0053,WH003,22-07-2025,188,104,63,229,53,166,8362523.53,Normal,0.86
INVT000254,PO000254,P0157,WH001,06-05-2025,1049,20,11,1058,432,85,20363728.04,Normal,4.57
INVT000255,PO000255,P0238,WH001,18-11-2025,673,802,1025,450,179,171,22583056.5,Normal,1.94
INVT000256,PO000256,P0273,WH004,11-04-2025,203,448,20,631,217,132,40401049.62,Normal,4.32
INVT000257,PO000257,P0297,WH003,07-02-2026,713,690,18,1385,364,12,37248730.15,Normal,5.2
INVT000258,PO000258,P0205,WH001,14-02-2025,1817,277,172,1922,480,72,53744636.14,Normal,8.29
INVT000259,PO000259,P0155,WH002,25-03-2025,1348,297,117,1528,338,157,72632991.04,Normal,8.24
INVT000260,PO000260,P0146,WH002,26-01-2025,125,144,8,261,52,166,16124428.62,Overstock,1.41
INVT000261,PO000261,P0282,WH002,30-06-2025,800,973,1004,769,246,248,30040908.1,Normal,4.15
INVT000262,PO000262,P0242,WH001,29-11-2025,182,173,119,236,228,88,2622401.32,Normal,1.02
INVT000263,PO000263,P0097,WH001,02-04-2025,205,794,635,364,197,84,26413485.28,Normal,1.57
INVT000264,PO000264,P0229,WH002,11-12-2025,413,579,636,356,220,105,2333636.96,Normal,1.92
INVT000265,PO000265,P0043,WH002,17-11-2025,1533,820,988,1365,466,119,27218823.45,Normal,7.36
INVT000266,PO000266,P0190,WH003,18-08-2025,698,20,6,712,238,85,47308006.96,Normal,2.67
INVT000267,PO000267,P0267,WH004,11-08-2025,1095,760,1084,771,309,30,8128945.98,Normal,5.28
INVT000268,PO000268,P0079,WH004,16-05-2025,106,17,20,103,63,108,4924690.59,Normal,0.71
INVT000269,PO000269,P0153,WH003,11-07-2025,21,808,1161,0,441,216,0,Stockout,0
INVT000270,PO000270,P0155,WH001,28-07-2025,337,389,320,406,338,157,19563576.9,Normal,1.75
INVT000271,PO000271,P0258,WH004,08-07-2025,829,460,333,956,331,246,25796206.88,Normal,6.54
INVT000272,PO000272,P0038,WH004,12-02-2025,439,609,376,672,339,40,20666667.84,Normal,4.6
INVT000273,PO000273,P0252,WH003,14-11-2025,108,908,367,649,413,213,745259.68,Normal,2.44
INVT000274,PO000274,P0017,WH001,14-03-2025,311,474,350,435,419,65,32085173.7,Normal,1.88
INVT000275,PO000275,P0290,WH001,24-02-2025,178,946,587,537,95,201,39652472.01,Overstock,2.32
INVT000276,PO000276,P0235,WH004,11-02-2026,5,472,237,240,300,200,11383912.8,Reorder,1.64
INVT000277,PO000277,P0026,WH002,20-07-2025,515,207,1,721,171,23,61645182.76,Normal,3.89
INVT000278,PO000278,P0091,WH001,28-12-2025,597,238,132,703,382,83,21816255.24,Normal,3.03
INVT000279,PO000279,P0061,WH004,03-03-2025,681,44,49,676,232,52,25217206.56,Normal,4.63
INVT000280,PO000280,P0197,WH003,12-07-2026,717,267,103,881,223,17,21145444.84,Normal,3.31
INVT000281,PO000281,P0297,WH002,31-08-2025,628,905,480,1053,364,12,28210196.43,Normal,5.68
INVT000282,PO000282,P0184,WH001,06-01-2026,167,601,619,149,157,106,10042965.05,Reorder,0.64
INVT000283,PO000283,P0030,WH002,28-10-2025,955,438,482,911,258,168,74892544.76,Normal,4.91
INVT000284,PO000284,P0148,WH003,31-05-2026,917,583,589,911,247,48,43017174.03,Normal,3.42
INVT000285,PO000285,P0255,WH003,14-11-2025,48,508,448,108,163,172,4993256.88,Reorder,0.41
INVT000286,PO000286,P0014,WH003,11-07-2026,82,622,44,660,31,150,15569268,Overstock,2.48
INVT000287,PO000287,P0277,WH003,10-01-2025,18,188,74,132,33,25,9682999.92,Normal,0.5
INVT000288,PO000288,P0157,WH002,15-04-2026,294,112,149,257,432,85,5281393.69,Reorder,1.39
INVT000289,PO000289,P0267,WH002,14-02-2025,772,780,217,1335,309,30,16449189.15,Normal,7.2
INVT000290,PO000290,P0095,WH002,11-01-2025,184,455,669,0,393,151,0,Stockout,0
INVT000291,PO000291,P0008,WH003,03-02-2026,296,698,275,719,81,100,43200805.83,Overstock,2.7
INVT000292,PO000292,P0148,WH001,21-03-2026,26,35,42,19,247,48,955964.67,Reorder,0.08
INVT000293,PO000293,P0011,WH001,01-05-2025,207,951,186,972,348,26,61560249.48,Normal,4.19
INVT000294,PO000294,P0243,WH002,24-03-2026,854,269,238,885,377,159,731187,Normal,4.77
INVT000295,PO000295,P0134,WH002,15-08-2025,836,43,11,868,245,14,14337103.2,Normal,4.68
INVT000296,PO000296,P0246,WH001,22-04-2026,235,800,125,910,213,207,66255216.3,Normal,3.93
INVT000297,PO000297,P0179,WH003,23-12-2025,162,517,189,490,128,245,3857461.3,Normal,1.84
INVT000298,PO000298,P0122,WH003,30-05-2026,305,617,891,31,208,225,1480644.01,Reorder,0.12
INVT000299,PO000299,P0018,WH003,29-11-2025,651,513,325,839,357,159,25368415.11,Normal,3.15
INVT000300,PO000300,P0262,WH001,05-05-2026,448,52,74,426,159,57,27458298.6,Normal,1.84
INVT000301,PO000301,P0151,WH004,19-12-2025,601,508,558,551,390,115,3595412.75,Normal,3.77
INVT000302,PO000302,P0103,WH003,09-09-2025,442,437,499,380,161,185,8221972.6,Normal,1.43
INVT000303,PO000303,P0293,WH002,03-08-2026,801,357,337,821,212,211,36158202.86,Normal,4.43
INVT000304,PO000304,P0104,WH001,19-03-2025,594,324,168,750,297,48,17593957.5,Normal,3.24
INVT000305,PO000305,P0160,WH002,23-07-2026,574,620,121,1073,173,173,52738314.82,Overstock,5.79
INVT000306,PO000306,P0046,WH002,08-07-2026,1748,606,820,1534,486,202,71505876,Normal,8.27
INVT000307,PO000307,P0058,WH001,13-10-2025,1483,91,86,1488,459,191,12699618.72,Normal,6.42
INVT000308,PO000308,P0242,WH002,22-07-2025,772,56,10,818,228,88,10195821.94,Normal,4.41
INVT000309,PO000309,P0103,WH003,14-02-2025,75,691,751,15,161,185,334597.65,Reorder,0.06
INVT000310,PO000310,P0264,WH002,18-01-2025,412,525,444,493,126,166,7337111.94,Normal,2.66
INVT000311,PO000311,P0188,WH003,24-09-2025,590,321,458,453,324,165,931852.71,Normal,1.7
INVT000312,PO000312,P0025,WH003,03-09-2025,1554,799,136,2217,417,19,28706469.78,Overstock,8.32
INVT000313,PO000313,P0041,WH004,16-05-2026,1063,764,51,1776,372,143,58700920.32,Normal,12.16
INVT000314,PO000314,P0248,WH003,09-05-2025,1416,852,38,2230,444,184,194266427.7,Overstock,8.37
INVT000315,PO000315,P0108,WH004,01-04-2025,168,467,371,264,217,213,9731729.04,Normal,1.81
INVT000316,PO000316,P0180,WH004,07-04-2025,825,298,189,934,306,39,32841971.14,Normal,6.39
INVT000317,PO000317,P0180,WH001,15-11-2025,238,609,129,718,306,39,23237150.96,Normal,3.1
INVT000318,PO000318,P0093,WH004,14-01-2026,444,303,82,665,224,216,26381527.55,Normal,4.55
INVT000319,PO000319,P0095,WH002,13-01-2025,1543,614,721,1436,393,151,35741566.12,Normal,7.74
INVT000320,PO000320,P0044,WH002,25-03-2026,541,505,176,870,177,19,51194323.5,Normal,4.69
INVT000321,PO000321,P0107,WH004,18-07-2025,607,297,220,684,328,235,22335000.84,Normal,4.68
INVT000322,PO000322,P0153,WH003,24-07-2025,222,631,341,512,441,216,15922918.4,Normal,1.92
INVT000323,PO000323,P0163,WH001,30-05-2025,651,663,675,639,201,83,31011155.64,Normal,2.76
INVT000324,PO000324,P0196,WH003,18-03-2026,728,432,298,862,236,215,54346755.36,Normal,3.23
INVT000325,PO000325,P0190,WH003,27-06-2025,362,785,81,1066,238,85,66489628.66,Normal,4
INVT000326,PO000326,P0138,WH003,05-04-2026,255,414,122,547,183,201,31466514.14,Normal,2.05
INVT000327,PO000327,P0094,WH003,15-06-2026,740,686,159,1267,216,65,34594079.31,Overstock,4.75
INVT000328,PO000328,P0160,WH003,04-01-2026,349,481,552,278,173,173,12103249.86,Normal,1.04
INVT000329,PO000329,P0261,WH001,06-04-2026,21,614,194,441,132,180,2875430.25,Normal,1.9
INVT000330,PO000330,P0226,WH002,30-04-2025,559,321,151,729,229,114,7175649.06,Normal,3.93
INVT000331,PO000331,P0091,WH002,22-10-2025,788,287,305,770,382,83,24152066.4,Normal,4.15
INVT000332,PO000332,P0194,WH002,25-03-2025,20,984,750,254,145,42,19487680.1,Normal,1.37
INVT000333,PO000333,P0208,WH003,10-01-2026,258,557,734,81,159,116,2448817.92,Reorder,0.3
INVT000334,PO000334,P0054,WH003,29-06-2026,97,313,332,78,114,156,3767222.16,Reorder,0.29
INVT000335,PO000335,P0026,WH004,22-07-2026,511,270,87,694,171,23,57196849.74,Normal,4.75
INVT000336,PO000336,P0191,WH003,17-08-2025,1499,717,940,1276,429,204,90099903.96,Normal,4.79
INVT000337,PO000337,P0218,WH001,13-04-2025,52,924,345,631,52,176,27616453.27,Overstock,2.72
INVT000338,PO000338,P0133,WH001,16-04-2026,136,842,208,770,118,125,49818214.6,Overstock,3.32
INVT000339,PO000339,P0017,WH001,02-11-2025,265,76,10,331,419,65,25738821.49,Reorder,1.43
INVT000340,PO000340,P0150,WH002,20-07-2026,302,367,376,293,80,75,21064332.56,Normal,1.58
INVT000341,PO000341,P0049,WH004,29-08-2025,579,796,894,481,495,201,14495526.63,Reorder,3.29
INVT000342,PO000342,P0158,WH002,07-04-2026,480,20,23,477,298,222,17124218.91,Normal,2.57
INVT000343,PO000343,P0092,WH003,18-03-2025,341,604,620,325,369,36,5761434.25,Reorder,1.22
INVT000344,PO000344,P0111,WH001,18-07-2025,50,257,161,146,40,62,1870067.28,Normal,0.63
INVT000345,PO000345,P0051,WH002,22-03-2026,928,12,17,923,387,133,5191994.99,Normal,4.98
INVT000346,PO000346,P0070,WH002,12-06-2026,986,882,1294,574,306,185,40742640.54,Normal,3.1
INVT000347,PO000347,P0011,WH003,15-05-2025,1023,210,100,1133,348,26,67289187.24,Normal,4.25
INVT000348,PO000348,P0268,WH002,10-02-2025,469,344,4,809,208,247,18963299.78,Normal,4.36
INVT000349,PO000349,P0033,WH003,21-08-2025,548,459,581,426,441,103,19908117.42,Reorder,1.6
INVT000350,PO000350,P0114,WH003,11-05-2025,199,703,152,750,70,236,58241760,Overstock,2.81
INVT000351,PO000351,P0110,WH003,11-04-2025,659,740,577,822,228,116,15501506.16,Normal,3.08
INVT000352,PO000352,P0094,WH003,11-01-2025,529,753,276,1006,216,65,24580131.18,Normal,3.78
INVT000353,PO000353,P0210,WH004,27-08-2025,4,547,218,333,136,236,22809008.16,Normal,2.28
INVT000354,PO000354,P0057,WH003,27-08-2025,13,942,206,749,45,53,29482340.23,Overstock,2.81
INVT000355,PO000355,P0237,WH001,13-12-2025,164,212,278,98,290,24,2471438.48,Reorder,0.42
INVT000356,PO000356,P0101,WH001,24-08-2025,105,892,1101,0,36,204,0,Stockout,0
INVT000357,PO000357,P0133,WH003,07-07-2026,380,994,1432,0,118,125,0,Stockout,0
INVT000358,PO000358,P0203,WH004,15-08-2025,27,993,146,874,63,71,19288716.78,Overstock,5.98
INVT000359,PO000359,P0075,WH004,31-12-2025,383,775,939,219,105,160,4896982.35,Normal,1.5
INVT000360,PO000360,P0153,WH003,02-03-2025,1602,340,178,1764,441,216,51301653.48,Normal,6.62
INVT000361,PO000361,P0180,WH001,26-09-2025,133,267,281,119,306,39,4020999.29,Reorder,0.51
INVT000362,PO000362,P0100,WH003,16-12-2025,1130,458,504,1084,311,64,880067.08,Normal,4.07
INVT000363,PO000363,P0027,WH002,13-09-2025,1199,19,10,1208,495,214,73534958.48,Normal,6.51
INVT000364,PO000364,P0267,WH002,26-03-2026,89,566,83,572,309,30,7054161.4,Normal,3.08
INVT000365,PO000365,P0298,WH003,31-05-2025,718,320,135,903,432,66,12219964.89,Normal,3.39
INVT000366,PO000366,P0273,WH003,08-04-2026,577,901,198,1280,217,132,82189683.2,Overstock,4.8
INVT000367,PO000367,P0247,WH001,08-02-2025,203,488,90,601,303,118,19058821.85,Normal,2.59
INVT000368,PO000368,P0189,WH001,03-01-2026,1,877,617,261,72,109,12863110.95,Normal,1.13
INVT000369,PO000369,P0255,WH001,18-11-2025,56,92,69,79,163,172,3504904.52,Reorder,0.34
INVT000370,PO000370,P0105,WH004,18-09-2025,81,694,231,544,175,213,6661171.2,Normal,3.72
INVT000371,PO000371,P0266,WH001,29-05-2026,322,453,378,397,470,103,27767676.69,Reorder,1.71
INVT000372,PO000372,P0211,WH003,27-02-2026,570,974,79,1465,173,144,66987623.1,Overstock,5.5
INVT000373,PO000373,P0213,WH001,23-10-2025,173,914,1314,0,76,205,0,Stockout,0
INVT000374,PO000374,P0176,WH003,22-01-2026,320,482,701,101,174,94,3364011.04,Reorder,0.38
INVT000375,PO000375,P0125,WH003,30-04-2025,155,791,662,284,177,14,3421419,Normal,1.07
INVT000376,PO000376,P0283,WH002,18-11-2025,699,985,190,1494,321,33,79181417.34,Normal,8.06
INVT000377,PO000377,P0251,WH001,02-06-2025,306,418,474,250,184,38,8805192.5,Normal,1.08
INVT000378,PO000378,P0023,WH002,24-04-2025,1044,1000,1440,604,301,65,10943211.6,Normal,3.26
INVT000379,PO000379,P0015,WH002,08-05-2025,11,13,12,12,340,128,892960.08,Reorder,0.06
INVT000380,PO000380,P0202,WH001,21-09-2025,245,387,278,354,297,174,10886696.52,Normal,1.53
INVT000381,PO000381,P0087,WH001,25-10-2025,406,251,306,351,237,242,30146568.66,Normal,1.51
INVT000382,PO000382,P0157,WH002,21-07-2026,1576,558,495,1639,432,85,31719271.98,Normal,8.84
INVT000383,PO000383,P0162,WH003,07-06-2025,398,520,101,817,216,189,48374529.15,Normal,3.07
INVT000384,PO000384,P0269,WH004,18-02-2026,256,475,181,550,252,243,44530436.5,Normal,3.77
INVT000385,PO000385,P0241,WH002,16-03-2025,9,850,794,65,252,138,1701807.9,Reorder,0.35
INVT000386,PO000386,P0004,WH001,27-12-2025,143,775,791,127,310,85,8724234.52,Reorder,0.55
INVT000387,PO000387,P0069,WH001,19-07-2025,341,726,917,150,302,96,6252612,Reorder,0.65
INVT000388,PO000388,P0159,WH002,17-01-2026,1023,669,784,908,290,206,29269425.4,Normal,4.9
INVT000389,PO000389,P0063,WH004,24-01-2026,472,905,808,569,443,35,19133216.76,Normal,3.9
INVT000390,PO000390,P0088,WH004,13-05-2026,735,146,70,811,384,57,17379997.63,Normal,5.55
INVT000391,PO000391,P0276,WH002,12-02-2025,72,218,132,158,382,193,12981458.54,Reorder,0.85
INVT000392,PO000392,P0174,WH002,30-05-2026,262,268,369,161,391,52,13631234.05,Reorder,0.87
INVT000393,PO000393,P0235,WH004,30-03-2025,423,44,24,443,300,200,23392477.67,Normal,3.03
INVT000394,PO000394,P0112,WH002,22-12-2025,48,570,3,615,439,184,13717390.5,Normal,3.32
INVT000395,PO000395,P0112,WH002,09-07-2026,915,148,98,965,439,184,21998912,Normal,5.2
INVT000396,PO000396,P0141,WH003,30-03-2026,748,770,372,1146,230,103,26919872.34,Normal,4.3
INVT000397,PO000397,P0161,WH003,26-04-2025,52,753,918,0,40,242,0,Stockout,0
INVT000398,PO000398,P0281,WH004,23-01-2025,128,222,301,49,94,20,2945417.93,Reorder,0.34
INVT000399,PO000399,P0018,WH004,23-07-2026,444,855,59,1240,357,159,36154295.6,Normal,8.49
INVT000400,PO000400,P0148,WH002,27-12-2025,565,783,870,478,247,48,23385160.54,Normal,2.58
INVT000401,PO000401,P0040,WH003,06-09-2025,498,285,258,525,191,99,23218608,Normal,1.97
INVT000402,PO000402,P0198,WH001,19-10-2025,126,875,232,769,38,223,54867996.2,Overstock,3.32
INVT000403,PO000403,P0191,WH002,29-11-2025,726,908,762,872,429,204,61953184.56,Normal,4.7
INVT000404,PO000404,P0164,WH001,21-11-2025,1071,432,565,938,419,83,69244867.16,Normal,4.05
INVT000405,PO000405,P0060,WH001,31-07-2026,729,879,174,1434,311,48,7981213.8,Normal,6.19
INVT000406,PO000406,P0061,WH003,18-04-2026,926,797,487,1236,232,52,48827314.8,Overstock,4.64
INVT000407,PO000407,P0150,WH004,13-01-2026,83,976,1454,0,80,75,0,Stockout,0
INVT000408,PO000408,P0253,WH004,11-10-2025,787,723,557,953,310,246,64795813.73,Normal,6.52
INVT000409,PO000409,P0127,WH003,11-09-2025,447,536,528,455,369,148,35415207.1,Normal,1.71
INVT000410,PO000410,P0289,WH001,24-05-2026,67,864,937,0,22,220,0,Stockout,0
INVT000411,PO000411,P0243,WH002,31-08-2025,93,922,1222,0,377,159,0,Stockout,0
INVT000412,PO000412,P0192,WH003,20-02-2025,334,216,190,360,215,162,17936805.6,Normal,1.35
INVT000413,PO000413,P0006,WH004,05-02-2026,142,483,699,0,205,68,0,Stockout,0
INVT000414,PO000414,P0234,WH002,08-11-2025,159,144,118,185,150,113,3981710.6,Normal,1
INVT000415,PO000415,P0092,WH004,02-06-2025,78,901,1147,0,369,36,0,Stockout,0
INVT000416,PO000416,P0156,WH001,15-07-2025,334,444,521,257,140,169,17504527,Normal,1.11
INVT000417,PO000417,P0011,WH003,08-06-2026,175,920,943,152,348,26,8125281.6,Reorder,0.57
INVT000418,PO000418,P0012,WH002,26-01-2026,889,885,974,800,307,35,62154016,Normal,4.31
INVT000419,PO000419,P0053,WH004,09-12-2025,206,475,278,403,53,166,14897962.95,Overstock,2.76
INVT000420,PO000420,P0082,WH002,27-01-2025,550,765,731,584,151,103,33401354.4,Normal,3.15
INVT000421,PO000421,P0202,WH003,09-04-2025,350,940,864,426,297,174,13427460.36,Normal,1.6
INVT000422,PO000422,P0255,WH003,27-04-2026,551,846,447,950,163,172,42929911,Overstock,3.56
INVT000423,PO000423,P0070,WH004,28-03-2025,1155,400,265,1290,306,185,92712648.3,Normal,8.83
INVT000424,PO000424,P0262,WH001,23-03-2026,15,392,480,0,159,57,0,Stockout,0
INVT000425,PO000425,P0295,WH003,07-02-2025,422,570,702,290,261,18,17273928.3,Normal,1.09
INVT000426,PO000426,P0232,WH004,22-04-2025,339,765,288,816,293,69,31704880.32,Normal,5.59
INVT000427,PO000427,P0069,WH001,18-10-2025,519,745,161,1103,302,96,44990090.52,Normal,4.76
INVT000428,PO000428,P0134,WH003,27-12-2025,691,469,599,561,245,14,7737749.58,Normal,2.11
INVT000429,PO000429,P0266,WH003,17-05-2025,361,204,192,373,470,103,28137568.32,Reorder,1.4
INVT000430,PO000430,P0037,WH004,27-06-2025,748,925,1081,592,344,50,19266758.4,Normal,4.05
INVT000431,PO000431,P0116,WH002,21-12-2025,23,845,1156,0,51,95,0,Stockout,0
INVT000432,PO000432,P0185,WH004,03-10-2025,244,36,28,252,166,111,12968245.08,Normal,1.73
INVT000433,PO000433,P0174,WH004,01-05-2025,1346,375,460,1261,391,52,94780467.34,Normal,8.63
INVT000434,PO000434,P0081,WH002,28-01-2025,265,586,646,205,211,168,5717185.55,Reorder,1.11
INVT000435,PO000435,P0199,WH003,24-04-2025,691,402,448,645,325,187,41195317.95,Normal,2.42
INVT000436,PO000436,P0287,WH003,19-05-2025,1014,233,288,959,254,99,73976991.48,Normal,3.6
INVT000437,PO000437,P0001,WH002,18-05-2025,848,97,41,904,364,114,42994203.84,Normal,4.87
INVT000438,PO000438,P0166,WH002,22-07-2025,435,624,573,486,209,166,8925598.98,Normal,2.62
INVT000439,PO000439,P0231,WH001,18-06-2025,819,549,137,1231,295,51,49681744.35,Normal,5.31
INVT000440,PO000440,P0040,WH004,16-11-2025,167,331,188,310,191,99,13278034.7,Normal,2.12
INVT000441,PO000441,P0258,WH001,03-06-2026,1149,398,247,1300,331,246,36746905,Normal,5.61
INVT000442,PO000442,P0141,WH001,04-07-2026,672,879,1048,503,230,103,11728717.59,Normal,2.17
INVT000443,PO000443,P0201,WH003,11-05-2026,42,313,342,13,47,245,1073266.48,Reorder,0.05
INVT000444,PO000444,P0115,WH003,24-12-2025,405,720,1073,52,150,154,1647195.16,Reorder,0.2
INVT000445,PO000445,P0268,WH003,05-12-2025,327,709,147,889,208,247,18469455.06,Normal,3.34
INVT000446,PO000446,P0290,WH003,14-07-2026,62,629,875,0,95,201,0,Stockout,0
INVT000447,PO000447,P0283,WH002,24-03-2025,839,991,608,1222,321,33,64099020.18,Normal,6.59
INVT000448,PO000448,P0262,WH004,20-02-2026,408,97,142,363,159,57,27500585.97,Normal,2.48
INVT000449,PO000449,P0023,WH004,25-06-2025,325,773,1121,0,301,65,0,Stockout,0
INVT000450,PO000450,P0003,WH003,20-11-2025,692,522,125,1089,234,143,93240397.8,Normal,4.09
INVT000451,PO000451,P0030,WH003,21-02-2025,19,543,66,496,258,168,41102572.64,Normal,1.86
INVT000452,PO000452,P0094,WH001,13-01-2025,178,20,8,190,216,65,4608980.1,Reorder,0.82
INVT000453,PO000453,P0173,WH001,12-09-2025,765,920,596,1089,340,55,34689245.58,Normal,4.7
INVT000454,PO000454,P0214,WH004,16-02-2026,401,737,421,717,124,156,16199647.05,Overstock,4.91
INVT000455,PO000455,P0112,WH001,06-01-2026,127,27,25,129,439,184,2648964.69,Reorder,0.56
INVT000456,PO000456,P0193,WH003,18-10-2025,1520,173,257,1436,470,163,41843560.92,Normal,5.39
INVT000457,PO000457,P0216,WH001,10-01-2026,1000,463,618,845,430,35,44212259,Normal,3.65
INVT000458,PO000458,P0082,WH001,30-01-2026,279,719,583,415,151,103,22025116.55,Normal,1.79
INVT000459,PO000459,P0184,WH004,20-07-2025,620,148,189,579,157,106,42307900.56,Normal,3.96
INVT000460,PO000460,P0197,WH002,03-12-2025,410,956,784,582,223,17,12900321,Normal,3.14
INVT000461,PO000461,P0100,WH002,29-04-2026,1202,365,283,1284,311,64,953780.88,Normal,6.92
INVT000462,PO000462,P0167,WH001,26-06-2025,1366,214,276,1304,451,169,21787153.76,Normal,5.63
INVT000463,PO000463,P0177,WH003,31-01-2026,595,829,1016,408,450,112,25852136.64,Reorder,1.53
INVT000464,PO000464,P0278,WH004,23-05-2026,819,129,168,780,495,236,16067937.6,Normal,5.34
INVT000465,PO000465,P0198,WH003,15-03-2025,104,191,252,43,38,223,3178201.38,Normal,0.16
INVT000466,PO000466,P0135,WH001,05-09-2025,59,846,611,294,182,127,21258066.9,Normal,1.27
INVT000467,PO000467,P0061,WH001,01-06-2025,339,810,1017,132,232,52,5593353.48,Reorder,0.57
INVT000468,PO000468,P0193,WH004,21-03-2025,1701,937,1055,1583,470,163,42087490.11,Normal,10.84
INVT000469,PO000469,P0008,WH002,05-07-2025,239,893,455,677,81,100,41971400.32,Overstock,3.65
INVT000470,PO000470,P0126,WH004,24-03-2026,468,516,90,894,226,14,50343705.78,Normal,6.12
INVT000471,PO000471,P0029,WH002,20-12-2025,873,345,247,971,236,45,60263037.06,Normal,5.24
INVT000472,PO000472,P0020,WH002,08-06-2026,66,797,156,707,28,180,50894413.08,Overstock,3.81
INVT000473,PO000473,P0244,WH003,08-07-2025,121,687,136,672,54,42,10242805.44,Overstock,2.52
INVT000474,PO000474,P0294,WH002,10-10-2025,570,73,69,574,481,19,27441223.74,Normal,3.1
INVT000475,PO000475,P0141,WH001,26-07-2025,106,949,877,178,230,103,4275221.8,Reorder,0.77
INVT000476,PO000476,P0086,WH001,29-03-2026,1262,71,34,1299,442,229,60280198.92,Normal,5.61
INVT000477,PO000477,P0249,WH004,13-05-2026,965,181,154,992,257,96,12666828.16,Normal,6.79
INVT000478,PO000478,P0046,WH003,18-01-2025,1253,697,94,1856,486,202,85607870.08,Normal,6.96
INVT000479,PO000479,P0263,WH003,25-01-2025,181,699,515,365,72,247,26672484.5,Overstock,1.37
INVT000480,PO000480,P0011,WH001,19-03-2026,327,595,156,766,348,26,40987602.92,Normal,3.31
INVT000481,PO000481,P0139,WH004,09-12-2025,97,894,11,980,42,232,62126022,Overstock,6.71
INVT000482,PO000482,P0087,WH003,07-05-2025,414,202,21,595,237,242,45051043.8,Normal,2.23
INVT000483,PO000483,P0186,WH004,25-08-2025,586,302,391,497,147,34,29634539.48,Normal,3.4
INVT000484,PO000484,P0202,WH001,18-03-2025,69,719,833,0,297,174,0,Stockout,0
INVT000485,PO000485,P0286,WH002,07-07-2025,363,574,585,352,421,85,17890871.68,Reorder,1.9
INVT000486,PO000486,P0083,WH001,09-09-2025,78,825,347,556,435,180,30454321.76,Normal,2.4
INVT000487,PO000487,P0263,WH004,17-01-2025,158,423,336,245,72,247,19471259.85,Normal,1.68
INVT000488,PO000488,P0037,WH003,13-03-2025,1239,802,189,1852,344,50,61101609.96,Overstock,6.95
INVT000489,PO000489,P0210,WH002,18-12-2025,11,908,341,578,136,236,39713749.98,Normal,3.12
INVT000490,PO000490,P0121,WH002,25-07-2026,62,374,320,116,119,200,1739933.88,Reorder,0.63
INVT000491,PO000491,P0283,WH003,15-02-2026,920,402,187,1135,321,33,61688623.35,Normal,4.26
INVT000492,PO000492,P0022,WH003,23-01-2025,323,129,120,332,356,116,21843641.2,Reorder,1.25
INVT000493,PO000493,P0046,WH003,16-06-2025,1377,377,109,1645,486,202,64711914.75,Normal,6.17
INVT000494,PO000494,P0170,WH003,30-05-2025,668,106,9,765,210,177,45943780.95,Normal,2.87
INVT000495,PO000495,P0057,WH001,15-01-2025,149,402,343,208,45,53,7700557.28,Normal,0.9
INVT000496,PO000496,P0180,WH001,28-03-2025,403,923,1351,0,306,39,0,Stockout,0
INVT000497,PO000497,P0002,WH002,12-01-2025,792,293,379,706,301,86,60290507.92,Normal,3.81
INVT000498,PO000498,P0152,WH002,22-01-2026,230,106,93,243,360,101,7662788.73,Reorder,1.31
INVT000499,PO000499,P0106,WH002,05-07-2025,730,973,1135,568,213,184,8908182.56,Normal,3.06
INVT000500,PO000500,P0139,WH001,03-08-2026,60,693,928,0,42,232,0,Stockout,0
INVT000501,PO000501,P0081,WH002,27-05-2025,223,405,590,38,211,168,1088451.48,Reorder,0.2
INVT000502,PO000502,P0284,WH001,12-07-2025,733,133,12,854,318,224,32021353.42,Normal,3.69
INVT000503,PO000503,P0284,WH002,20-02-2026,821,613,484,950,318,224,36820204.5,Normal,5.12
INVT000504,PO000504,P0190,WH003,21-05-2025,127,434,550,11,238,85,700211.27,Reorder,0.04
INVT000505,PO000505,P0180,WH001,17-11-2025,1060,564,185,1439,306,39,49652738.17,Normal,6.21
INVT000506,PO000506,P0270,WH001,14-05-2026,1403,506,99,1810,429,112,133203239.5,Normal,7.81
INVT000507,PO000507,P0244,WH002,31-07-2026,77,861,1114,0,54,42,0,Stockout,0
INVT000508,PO000508,P0203,WH001,24-02-2025,87,706,210,583,63,71,12242207.12,Overstock,2.52
INVT000509,PO000509,P0288,WH004,27-01-2026,74,393,271,196,42,71,6251398.44,Normal,1.34
INVT000510,PO000510,P0287,WH001,03-08-2026,96,242,92,246,254,99,17119912.44,Reorder,1.06
INVT000511,PO000511,P0246,WH003,25-06-2026,456,930,759,627,213,207,41816247.66,Normal,2.35
INVT000512,PO000512,P0196,WH004,13-08-2025,248,885,822,311,236,215,20484167.39,Normal,2.13
INVT000513,PO000513,P0090,WH004,09-01-2026,198,768,505,461,76,160,34563101.59,Overstock,3.16
INVT000514,PO000514,P0294,WH001,12-01-2026,1379,933,749,1563,481,19,72993240.99,Normal,6.75
INVT000515,PO000515,P0192,WH003,13-01-2025,581,46,35,592,215,162,25310143.04,Normal,2.22
INVT000516,PO000516,P0095,WH003,18-02-2025,73,648,105,616,393,151,15249868.48,Normal,2.31
INVT000517,PO000517,P0154,WH004,22-11-2025,1605,536,241,1900,404,23,60184742,Normal,13.01
INVT000518,PO000518,P0050,WH004,17-11-2025,624,846,425,1045,162,116,46346544.2,Overstock,7.15
INVT000519,PO000519,P0144,WH003,04-08-2025,984,213,151,1046,391,246,43541277.16,Normal,3.93
INVT000520,PO000520,P0284,WH001,19-04-2026,664,480,172,972,318,224,36328354.2,Normal,4.19
INVT000521,PO000521,P0012,WH002,04-08-2025,411,438,625,224,307,35,20504314.88,Reorder,1.21
INVT000522,PO000522,P0055,WH001,25-11-2025,3,384,353,34,437,63,1006111.34,Reorder,0.15
INVT000523,PO000523,P0129,WH004,14-02-2025,239,113,38,314,126,140,5431700.74,Normal,2.15
INVT000524,PO000524,P0157,WH001,10-11-2025,518,748,577,689,432,85,15168403.9,Normal,2.97
INVT000525,PO000525,P0035,WH001,04-02-2025,353,513,298,568,489,155,30632648.96,Normal,2.45
INVT000526,PO000526,P0185,WH001,21-03-2026,298,113,51,360,166,111,20013343.2,Normal,1.55
INVT000527,PO000527,P0014,WH002,27-02-2026,34,736,793,0,31,150,0,Stockout,0
INVT000528,PO000528,P0198,WH001,28-11-2025,20,31,32,19,38,223,1445331.9,Reorder,0.08
INVT000529,PO000529,P0106,WH003,19-05-2026,158,69,76,151,213,184,2602765.86,Reorder,0.57
INVT000530,PO000530,P0030,WH002,27-05-2026,498,557,829,226,258,168,19673831.1,Reorder,1.22
INVT000531,PO000531,P0173,WH001,17-04-2026,890,638,865,663,340,55,21066712.29,Normal,2.86
INVT000532,PO000532,P0287,WH002,02-03-2025,392,551,671,272,254,99,20753763.2,Normal,1.47
INVT000533,PO000533,P0272,WH003,20-11-2025,78,958,656,380,133,17,26862363.4,Normal,1.43
INVT000534,PO000534,P0068,WH001,16-11-2025,372,793,160,1005,409,202,5365061.85,Normal,4.34
INVT000535,PO000535,P0137,WH004,27-06-2026,497,23,3,517,180,28,7940696.06,Normal,3.54
INVT000536,PO000536,P0076,WH004,07-05-2026,52,59,10,101,315,60,7545783.73,Reorder,0.69
INVT000537,PO000537,P0100,WH004,24-05-2026,366,433,283,516,311,64,403104.36,Normal,3.53
INVT000538,PO000538,P0277,WH004,27-02-2025,54,672,552,174,33,25,13422003.3,Overstock,1.19
INVT000539,PO000539,P0084,WH002,25-03-2025,377,181,32,526,239,88,20184382.1,Normal,2.84
INVT000540,PO000540,P0160,WH002,30-05-2026,138,90,101,127,173,173,6077163.36,Reorder,0.68
INVT000541,PO000541,P0216,WH004,11-08-2025,329,249,252,326,430,35,15193725.52,Reorder,2.23
INVT000542,PO000542,P0294,WH004,25-01-2025,693,432,269,856,481,19,42268971.84,Normal,5.86
INVT000543,PO000543,P0037,WH001,06-07-2026,104,245,216,133,344,50,4574209.15,Reorder,0.57
INVT000544,PO000544,P0179,WH004,04-07-2025,421,451,269,603,128,245,3993596.64,Normal,4.13
INVT000545,PO000545,P0105,WH004,20-04-2025,606,57,48,615,175,213,7239078.9,Normal,4.21
INVT000546,PO000546,P0260,WH003,01-08-2025,367,633,628,372,341,72,10156448.16,Normal,1.4
INVT000547,PO000547,P0256,WH003,01-09-2025,31,960,560,431,29,170,20875959.1,Overstock,1.62
INVT000548,PO000548,P0244,WH001,24-02-2025,18,152,219,0,54,42,0,Stockout,0
INVT000549,PO000549,P0285,WH003,12-10-2025,297,898,1294,0,165,178,0,Stockout,0
INVT000550,PO000550,P0027,WH004,15-11-2025,1636,462,592,1506,495,214,95616452.04,Normal,10.31
INVT000551,PO000551,P0277,WH004,02-10-2025,131,574,146,559,33,25,44268607.5,Overstock,3.83
INVT000552,PO000552,P0086,WH003,29-04-2025,1557,923,943,1537,442,229,66488744.86,Normal,5.77
INVT000553,PO000553,P0173,WH001,02-04-2026,582,414,597,399,340,55,12795343.47,Normal,1.72
INVT000554,PO000554,P0244,WH002,23-10-2025,117,331,115,333,54,42,4354544.43,Overstock,1.8
INVT000555,PO000555,P0300,WH001,16-02-2026,69,938,486,521,213,163,1549021.57,Normal,2.25
INVT000556,PO000556,P0230,WH002,08-03-2025,3,780,765,18,346,159,987628.14,Reorder,0.1
INVT000557,PO000557,P0022,WH004,27-06-2026,881,599,840,640,356,116,41334028.8,Normal,4.38
INVT000558,PO000558,P0157,WH004,29-03-2025,163,239,49,353,432,85,7680355.14,Reorder,2.42
INVT000559,PO000559,P0020,WH002,28-08-2025,74,912,1159,0,28,180,0,Stockout,0
INVT000560,PO000560,P0285,WH003,02-07-2026,186,574,19,741,165,178,47056219.47,Normal,2.78
INVT000561,PO000561,P0207,WH004,29-04-2025,128,139,37,230,32,142,7716688.6,Overstock,1.57
INVT000562,PO000562,P0141,WH002,16-05-2026,54,543,741,0,230,103,0,Stockout,0
INVT000563,PO000563,P0201,WH004,06-05-2026,17,103,106,14,47,245,1053598.98,Reorder,0.1
INVT000564,PO000564,P0016,WH001,20-02-2025,24,723,1078,0,38,195,0,Stockout,0
INVT000565,PO000565,P0022,WH001,30-05-2026,693,759,97,1355,356,116,94252675.35,Normal,5.85
INVT000566,PO000566,P0236,WH002,02-12-2025,1818,525,317,2026,480,237,155433848.8,Normal,10.92
INVT000567,PO000567,P0265,WH004,26-12-2025,572,389,311,650,167,227,18605080,Normal,4.45
INVT000568,PO000568,P0296,WH001,01-06-2026,348,529,529,348,422,228,14994310.8,Reorder,1.5
INVT000569,PO000569,P0145,WH002,09-07-2026,56,501,316,241,30,79,15060579.23,Overstock,1.3
INVT000570,PO000570,P0208,WH004,13-07-2026,200,620,388,432,159,116,13616203.68,Normal,2.96
INVT000571,PO000571,P0202,WH003,13-01-2025,955,581,742,794,297,174,24385859.98,Normal,2.98
INVT000572,PO000572,P0146,WH001,21-06-2025,47,493,325,215,52,166,13277290.6,Normal,0.93
INVT000573,PO000573,P0170,WH001,29-05-2025,811,470,466,815,210,177,53776495.45,Normal,3.52
INVT000574,PO000574,P0003,WH004,18-06-2025,845,434,288,991,234,143,81953202.68,Normal,6.78
INVT000575,PO000575,P0269,WH001,27-03-2026,813,975,72,1716,252,243,139138102,Overstock,7.41
INVT000576,PO000576,P0111,WH002,06-09-2025,5,725,256,474,40,62,5978476.68,Overstock,2.56
INVT000577,PO000577,P0059,WH002,20-01-2026,583,527,627,483,460,48,27848306.85,Normal,2.6
INVT000578,PO000578,P0160,WH001,03-04-2025,380,935,64,1251,173,173,55156327.29,Overstock,5.4
INVT000579,PO000579,P0018,WH002,30-01-2026,351,621,48,924,357,159,28051050.72,Normal,4.98
INVT000580,PO000580,P0207,WH004,15-04-2026,113,963,318,758,32,142,26312598.02,Overstock,5.19
INVT000581,PO000581,P0248,WH001,09-10-2025,1569,672,307,1934,444,184,164696016.8,Normal,8.35
INVT000582,PO000582,P0043,WH004,24-02-2025,1053,677,248,1482,466,119,35818309.8,Normal,10.15
INVT000583,PO000583,P0140,WH004,17-04-2025,534,327,190,671,462,58,41676118.66,Normal,4.59
INVT000584,PO000584,P0199,WH002,18-01-2025,401,873,1163,111,325,187,7213890,Reorder,0.6
INVT000585,PO000585,P0230,WH002,18-07-2026,577,54,53,578,346,159,33825565.72,Normal,3.12
INVT000586,PO000586,P0060,WH004,15-06-2026,1079,593,781,891,311,48,5027663.52,Normal,6.1
INVT000587,PO000587,P0114,WH003,12-01-2025,156,992,1295,0,70,236,0,Stockout,0
INVT000588,PO000588,P0143,WH001,07-07-2025,20,168,170,18,36,230,1371675.42,Reorder,0.08
INVT000589,PO000589,P0178,WH002,05-10-2025,6,752,558,200,46,71,4583344,Normal,1.08
INVT000590,PO000590,P0116,WH002,12-11-2025,12,983,189,806,51,95,54469584.78,Overstock,4.35
INVT000591,PO000591,P0152,WH001,21-05-2025,349,364,198,515,360,101,14821947.2,Normal,2.22
INVT000592,PO000592,P0169,WH004,02-04-2026,66,565,146,485,257,169,38767893,Normal,3.32
INVT000593,PO000593,P0152,WH004,16-10-2025,518,538,366,690,360,101,21208102.2,Normal,4.72
INVT000594,PO000594,P0120,WH002,01-09-2025,358,852,418,792,236,214,58106394.72,Normal,4.27
INVT000595,PO000595,P0135,WH004,27-04-2025,196,965,165,996,182,127,69228055.68,Overstock,6.82
INVT000596,PO000596,P0022,WH004,13-10-2025,446,372,117,701,356,116,44518049.49,Normal,4.8
INVT000597,PO000597,P0126,WH004,16-12-2025,238,237,321,154,226,14,8323912.52,Reorder,1.05
INVT000598,PO000598,P0285,WH004,30-01-2026,175,127,120,182,165,178,12555413.78,Normal,1.25
INVT000599,PO000599,P0157,WH003,03-12-2025,1501,734,466,1769,432,85,33775517,Normal,6.64
INVT000600,PO000600,P0117,WH002,25-08-2025,1803,914,971,1746,490,224,88561205.64,Normal,9.41
INVT000601,PO000601,P0277,WH004,20-02-2025,73,277,48,302,33,25,25584111.2,Overstock,2.07
INVT000602,PO000602,P0237,WH004,30-11-2025,466,115,33,548,290,24,13272735.36,Normal,3.75
INVT000603,PO000603,P0021,WH003,05-09-2025,982,582,308,1256,254,131,31454585.76,Normal,4.71
INVT000604,PO000604,P0061,WH003,05-01-2026,202,189,154,237,232,52,8788732.62,Normal,0.89
INVT000605,PO000605,P0145,WH004,21-06-2025,5,889,521,373,30,79,25854987.36,Overstock,2.55
INVT000606,PO000606,P0149,WH004,17-03-2026,1577,940,0,2517,487,100,117794568,Overstock,17.23
INVT000607,PO000607,P0259,WH002,26-03-2026,134,898,638,394,70,12,31065591.92,Overstock,2.12
INVT000608,PO000608,P0175,WH001,20-01-2025,1209,351,432,1128,455,79,8315130.96,Normal,4.87
INVT000609,PO000609,P0145,WH003,14-06-2025,43,808,23,828,30,79,52562268,Overstock,3.11
INVT000610,PO000610,P0111,WH002,15-07-2025,101,765,13,853,40,62,11766580.55,Overstock,4.6
INVT000611,PO000611,P0027,WH002,26-04-2026,573,305,364,514,495,214,32682160.58,Normal,2.77
INVT000612,PO000612,P0248,WH004,16-01-2026,100,27,6,121,444,184,9940444.03,Reorder,0.83
INVT000613,PO000613,P0019,WH001,06-03-2026,1163,343,23,1483,417,37,71068978.52,Normal,6.4
INVT000614,PO000614,P0086,WH004,21-01-2025,213,463,370,306,442,229,13090462.74,Reorder,2.09
INVT000615,PO000615,P0166,WH001,21-01-2026,174,763,475,462,209,166,9784369.98,Normal,1.99
INVT000616,PO000616,P0255,WH002,29-06-2025,358,213,13,558,163,172,29517915.42,Normal,3.01
INVT000617,PO000617,P0126,WH001,05-07-2025,572,390,402,560,226,14,33633079.2,Normal,2.42
INVT000618,PO000618,P0076,WH002,03-01-2026,70,319,418,0,315,60,0,Stockout,0
INVT000619,PO000619,P0021,WH003,08-09-2025,366,368,265,469,254,131,13684552.35,Normal,1.76
INVT000620,PO000620,P0117,WH002,10-07-2026,1351,772,1016,1107,490,224,51574908.6,Normal,5.97
INVT000621,PO000621,P0128,WH002,25-04-2025,74,408,76,406,404,136,11690234.08,Normal,2.19
INVT000622,PO000622,P0015,WH002,05-09-2025,458,587,675,370,340,128,30084485.4,Normal,2
INVT000623,PO000623,P0177,WH001,29-09-2025,1500,716,455,1761,450,112,97998470.13,Normal,7.6
INVT000624,PO000624,P0129,WH004,06-07-2025,306,144,21,429,126,140,8544071.25,Normal,2.94
INVT000625,PO000625,P0213,WH004,07-10-2025,163,490,607,46,76,205,3093033.1,Reorder,0.31
INVT000626,PO000626,P0031,WH001,21-04-2025,1368,774,908,1234,378,181,17528562.78,Normal,5.33
INVT000627,PO000627,P0031,WH003,05-07-2026,1274,660,512,1422,378,181,20198528.82,Normal,5.34
INVT000628,PO000628,P0017,WH003,05-05-2026,222,734,373,583,419,65,43753648.62,Normal,2.19
INVT000629,PO000629,P0248,WH004,21-05-2025,1439,942,508,1873,444,184,159128075.9,Normal,12.82
INVT000630,PO000630,P0009,WH002,26-08-2025,1606,206,304,1508,435,127,70543621.72,Normal,8.13
INVT000631,PO000631,P0059,WH001,29-03-2025,1651,558,166,2043,460,48,127813328.4,Normal,8.82
INVT000632,PO000632,P0095,WH002,12-11-2025,1402,450,432,1420,393,151,33248206.6,Normal,7.66
INVT000633,PO000633,P0104,WH001,10-01-2025,362,88,80,370,297,48,10339239.3,Normal,1.6
INVT000634,PO000634,P0029,WH003,08-12-2025,324,244,300,268,236,45,16355099.32,Normal,1.01
INVT000635,PO000635,P0165,WH002,28-01-2026,1832,668,783,1717,491,224,85446075.75,Normal,9.26
INVT000636,PO000636,P0283,WH002,28-09-2025,641,988,59,1570,321,33,91601587.2,Normal,8.47
INVT000637,PO000637,P0019,WH003,31-07-2026,96,442,106,432,417,37,20984456.16,Normal,1.62
INVT000638,PO000638,P0275,WH001,15-03-2025,118,158,34,242,361,144,9374339.48,Reorder,1.04
INVT000639,PO000639,P0036,WH004,12-12-2025,771,243,238,776,499,189,69021451.92,Normal,5.31
INVT000640,PO000640,P0001,WH004,08-10-2025,576,72,4,644,364,114,31966208.68,Normal,4.41
INVT000641,PO000641,P0038,WH001,18-01-2025,822,693,356,1159,339,40,36160973.85,Normal,5
INVT000642,PO000642,P0128,WH002,06-08-2025,338,195,291,242,404,136,7385726.26,Reorder,1.3
INVT000643,PO000643,P0123,WH003,08-05-2026,1193,758,947,1004,308,180,43618498.88,Normal,3.77
INVT000644,PO000644,P0199,WH001,12-02-2026,581,904,151,1334,325,187,89092390.6,Normal,5.76
INVT000645,PO000645,P0268,WH001,09-09-2025,237,109,41,305,208,247,6912288.2,Normal,1.32
INVT000646,PO000646,P0146,WH002,28-10-2025,167,993,789,371,52,166,23122819.86,Overstock,2
INVT000647,PO000647,P0228,WH003,29-08-2025,649,56,28,677,351,11,52583937.23,Normal,2.54
INVT000648,PO000648,P0172,WH004,21-11-2025,325,977,7,1295,170,34,556655.75,Overstock,8.87
INVT000649,PO000649,P0076,WH003,03-04-2026,402,131,21,512,315,60,33846389.76,Normal,1.92
INVT000650,PO000650,P0163,WH004,13-04-2025,150,628,543,235,201,83,13252183.45,Normal,1.61
INVT000651,PO000651,P0158,WH004,02-07-2025,1123,216,14,1325,298,222,50833863.5,Normal,9.07
INVT000652,PO000652,P0164,WH002,20-04-2025,53,746,971,0,419,83,0,Stockout,0
INVT000653,PO000653,P0298,WH002,06-03-2025,656,759,133,1282,432,66,17641576.36,Normal,6.91
INVT000654,PO000654,P0295,WH003,31-12-2025,382,143,166,359,261,18,22760316.39,Normal,1.35
INVT000655,PO000655,P0154,WH001,05-07-2025,977,36,27,986,404,23,29646969.12,Normal,4.26
INVT000656,PO000656,P0248,WH004,17-07-2025,136,871,1152,0,444,184,0,Stockout,0
INVT000657,PO000657,P0004,WH004,06-03-2025,872,318,270,920,310,85,61029754.8,Normal,6.3
INVT000658,PO000658,P0200,WH002,08-10-2025,62,355,83,334,422,173,25602579.62,Reorder,1.8
INVT000659,PO000659,P0095,WH004,17-06-2025,989,517,68,1438,393,151,40260548.8,Normal,9.84
INVT000660,PO000660,P0016,WH002,04-05-2026,70,21,29,62,38,195,5635153.96,Normal,0.33
INVT000661,PO000661,P0014,WH003,10-05-2026,98,624,192,530,31,150,11673398.4,Overstock,1.99
INVT000662,PO000662,P0218,WH001,22-04-2025,203,146,168,181,52,176,9190727.5,Normal,0.78
INVT000663,PO000663,P0197,WH002,17-05-2026,21,74,58,37,223,17,833670.31,Reorder,0.2
INVT000664,PO000664,P0107,WH002,01-12-2025,1105,172,211,1066,328,235,35936864.08,Normal,5.75
INVT000665,PO000665,P0018,WH001,17-07-2026,1423,946,901,1468,357,159,46764886.92,Normal,6.34
INVT000666,PO000666,P0226,WH004,29-03-2025,164,48,19,193,229,114,1708847.09,Reorder,1.32
INVT000667,PO000667,P0249,WH004,08-07-2025,693,464,8,1149,257,96,12861492.36,Normal,7.87
INVT000668,PO000668,P0097,WH003,07-03-2025,151,319,173,297,197,84,21465749.25,Normal,1.11
INVT000669,PO000669,P0206,WH001,14-07-2025,263,325,198,390,441,100,32091169.5,Reorder,1.68
INVT000670,PO000670,P0293,WH003,21-03-2026,554,782,985,351,212,211,15321364.11,Normal,1.32
INVT000671,PO000671,P0005,WH004,18-02-2026,149,896,258,787,145,104,27577739.2,Overstock,5.39
INVT000672,PO000672,P0114,WH004,20-12-2025,266,616,874,8,70,236,519214.24,Reorder,0.05
INVT000673,PO000673,P0242,WH002,20-01-2025,763,446,434,775,228,88,9119952,Normal,4.18
INVT000674,PO000674,P0147,WH004,07-08-2025,1269,554,531,1292,335,66,93044090.6,Normal,8.84
INVT000675,PO000675,P0049,WH002,07-01-2025,1955,693,1015,1633,495,201,50263005.15,Normal,8.81
INVT000676,PO000676,P0007,WH004,06-06-2025,713,585,338,960,194,82,63623654.4,Normal,6.57
INVT000677,PO000677,P0144,WH003,22-06-2025,1463,938,720,1681,391,246,70477084.89,Normal,6.31
INVT000678,PO000678,P0191,WH001,31-12-2025,791,80,45,826,429,204,58752686.16,Normal,3.56
INVT000679,PO000679,P0020,WH004,02-11-2025,84,280,214,150,28,180,9547639.5,Overstock,1.03
INVT000680,PO000680,P0259,WH002,12-04-2025,219,292,34,477,70,12,44342377.92,Overstock,2.57
INVT000681,PO000681,P0056,WH004,20-04-2025,1527,51,25,1553,455,211,62016259.6,Normal,10.63
INVT000682,PO000682,P0272,WH001,16-02-2026,372,19,19,372,133,17,27551205.36,Normal,1.61
INVT000683,PO000683,P0209,WH003,19-05-2025,178,467,552,93,236,35,8323371.66,Reorder,0.35
INVT000684,PO000684,P0008,WH002,11-03-2026,261,886,290,857,81,100,48643251.44,Overstock,4.62
INVT000685,PO000685,P0224,WH003,13-09-2025,343,778,493,628,187,112,21500672.72,Normal,2.36
INVT000686,PO000686,P0284,WH004,22-06-2025,387,957,940,404,318,224,15621851.8,Normal,2.77
INVT000687,PO000687,P0190,WH002,18-01-2026,302,569,588,283,238,85,19033614.97,Normal,1.53
INVT000688,PO000688,P0112,WH004,16-03-2025,62,177,35,204,439,184,4552104.96,Reorder,1.4
INVT000689,PO000689,P0025,WH001,29-12-2025,947,828,338,1437,417,19,21624608.28,Normal,6.2
INVT000690,PO000690,P0291,WH004,04-05-2025,1236,483,247,1472,329,249,111952636.2,Normal,10.08
INVT000691,PO000691,P0183,WH001,14-01-2025,1284,337,420,1201,482,121,70580572.17,Normal,5.18
INVT000692,PO000692,P0231,WH003,10-02-2025,803,240,218,825,295,51,34537643.25,Normal,3.1
INVT000693,PO000693,P0210,WH001,25-05-2025,442,162,205,399,136,236,26854503.48,Normal,1.72
INVT000694,PO000694,P0169,WH003,01-11-2025,430,385,323,492,257,169,36829088.04,Normal,1.85
INVT000695,PO000695,P0105,WH002,05-01-2025,404,846,191,1059,175,213,10773948.3,Overstock,5.71
INVT000696,PO000696,P0065,WH001,19-10-2025,1078,528,124,1482,390,19,67239110.64,Normal,6.4
INVT000697,PO000697,P0154,WH001,12-07-2025,209,154,57,306,404,23,9658060.74,Reorder,1.32
INVT000698,PO000698,P0154,WH002,17-03-2026,125,396,154,367,404,23,10662792.31,Reorder,1.98
INVT000699,PO000699,P0028,WH001,27-06-2025,97,748,296,549,29,232,7403792.04,Overstock,2.37
INVT000700,PO000700,P0047,WH002,24-06-2025,379,75,62,392,224,237,32320078.56,Normal,2.11
INVT000701,PO000701,P0155,WH002,24-06-2025,627,354,308,673,338,157,33647806.02,Normal,3.63
INVT000702,PO000702,P0276,WH002,14-04-2026,106,371,330,147,382,193,11643496.62,Reorder,0.79
INVT000703,PO000703,P0075,WH001,21-07-2025,112,107,124,95,105,160,2160400.7,Reorder,0.41
INVT000704,PO000704,P0144,WH001,11-06-2026,141,711,905,0,391,246,0,Stockout,0
INVT000705,PO000705,P0123,WH003,23-07-2025,1072,128,173,1027,308,180,45636336.85,Normal,3.85
INVT000706,PO000706,P0244,WH004,01-05-2025,210,831,939,102,54,42,1549021.98,Normal,0.7
INVT000707,PO000707,P0106,WH003,27-12-2025,804,218,99,923,213,184,17155404.11,Normal,3.46
INVT000708,PO000708,P0109,WH004,09-11-2025,59,427,474,12,373,189,763394.16,Reorder,0.08
INVT000709,PO000709,P0096,WH004,25-04-2026,466,326,458,334,303,232,12971758.4,Normal,2.29
INVT000710,PO000710,P0044,WH004,12-02-2025,135,697,374,458,177,19,26009829.16,Normal,3.14
INVT000711,PO000711,P0272,WH004,04-07-2025,301,992,354,939,133,17,70444634.49,Overstock,6.43
INVT000712,PO000712,P0114,WH002,14-01-2025,258,933,190,1001,70,236,66316039.79,Overstock,5.4
INVT000713,PO000713,P0272,WH003,16-03-2025,525,328,255,598,133,17,39348232.56,Normal,2.24
INVT000714,PO000714,P0083,WH001,12-07-2025,194,742,594,342,435,180,18350550.36,Reorder,1.48
INVT000715,PO000715,P0264,WH002,10-04-2026,330,113,158,285,126,166,3847391.7,Normal,1.54
INVT000716,PO000716,P0075,WH001,12-01-2025,105,507,245,367,105,160,7866050.46,Normal,1.58
INVT000717,PO000717,P0081,WH001,11-06-2026,243,805,1204,0,211,168,0,Stockout,0
INVT000718,PO000718,P0125,WH001,01-05-2025,70,361,130,301,177,14,3383559.06,Normal,1.3
INVT000719,PO000719,P0046,WH004,19-05-2026,450,217,52,615,486,202,24530486.55,Normal,4.21
INVT000720,PO000720,P0089,WH003,14-05-2025,490,922,1009,403,390,162,12490166.91,Normal,1.51
INVT000721,PO000721,P0027,WH002,10-05-2026,530,689,589,630,495,214,41362171.2,Normal,3.4
INVT000722,PO000722,P0148,WH004,26-06-2026,349,658,811,196,247,48,10566459.96,Reorder,1.34
INVT000723,PO000723,P0285,WH003,15-02-2026,140,827,1219,0,165,178,0,Stockout,0
INVT000724,PO000724,P0170,WH001,20-06-2026,434,781,982,233,210,177,16591573.51,Normal,1.01
INVT000725,PO000725,P0093,WH004,10-07-2026,840,903,20,1723,224,216,76086008.69,Overstock,11.79
INVT000726,PO000726,P0198,WH001,14-02-2025,8,524,307,225,38,223,17237605.5,Overstock,0.97
INVT000727,PO000727,P0156,WH003,20-04-2025,509,172,179,502,140,169,32856055.62,Normal,1.88
INVT000728,PO000728,P0264,WH003,03-06-2026,104,476,606,0,126,166,0,Stockout,0
INVT000729,PO000729,P0289,WH004,22-06-2026,68,606,265,409,22,220,16091949.58,Overstock,2.8
INVT000730,PO000730,P0036,WH004,13-01-2025,1768,430,331,1867,499,189,168235799.4,Normal,12.78
INVT000731,PO000731,P0242,WH004,10-09-2025,399,671,426,644,228,88,8054546.64,Normal,4.41
INVT000732,PO000732,P0298,WH003,09-04-2025,1273,697,132,1838,432,66,25438085.42,Normal,6.9
INVT000733,PO000733,P0264,WH004,24-05-2026,323,135,14,444,126,166,6644127,Normal,3.04
INVT000734,PO000734,P0013,WH001,13-01-2025,703,475,261,917,440,231,13960297.96,Normal,3.96
INVT000735,PO000735,P0106,WH003,01-04-2026,38,810,734,114,213,184,1971652.8,Reorder,0.43
INVT000736,PO000736,P0054,WH001,10-01-2026,390,687,17,1060,114,156,50091614.4,Overstock,4.57
INVT000737,PO000737,P0125,WH002,28-02-2025,237,880,138,979,177,14,11173943.77,Overstock,5.28
INVT000738,PO000738,P0291,WH003,18-05-2026,781,526,379,928,329,249,70016486.4,Normal,3.48
INVT000739,PO000739,P0201,WH003,15-12-2025,86,782,1027,0,47,245,0,Stockout,0
INVT000740,PO000740,P0258,WH002,02-04-2026,45,371,315,101,331,246,2919571.65,Reorder,0.54
INVT000741,PO000741,P0258,WH001,07-04-2025,928,42,34,936,331,246,24455461.68,Normal,4.04
INVT000742,PO000742,P0127,WH004,27-04-2025,1247,437,527,1157,369,148,76627577.78,Normal,7.92
INVT000743,PO000743,P0189,WH002,16-06-2026,265,728,444,549,72,109,26102979.09,Overstock,2.96
INVT000744,PO000744,P0273,WH003,26-03-2026,703,329,178,854,217,132,62544517.56,Normal,3.2
INVT000745,PO000745,P0226,WH001,14-01-2025,88,316,95,309,229,114,3301155.15,Normal,1.33
INVT000746,PO000746,P0126,WH001,08-04-2025,191,566,254,503,226,14,31436151.96,Normal,2.17
INVT000747,PO000747,P0190,WH002,18-08-2025,681,553,177,1057,238,85,72861155.71,Normal,5.7
INVT000748,PO000748,P0193,WH003,22-05-2026,1387,347,103,1631,470,163,42820975.33,Normal,6.12
INVT000749,PO000749,P0167,WH001,15-02-2025,299,27,31,295,451,169,4823223.45,Reorder,1.27
INVT000750,PO000750,P0019,WH003,15-09-2025,1129,289,106,1312,417,37,61955487.04,Normal,4.92
INVT000751,PO000751,P0202,WH002,28-09-2025,345,923,1265,3,297,174,101336.49,Reorder,0.02
INVT000752,PO000752,P0237,WH001,09-12-2025,438,330,311,457,290,24,11868906.95,Normal,1.97
INVT000753,PO000753,P0023,WH001,26-01-2025,31,135,76,90,301,65,1743335.1,Reorder,0.39
INVT000754,PO000754,P0221,WH002,05-05-2026,574,644,386,832,187,23,43202947.84,Normal,4.49
INVT000755,PO000755,P0094,WH003,17-07-2025,390,78,61,407,216,65,11593399.07,Normal,1.53
INVT000756,PO000756,P0050,WH001,16-04-2025,358,632,88,902,162,116,35945980.84,Overstock,3.89
INVT000757,PO000757,P0290,WH003,11-02-2025,328,262,375,215,95,201,15216375.6,Normal,0.81
INVT000758,PO000758,P0201,WH004,26-04-2026,123,783,473,433,47,245,32585280.77,Overstock,2.96
INVT000759,PO000759,P0282,WH004,22-04-2026,536,864,825,575,246,248,22859590.75,Normal,3.94
INVT000760,PO000760,P0209,WH002,20-12-2025,333,970,1203,100,236,35,7915108,Reorder,0.54
INVT000761,PO000761,P0145,WH002,29-06-2026,23,220,113,130,30,79,8227488.1,Normal,0.7
INVT000762,PO000762,P0269,WH001,28-08-2025,67,963,203,827,252,243,64689759.4,Normal,3.57
INVT000763,PO000763,P0112,WH002,06-11-2025,1532,344,251,1625,439,184,38083516.25,Normal,8.76
INVT000764,PO000764,P0006,WH002,16-02-2026,21,399,307,113,205,68,8298479.31,Reorder,0.61
INVT000765,PO000765,P0265,WH004,07-05-2025,507,907,457,957,167,227,26207464.14,Overstock,6.55
INVT000766,PO000766,P0115,WH003,22-04-2026,370,96,124,342,150,154,10202000.22,Normal,1.28
INVT000767,PO000767,P0135,WH001,23-01-2025,481,427,239,669,182,127,48086221.44,Normal,2.89
INVT000768,PO000768,P0179,WH003,12-11-2025,59,933,1015,0,128,245,0,Stockout,0
INVT000769,PO000769,P0213,WH004,17-01-2025,215,784,263,736,76,205,42634573.76,Overstock,5.04
INVT000770,PO000770,P0035,WH003,14-02-2025,516,213,126,603,489,155,30614243.67,Normal,2.26
INVT000771,PO000771,P0150,WH003,23-01-2025,297,439,558,178,80,75,12858399.6,Normal,0.67
INVT000772,PO000772,P0195,WH003,14-03-2026,226,186,58,354,97,205,18179811.6,Normal,1.33
INVT000773,PO000773,P0271,WH001,12-12-2025,405,954,350,1009,144,210,14937831.31,Overstock,4.35
INVT000774,PO000774,P0229,WH001,24-02-2025,18,657,307,368,220,105,2653865.12,Normal,1.59
INVT000775,PO000775,P0120,WH004,09-02-2025,171,539,763,0,236,214,0,Stockout,0
INVT000776,PO000776,P0081,WH001,19-01-2026,2,896,93,805,211,168,23821857.85,Normal,3.47
INVT000777,PO000777,P0263,WH001,02-07-2026,58,995,1464,0,72,247,0,Stockout,0
INVT000778,PO000778,P0089,WH003,07-10-2025,973,377,64,1286,390,162,39733683.46,Normal,4.83
INVT000779,PO000779,P0012,WH001,25-12-2025,1135,625,870,890,307,35,77566890.9,Normal,3.84
INVT000780,PO000780,P0176,WH002,17-03-2025,69,214,66,217,174,94,6647862.27,Normal,1.17
INVT000781,PO000781,P0233,WH004,29-03-2026,163,902,1097,0,59,136,0,Stockout,0
INVT000782,PO000782,P0008,WH002,09-05-2025,104,66,68,102,81,100,6489361.38,Normal,0.55
INVT000783,PO000783,P0065,WH002,21-01-2025,189,52,27,214,390,19,9562078.54,Reorder,1.15
INVT000784,PO000784,P0217,WH004,05-01-2025,1407,783,468,1722,394,47,110456209.1,Normal,11.79
INVT000785,PO000785,P0217,WH004,15-12-2025,869,735,219,1385,394,47,88798790.25,Normal,9.48
INVT000786,PO000786,P0144,WH001,15-11-2025,1004,691,969,726,391,246,32082811.2,Normal,3.13
INVT000787,PO000787,P0274,WH003,18-06-2025,1165,472,222,1415,321,164,109696757.2,Normal,5.31
INVT000788,PO000788,P0149,WH003,06-03-2025,1603,705,127,2181,487,100,104371493.3,Normal,8.18
INVT000789,PO000789,P0220,WH004,14-02-2025,27,959,138,848,30,160,68558518.88,Overstock,5.81
INVT000790,PO000790,P0050,WH001,01-04-2026,491,451,536,406,162,116,17004579.2,Normal,1.75
INVT000791,PO000791,P0257,WH002,23-04-2026,619,529,690,458,336,211,26221388.52,Normal,2.47
INVT000792,PO000792,P0002,WH002,09-03-2025,59,890,939,10,301,86,800469.2,Reorder,0.05
INVT000793,PO000793,P0284,WH004,23-05-2026,221,840,1114,0,318,224,0,Stockout,0
INVT000794,PO000794,P0149,WH003,11-04-2026,61,248,194,115,487,100,5138541.55,Reorder,0.43
INVT000795,PO000795,P0062,WH002,22-02-2026,42,954,578,418,299,57,28516169,Normal,2.25
INVT000796,PO000796,P0149,WH001,23-03-2026,1736,596,798,1534,487,100,74095390.72,Normal,6.62
INVT000797,PO000797,P0123,WH002,01-02-2026,608,714,954,368,308,180,15733457.28,Normal,1.98
INVT000798,PO000798,P0055,WH003,27-08-2025,1364,19,14,1369,437,63,40666322.97,Normal,5.14
INVT000799,PO000799,P0190,WH003,17-08-2025,793,17,9,801,238,85,48819996.81,Normal,3.01
INVT000800,PO000800,P0208,WH004,18-05-2025,225,21,4,242,159,116,7056628.04,Normal,1.66
INVT000801,PO000801,P0091,WH003,29-09-2025,1154,977,1121,1010,382,83,36314822.7,Normal,3.79
INVT000802,PO000802,P0072,WH004,11-12-2025,588,818,1122,284,290,216,2015300.92,Reorder,1.94
INVT000803,PO000803,P0254,WH002,14-04-2025,119,849,254,714,193,239,55768626.48,Normal,3.85
INVT000804,PO000804,P0253,WH001,11-04-2026,167,754,764,157,310,246,12248716.1,Reorder,0.68
INVT000805,PO000805,P0230,WH003,10-04-2025,989,508,346,1151,346,159,65725472.43,Normal,4.32
INVT000806,PO000806,P0068,WH002,06-03-2025,1515,967,310,2172,409,202,10962127.44,Overstock,11.71
INVT000807,PO000807,P0215,WH001,23-11-2025,246,232,13,465,86,75,16634375.25,Overstock,2.01
INVT000808,PO000808,P0250,WH004,13-09-2025,83,93,124,52,485,23,3170372.92,Reorder,0.36
INVT000809,PO000809,P0141,WH002,01-07-2025,705,540,744,501,230,103,13042047.03,Normal,2.7
INVT000810,PO000810,P0219,WH001,06-10-2025,789,988,171,1606,311,33,138133328.7,Overstock,6.93
INVT000811,PO000811,P0285,WH003,18-04-2026,633,490,160,963,165,178,70232013.72,Overstock,3.61
INVT000812,PO000812,P0209,WH003,22-02-2025,546,562,412,696,236,35,56791407.6,Normal,2.61
INVT000813,PO000813,P0092,WH003,14-11-2025,889,937,324,1502,369,36,27605303.06,Normal,5.64
INVT000814,PO000814,P0276,WH002,12-01-2026,926,589,485,1030,382,193,84525023.9,Normal,5.55
INVT000815,PO000815,P0049,WH001,31-12-2025,94,426,372,148,495,201,4049410.24,Reorder,0.64
INVT000816,PO000816,P0113,WH001,27-05-2025,45,768,941,0,63,183,0,Stockout,0
INVT000817,PO000817,P0194,WH003,15-03-2026,211,75,30,256,145,42,18356313.6,Normal,0.96
INVT000818,PO000818,P0039,WH003,06-11-2025,19,632,572,79,67,207,1278096.76,Normal,0.3
INVT000819,PO000819,P0204,WH003,25-07-2025,1064,501,481,1084,309,156,72344599.04,Normal,4.07
INVT000820,PO000820,P0141,WH002,09-07-2026,328,882,179,1031,230,103,25789042.22,Normal,5.56
INVT000821,PO000821,P0167,WH002,03-06-2025,1001,826,507,1320,451,169,21896212.8,Normal,7.12
INVT000822,PO000822,P0164,WH003,19-12-2025,1284,517,56,1745,419,83,142695664.9,Normal,6.55
INVT000823,PO000823,P0047,WH003,15-07-2025,47,670,859,0,224,237,0,Stockout,0
INVT000824,PO000824,P0199,WH002,23-05-2026,326,648,727,247,325,187,15558488.01,Reorder,1.33
INVT000825,PO000825,P0155,WH003,07-07-2026,1071,384,191,1264,338,157,52700596.64,Normal,4.74
INVT000826,PO000826,P0121,WH001,24-02-2026,87,834,816,105,119,200,1890045.15,Reorder,0.45
INVT000827,PO000827,P0167,WH002,17-04-2025,1758,351,418,1691,451,169,26498595.67,Normal,9.12
INVT000828,PO000828,P0203,WH002,11-06-2026,62,950,268,744,63,71,16751450.16,Overstock,4.01
INVT000829,PO000829,P0047,WH004,21-02-2026,115,755,1084,0,224,237,0,Stockout,0
INVT000830,PO000830,P0097,WH002,01-04-2025,238,33,12,259,197,84,19140752.68,Normal,1.4
INVT000831,PO000831,P0080,WH004,04-08-2026,905,421,264,1062,332,36,43513326,Normal,7.27
INVT000832,PO000832,P0057,WH003,18-11-2025,46,358,441,0,45,53,0,Stockout,0
INVT000833,PO000833,P0239,WH002,26-06-2025,214,199,128,285,338,96,13990296.6,Reorder,1.54
INVT000834,PO000834,P0264,WH001,12-05-2026,271,200,135,336,126,166,4521935.04,Normal,1.45
INVT000835,PO000835,P0291,WH001,01-01-2025,616,585,105,1096,329,249,83803711.04,Normal,4.73
INVT000836,PO000836,P0087,WH003,30-06-2025,73,751,462,362,237,242,28334373.5,Normal,1.36
INVT000837,PO000837,P0294,WH003,10-10-2025,92,107,149,50,481,19,2543910,Reorder,0.19
INVT000838,PO000838,P0268,WH001,05-05-2025,782,958,332,1408,208,247,28634749.44,Overstock,6.08
INVT000839,PO000839,P0130,WH002,08-07-2026,585,17,25,577,173,58,17042208.53,Normal,3.11
INVT000840,PO000840,P0189,WH002,20-05-2026,192,416,524,84,72,109,4319755.44,Normal,0.45
INVT000841,PO000841,P0079,WH002,25-07-2026,71,937,1130,0,63,108,0,Stockout,0
INVT000842,PO000842,P0130,WH001,06-04-2025,106,433,290,249,173,58,7316625.96,Normal,1.07
INVT000843,PO000843,P0141,WH001,06-07-2026,348,597,591,354,230,103,8232128.4,Normal,1.53
INVT000844,PO000844,P0064,WH002,29-01-2026,1569,36,47,1558,499,106,123019321.7,Normal,8.4
INVT000845,PO000845,P0019,WH004,16-12-2025,97,80,72,105,417,37,4489595.25,Reorder,0.72
INVT000846,PO000846,P0082,WH002,15-02-2026,292,295,200,387,151,103,21217135.68,Normal,2.09
INVT000847,PO000847,P0248,WH002,20-08-2025,939,896,639,1196,444,184,99665239.44,Normal,6.45
INVT000848,PO000848,P0266,WH002,27-07-2026,937,529,708,758,470,103,60273817.78,Normal,4.09
INVT000849,PO000849,P0257,WH004,26-05-2025,39,613,335,317,336,211,20632544.13,Reorder,2.17
INVT000850,PO000850,P0205,WH003,07-07-2026,1475,982,1215,1242,480,72,29668597.92,Normal,4.66
INVT000851,PO000851,P0037,WH004,29-05-2025,1374,626,541,1459,344,50,47219499.11,Normal,9.99
INVT000852,PO000852,P0243,WH003,21-09-2025,642,984,904,722,377,159,526785.64,Normal,2.71
INVT000853,PO000853,P0276,WH002,10-08-2025,1154,325,284,1195,382,193,104807009,Normal,6.44
INVT000854,PO000854,P0063,WH002,04-03-2025,719,745,174,1290,443,35,44678208.3,Normal,6.96
INVT000855,PO000855,P0139,WH002,01-07-2025,7,335,488,0,42,232,0,Stockout,0
INVT000856,PO000856,P0077,WH002,11-04-2026,367,960,1119,208,173,144,7528015.04,Normal,1.12
INVT000857,PO000857,P0039,WH003,02-07-2025,244,182,241,185,67,207,2861985.15,Normal,0.69
INVT000858,PO000858,P0228,WH003,21-04-2026,1174,917,111,1980,351,11,172484037,Overstock,7.43
INVT000859,PO000859,P0175,WH004,02-03-2026,417,351,165,603,455,79,3983140.62,Normal,4.13
INVT000860,PO000860,P0167,WH001,02-04-2026,1684,266,218,1732,451,169,29842256.08,Normal,7.47
INVT000861,PO000861,P0126,WH002,24-11-2025,602,850,1120,332,226,14,20221017.76,Normal,1.79
INVT000862,PO000862,P0094,WH003,09-06-2026,352,33,3,382,216,65,10181277.92,Normal,1.43
INVT000863,PO000863,P0024,WH004,24-09-2025,790,539,789,540,413,147,16501190.4,Normal,3.7
INVT000864,PO000864,P0173,WH004,03-10-2025,257,973,1151,79,340,55,2890167.6,Reorder,0.54
INVT000865,PO000865,P0094,WH003,17-04-2025,17,791,293,515,216,65,12293456.85,Normal,1.93
INVT000866,PO000866,P0054,WH002,03-08-2025,386,708,558,536,114,156,26597622.48,Normal,2.89
INVT000867,PO000867,P0229,WH004,16-08-2025,313,751,915,149,220,105,1053957.46,Reorder,1.02
INVT000868,PO000868,P0059,WH003,12-05-2025,1228,704,942,990,460,48,60375793.5,Normal,3.72
INVT000869,PO000869,P0228,WH002,22-06-2025,657,642,826,473,351,11,39829348.13,Normal,2.55
INVT000870,PO000870,P0085,WH003,20-06-2025,307,951,1094,164,306,81,9538923.88,Reorder,0.62
INVT000871,PO000871,P0014,WH002,28-04-2025,115,512,655,0,31,150,0,Stockout,0
INVT000872,PO000872,P0241,WH001,17-06-2025,813,746,215,1344,252,138,36855369.6,Overstock,5.8
INVT000873,PO000873,P0028,WH004,15-07-2025,94,612,909,0,29,232,0,Stockout,0
INVT000874,PO000874,P0155,WH001,14-06-2026,270,103,62,311,338,157,15370353.96,Reorder,1.34
INVT000875,PO000875,P0070,WH003,25-10-2025,1022,256,245,1033,306,185,70904655.15,Normal,3.88
INVT000876,PO000876,P0207,WH004,15-09-2025,64,52,39,77,32,142,2530149.16,Normal,0.53
INVT000877,PO000877,P0052,WH001,10-10-2025,1063,691,691,1063,402,58,18550933.87,Normal,4.59
INVT000878,PO000878,P0034,WH002,26-10-2025,310,986,614,682,108,45,28426496.56,Overstock,3.68
INVT000879,PO000879,P0120,WH003,07-12-2025,328,644,888,84,236,214,6426354.48,Reorder,0.32
INVT000880,PO000880,P0246,WH004,13-05-2025,68,257,91,234,213,207,17906372.64,Normal,1.6
INVT000881,PO000881,P0281,WH003,09-01-2026,297,767,395,669,94,20,41509677.15,Overstock,2.51
INVT000882,PO000882,P0104,WH001,10-05-2025,1032,217,322,927,297,48,21490103.34,Normal,4
INVT000883,PO000883,P0179,WH001,08-08-2025,148,586,82,652,128,245,5203168.64,Overstock,2.81
INVT000884,PO000884,P0182,WH003,04-02-2026,569,928,604,893,293,195,20971167.35,Normal,3.35
INVT000885,PO000885,P0229,WH003,17-12-2025,49,756,712,93,220,105,690458.97,Reorder,0.35
INVT000886,PO000886,P0163,WH004,01-11-2025,748,792,492,1048,201,83,59619776.8,Overstock,7.17
INVT000887,PO000887,P0242,WH003,01-12-2025,193,526,365,354,228,88,3965550.48,Normal,1.33
INVT000888,PO000888,P0276,WH002,04-08-2026,294,999,893,400,382,193,35103048,Normal,2.16
INVT000889,PO000889,P0003,WH004,01-02-2025,893,43,57,879,234,143,75409770.39,Normal,6.02
INVT000890,PO000890,P0266,WH002,09-09-2025,1433,256,157,1532,470,103,113099149.3,Normal,8.26
INVT000891,PO000891,P0294,WH003,20-05-2025,1329,130,143,1316,481,19,65529469.88,Normal,4.94
INVT000892,PO000892,P0121,WH002,01-04-2025,331,173,16,488,119,200,7761991.36,Normal,2.63
INVT000893,PO000893,P0129,WH001,17-12-2025,472,534,237,769,126,140,14478432.09,Overstock,3.32
INVT000894,PO000894,P0126,WH004,24-01-2026,462,790,410,842,226,14,55563369.5,Normal,5.76
INVT000895,PO000895,P0176,WH003,09-04-2026,14,259,144,129,174,94,4165084.92,Reorder,0.48
INVT000896,PO000896,P0156,WH004,19-03-2025,464,708,407,765,140,169,45821794.05,Overstock,5.24
INVT000897,PO000897,P0039,WH003,22-04-2026,161,75,48,188,67,207,3317872.88,Normal,0.71
INVT000898,PO000898,P0015,WH003,20-03-2025,105,725,995,0,340,128,0,Stockout,0
INVT000899,PO000899,P0206,WH004,20-03-2025,148,507,735,0,441,100,0,Stockout,0
INVT000900,PO000900,P0045,WH002,15-10-2025,410,822,281,951,388,79,46127009.19,Normal,5.13
INVT000901,PO000901,P0201,WH002,27-05-2025,40,877,585,332,47,245,24588248.68,Overstock,1.79
INVT000902,PO000902,P0130,WH004,14-04-2026,470,592,821,241,173,58,6405592.02,Normal,1.65
INVT000903,PO000903,P0176,WH003,02-06-2026,693,97,65,725,174,94,25412040.25,Normal,2.72
INVT000904,PO000904,P0171,WH003,29-07-2025,1415,863,1173,1105,466,114,44854171.05,Normal,4.15
INVT000905,PO000905,P0207,WH002,09-05-2025,95,731,30,796,32,142,25708833.88,Overstock,4.29
INVT000906,PO000906,P0282,WH001,01-12-2025,74,476,159,391,246,248,16016212.38,Normal,1.69
INVT000907,PO000907,P0243,WH003,12-01-2025,354,465,13,806,377,159,702114.66,Normal,3.02
INVT000908,PO000908,P0226,WH003,21-04-2025,540,471,519,492,229,114,5038699.92,Normal,1.85
INVT000909,PO000909,P0043,WH004,17-02-2025,1587,460,74,1973,466,119,40269660.01,Normal,13.51
INVT000910,PO000910,P0135,WH002,11-01-2025,226,84,26,284,182,127,19239341.44,Normal,1.53
INVT000911,PO000911,P0246,WH002,29-03-2026,91,616,367,340,213,207,25060621.4,Normal,1.83
INVT000912,PO000912,P0055,WH001,23-01-2025,177,29,12,194,437,63,5607874.58,Reorder,0.84
INVT000913,PO000913,P0054,WH001,07-04-2026,40,257,233,64,114,156,2660516.48,Reorder,0.28
INVT000914,PO000914,P0291,WH001,28-01-2025,1277,294,345,1226,329,249,97629506.3,Normal,5.29
INVT000915,PO000915,P0192,WH002,23-04-2025,120,278,395,3,215,162,148570.26,Reorder,0.02
INVT000916,PO000916,P0180,WH004,16-07-2026,202,264,147,319,306,39,11004252.71,Normal,2.18
INVT000917,PO000917,P0178,WH004,23-07-2026,82,145,4,223,46,71,4894992.72,Normal,1.53
INVT000918,PO000918,P0274,WH004,24-03-2025,7,925,1203,0,321,164,0,Stockout,0
INVT000919,PO000919,P0291,WH002,10-12-2025,400,673,116,957,329,249,77531048.76,Normal,5.16
INVT000920,PO000920,P0282,WH001,01-02-2026,547,732,84,1195,246,248,46711761.3,Normal,5.16
INVT000921,PO000921,P0290,WH003,08-04-2025,233,742,728,247,95,201,18648159.14,Normal,0.93
INVT000922,PO000922,P0267,WH001,27-06-2025,944,738,448,1234,309,30,13709234.06,Normal,5.33
INVT000923,PO000923,P0119,WH001,09-10-2025,631,740,238,1133,226,66,2570312.47,Overstock,4.89
INVT000924,PO000924,P0047,WH004,18-07-2025,572,439,355,656,224,237,49770123.04,Normal,4.49
INVT000925,PO000925,P0268,WH003,08-10-2025,224,194,226,192,208,247,3950801.28,Reorder,0.72
INVT000926,PO000926,P0154,WH001,04-06-2025,83,248,157,174,404,23,5095309.86,Reorder,0.75
INVT000927,PO000927,P0151,WH003,09-07-2026,1134,410,386,1158,390,115,8040480.36,Normal,4.35
INVT000928,PO000928,P0187,WH002,23-02-2026,442,229,257,414,114,24,15149357.1,Normal,2.23
INVT000929,PO000929,P0288,WH002,14-07-2025,155,552,130,577,42,71,17991621.64,Overstock,3.11
INVT000930,PO000930,P0190,WH003,05-04-2025,313,862,404,771,238,85,52956936.84,Normal,2.89
INVT000931,PO000931,P0004,WH002,08-03-2026,10,763,120,653,310,85,46319588.56,Normal,3.52
INVT000932,PO000932,P0077,WH003,30-07-2026,291,951,1365,0,173,144,0,Stockout,0
INVT000933,PO000933,P0253,WH003,12-11-2025,640,552,675,517,310,246,40115095.02,Normal,1.94
INVT000934,PO000934,P0185,WH003,04-02-2026,78,921,620,379,166,111,19367396.49,Normal,1.42
INVT000935,PO000935,P0156,WH004,20-03-2025,94,36,42,88,140,169,5515532.88,Reorder,0.6
INVT000936,PO000936,P0186,WH002,21-06-2025,345,280,333,292,147,34,19034922.28,Normal,1.57
INVT000937,PO000937,P0034,WH001,28-05-2026,292,42,53,281,108,45,11533097.05,Normal,1.21
INVT000938,PO000938,P0031,WH004,27-02-2026,3,213,37,179,378,181,2388330.77,Reorder,1.23
INVT000939,PO000939,P0131,WH002,20-03-2026,148,869,756,261,393,68,5971092.75,Reorder,1.41
INVT000940,PO000940,P0099,WH004,05-07-2025,176,51,6,221,256,250,12208278.68,Reorder,1.51
INVT000941,PO000941,P0241,WH003,09-04-2026,173,302,14,461,252,138,11976176.09,Normal,1.73
INVT000942,PO000942,P0080,WH004,16-01-2026,192,982,1003,171,332,36,6241382.01,Reorder,1.17
INVT000943,PO000943,P0143,WH003,12-07-2026,10,181,51,140,36,230,11574250.8,Normal,0.53
INVT000944,PO000944,P0212,WH004,27-05-2026,190,911,233,868,167,225,63097489.28,Overstock,5.94
INVT000945,PO000945,P0130,WH001,22-10-2025,555,304,119,740,173,58,19829047.4,Normal,3.19
INVT000946,PO000946,P0146,WH003,07-11-2025,72,835,662,245,52,166,16214117.15,Normal,0.92
INVT000947,PO000947,P0281,WH002,09-06-2025,260,926,916,270,94,20,13816583.1,Normal,1.46
INVT000948,PO000948,P0257,WH004,23-05-2025,697,787,1153,331,336,211,18374865.89,Reorder,2.27
INVT000949,PO000949,P0190,WH002,11-01-2026,392,542,473,461,238,85,32233253.69,Normal,2.49
INVT000950,PO000950,P0177,WH002,18-04-2026,1306,147,15,1438,450,112,87412554.42,Normal,7.75
INVT000951,PO000951,P0183,WH004,11-02-2026,746,724,1050,420,482,121,25822797,Reorder,2.88
INVT000952,PO000952,P0109,WH003,13-02-2025,1303,636,828,1111,373,189,72424867.9,Normal,4.17
INVT000953,PO000953,P0033,WH001,27-02-2026,1352,87,72,1367,441,103,62182984.55,Normal,5.9
INVT000954,PO000954,P0019,WH001,14-01-2025,751,374,7,1118,417,37,51879001.2,Normal,4.82
INVT000955,PO000955,P0182,WH001,04-01-2026,385,109,62,432,293,195,8913468.96,Normal,1.86
INVT000956,PO000956,P0233,WH004,17-01-2026,130,989,743,376,59,136,15153796.4,Overstock,2.57
INVT000957,PO000957,P0233,WH004,10-02-2025,136,769,1040,0,59,136,0,Stockout,0
INVT000958,PO000958,P0274,WH003,29-09-2025,124,935,1345,0,321,164,0,Stockout,0
INVT000959,PO000959,P0015,WH003,24-02-2026,73,427,111,389,340,128,30307643.52,Normal,1.46
INVT000960,PO000960,P0075,WH002,06-09-2025,234,637,511,360,105,160,7837671.6,Normal,1.94
INVT000961,PO000961,P0019,WH002,13-02-2025,1613,359,408,1564,417,37,76788959.2,Normal,8.43
INVT000962,PO000962,P0249,WH002,07-05-2026,692,548,673,567,257,96,6427081.08,Normal,3.06
INVT000963,PO000963,P0219,WH001,06-06-2025,520,95,19,596,311,33,51371790.88,Normal,2.57
INVT000964,PO000964,P0215,WH002,18-01-2025,277,556,740,93,86,75,3229247.37,Normal,0.5
INVT000965,PO000965,P0195,WH004,03-07-2025,187,259,229,217,97,205,12891709.6,Normal,1.49
INVT000966,PO000966,P0132,WH004,17-02-2025,52,473,239,286,62,174,8042108.36,Normal,1.96
INVT000967,PO000967,P0093,WH001,28-05-2026,179,471,311,339,224,216,15717236.67,Normal,1.46
INVT000968,PO000968,P0243,WH002,29-12-2025,1326,169,113,1382,377,159,1177878.6,Normal,7.45
INVT000969,PO000969,P0075,WH002,29-09-2025,348,935,835,448,105,160,10800016.64,Normal,2.42
INVT000970,PO000970,P0257,WH001,07-08-2025,668,818,260,1226,336,211,77933522.06,Normal,5.29
INVT000971,PO000971,P0104,WH004,22-03-2026,907,705,872,740,297,48,17663578,Normal,5.07
INVT000972,PO000972,P0088,WH001,07-08-2025,870,546,637,779,384,57,17810253.63,Normal,3.36
INVT000973,PO000973,P0242,WH002,15-01-2025,524,375,124,775,228,88,9345058.5,Normal,4.18
INVT000974,PO000974,P0051,WH002,27-09-2025,391,256,290,357,387,133,1773119.04,Reorder,1.92
INVT000975,PO000975,P0112,WH003,15-07-2026,1240,509,305,1444,439,184,31004961.52,Normal,5.42
INVT000976,PO000976,P0019,WH003,27-04-2026,1463,319,270,1512,417,37,64987014.96,Normal,5.67
INVT000977,PO000977,P0044,WH004,29-12-2025,641,569,195,1015,177,19,51519725.25,Overstock,6.95
INVT000978,PO000978,P0027,WH003,17-08-2025,1773,742,323,2192,495,214,121829759.8,Normal,8.23
INVT000979,PO000979,P0122,WH001,15-06-2026,29,341,267,103,208,225,5453716.1,Reorder,0.44
INVT000980,PO000980,P0006,WH004,17-05-2025,214,991,116,1089,205,68,82372776.75,Overstock,7.45
INVT000981,PO000981,P0235,WH002,26-11-2025,1117,467,104,1480,300,200,76729652.8,Normal,7.98
INVT000982,PO000982,P0100,WH002,31-01-2026,863,361,277,947,311,64,691281.59,Normal,5.11
INVT000983,PO000983,P0261,WH004,08-08-2025,79,458,51,486,132,180,3398500.8,Normal,3.33
INVT000984,PO000984,P0052,WH002,25-03-2026,1003,656,727,932,402,58,16095500.2,Normal,5.03
INVT000985,PO000985,P0095,WH001,18-09-2025,180,290,383,87,393,151,2296393.71,Reorder,0.38
INVT000986,PO000986,P0177,WH003,22-02-2025,597,780,265,1112,450,112,64121800.88,Normal,4.17
INVT000987,PO000987,P0188,WH004,29-10-2025,565,152,104,613,324,165,1220219.41,Normal,4.2
INVT000988,PO000988,P0282,WH002,11-08-2025,720,479,506,693,246,248,27893568.78,Normal,3.74
INVT000989,PO000989,P0056,WH001,10-06-2026,177,400,506,71,455,211,3156257.43,Reorder,0.31
INVT000990,PO000990,P0032,WH002,29-03-2025,263,193,9,447,237,188,7152938.7,Normal,2.41
INVT000991,PO000991,P0114,WH001,28-04-2026,32,714,706,40,70,236,2709460.4,Reorder,0.17
INVT000992,PO000992,P0034,WH002,01-01-2025,127,282,214,195,108,45,8792795.7,Normal,1.05
INVT000993,PO000993,P0206,WH001,08-10-2025,862,915,1316,461,441,100,39375429.88,Normal,1.99
INVT000994,PO000994,P0290,WH001,10-04-2026,113,119,151,81,95,201,6350682.69,Reorder,0.35
INVT000995,PO000995,P0288,WH003,07-02-2025,68,920,509,479,42,71,18014840.33,Overstock,1.8
INVT000996,PO000996,P0173,WH004,28-06-2025,644,452,446,650,340,55,21440165.5,Normal,4.45
INVT000997,PO000997,P0173,WH004,21-07-2025,819,644,151,1312,340,55,47930154.56,Normal,8.98
INVT000998,PO000998,P0170,WH001,06-08-2025,131,506,443,194,210,177,12849169.02,Reorder,0.84
INVT000999,PO000999,P0298,WH001,09-03-2025,725,464,160,1029,432,66,15115269.12,Normal,4.44
INVT001000,PO001000,P0240,WH001,05-08-2025,758,86,126,718,378,29,56578249.22,Normal,3.1
INVT001001,PO001001,P0005,WH002,21-05-2025,55,828,722,161,145,104,5721118.9,Normal,0.87
INVT001002,PO001002,P0101,WH001,30-01-2025,10,362,229,143,36,204,7896447.13,Normal,0.62
INVT001003,PO001003,P0029,WH004,20-11-2025,437,866,99,1204,236,45,68112278.64,Overstock,8.24
INVT001004,PO001004,P0084,WH003,10-02-2025,242,265,176,331,239,88,12283171.68,Normal,1.24
INVT001005,PO001005,P0025,WH002,07-06-2026,1422,427,586,1263,417,19,19312583.52,Normal,6.81
INVT001006,PO001006,P0225,WH002,09-04-2025,419,666,382,703,347,132,53186350.78,Normal,3.79
INVT001007,PO001007,P0010,WH003,31-12-2025,537,733,603,667,380,29,6505104.26,Normal,2.5
INVT001008,PO001008,P0021,WH004,10-03-2025,43,793,469,367,254,131,10046584.63,Normal,2.51
INVT001009,PO001009,P0119,WH003,14-07-2025,79,776,279,576,226,66,1455528.96,Normal,2.16
INVT001010,PO001010,P0111,WH002,18-03-2025,63,657,199,521,40,62,6716935.19,Overstock,2.81
INVT001011,PO001011,P0240,WH003,24-06-2026,579,639,831,387,378,29,31105945.44,Normal,1.45
INVT001012,PO001012,P0027,WH004,23-11-2025,342,789,11,1120,495,214,65504420.8,Normal,7.67
INVT001013,PO001013,P0217,WH002,05-10-2025,1303,50,30,1323,394,47,81517412.34,Normal,7.13
INVT001014,PO001014,P0136,WH003,12-05-2025,838,925,593,1170,441,74,45197837.1,Normal,4.39
INVT001015,PO001015,P0173,WH004,13-07-2025,85,492,114,463,340,55,14549927.79,Normal,3.17
INVT001016,PO001016,P0250,WH004,23-01-2025,1222,547,759,1010,485,23,61986962.3,Normal,6.91
INVT001017,PO001017,P0084,WH003,25-01-2025,375,968,1274,69,239,88,2739320.7,Reorder,0.26
INVT001018,PO001018,P0285,WH004,30-04-2025,44,217,114,147,165,178,9249056.25,Reorder,1.01
INVT001019,PO001019,P0279,WH003,23-09-2025,203,496,414,285,138,52,19985967,Normal,1.07
INVT001020,PO001020,P0044,WH004,18-02-2026,33,61,46,48,177,19,2720898.24,Reorder,0.33
INVT001021,PO001021,P0065,WH001,14-04-2025,428,68,65,431,390,19,18613528.04,Normal,1.86
INVT001022,PO001022,P0205,WH001,09-01-2026,181,392,28,545,480,72,14628508.5,Normal,2.35
INVT001023,PO001023,P0051,WH002,11-09-2025,762,140,7,895,387,133,5108740.55,Normal,4.83
INVT001024,PO001024,P0195,WH004,15-04-2025,132,794,98,828,97,205,42337809.36,Overstock,5.67
INVT001025,PO001025,P0196,WH004,30-03-2025,330,851,720,461,236,215,32676648.1,Normal,3.16
INVT001026,PO001026,P0178,WH003,07-10-2025,11,196,168,39,46,71,870005.76,Reorder,0.15
INVT001027,PO001027,P0088,WH004,21-08-2025,1408,903,908,1403,384,57,29862097.38,Normal,9.6
INVT001028,PO001028,P0019,WH003,03-01-2026,1143,897,147,1893,417,37,83388561.93,Normal,7.1
INVT001029,PO001029,P0111,WH001,19-10-2025,44,723,703,64,40,62,899987.2,Normal,0.28
INVT001030,PO001030,P0081,WH003,27-10-2025,527,775,405,897,211,168,27888348.93,Normal,3.37
INVT001031,PO001031,P0015,WH002,29-10-2025,449,560,753,256,340,128,21939038.72,Reorder,1.38
INVT001032,PO001032,P0265,WH003,27-01-2025,228,386,153,461,167,227,12504588.12,Normal,1.73
INVT001033,PO001033,P0139,WH004,11-05-2026,82,124,184,22,42,232,1422492.06,Reorder,0.15
INVT001034,PO001034,P0240,WH004,18-02-2025,1420,431,247,1604,378,29,129162148.1,Normal,10.98
INVT001035,PO001035,P0062,WH003,04-09-2025,1188,71,52,1207,299,57,79895397.59,Normal,4.53
INVT001036,PO001036,P0030,WH002,11-04-2026,33,948,362,619,258,168,51978247.08,Normal,3.34
INVT001037,PO001037,P0227,WH004,09-05-2025,118,825,491,452,109,237,13259573.68,Normal,3.09
INVT001038,PO001038,P0208,WH002,19-07-2026,544,231,216,559,159,116,16725173.79,Normal,3.01
INVT001039,PO001039,P0015,WH004,10-10-2025,511,286,241,556,340,128,46817752.04,Normal,3.81
INVT001040,PO001040,P0228,WH003,30-03-2026,900,304,231,973,351,11,74987494.82,Normal,3.65
INVT001041,PO001041,P0056,WH004,11-01-2025,969,385,166,1188,455,211,51208205.4,Normal,8.13
INVT001042,PO001042,P0052,WH004,01-11-2025,1477,638,368,1747,402,58,33212985.68,Normal,11.96
INVT001043,PO001043,P0031,WH002,13-05-2026,772,336,66,1042,378,181,13187822.92,Normal,5.62
INVT001044,PO001044,P0286,WH003,14-10-2025,541,863,913,491,421,85,26814580.38,Normal,1.84
INVT001045,PO001045,P0142,WH002,10-03-2026,614,871,430,1055,301,101,55051303.15,Normal,5.69
INVT001046,PO001046,P0241,WH001,11-03-2026,682,927,956,653,252,138,17680725.95,Normal,2.82
INVT001047,PO001047,P0156,WH002,09-04-2026,118,72,54,136,140,169,9022695.6,Reorder,0.73
INVT001048,PO001048,P0123,WH004,27-02-2026,984,203,144,1043,308,180,43824721.85,Normal,7.14
INVT001049,PO001049,P0203,WH004,22-02-2025,57,430,332,155,63,71,3422091.55,Normal,1.06
INVT001050,PO001050,P0146,WH003,03-11-2025,100,726,391,435,52,166,27903453.45,Overstock,1.63
INVT001051,PO001051,P0083,WH004,23-04-2026,1407,192,254,1345,435,180,80527786.2,Normal,9.21
INVT001052,PO001052,P0140,WH002,24-08-2025,1444,92,42,1494,462,58,102206512.1,Normal,8.06
INVT001053,PO001053,P0080,WH003,05-03-2025,816,878,475,1219,332,36,50691505.5,Normal,4.57
INVT001054,PO001054,P0179,WH001,18-03-2025,73,735,471,337,128,245,2526286.8,Normal,1.45
INVT001055,PO001055,P0075,WH003,06-04-2025,44,83,31,96,105,160,2067350.4,Reorder,0.36
INVT001056,PO001056,P0177,WH002,08-01-2025,1250,563,190,1623,450,112,93535307.76,Normal,8.75
INVT001057,PO001057,P0266,WH002,28-01-2025,1872,44,25,1891,470,103,140187450.7,Normal,10.2
INVT001058,PO001058,P0249,WH003,25-06-2025,444,243,3,684,257,96,7953627.24,Normal,2.57
INVT001059,PO001059,P0113,WH004,19-07-2026,209,802,1086,0,63,183,0,Stockout,0
INVT001060,PO001060,P0141,WH001,18-03-2026,621,587,830,378,230,103,9507686.58,Normal,1.63
INVT001061,PO001061,P0267,WH004,10-07-2025,737,302,340,699,309,30,7239501.06,Normal,4.79
INVT001062,PO001062,P0287,WH004,21-11-2025,855,644,780,719,254,99,54362094.48,Normal,4.92
INVT001063,PO001063,P0246,WH004,15-10-2025,302,692,884,110,213,207,8527363.9,Reorder,0.75
INVT001064,PO001064,P0107,WH004,25-06-2025,217,757,668,306,328,235,10384036.56,Reorder,2.09
INVT001065,PO001065,P0136,WH002,28-10-2025,1394,263,148,1509,441,74,55191795.72,Normal,8.14
INVT001066,PO001066,P0166,WH002,11-07-2026,273,825,153,945,209,166,17296212.15,Normal,5.1
INVT001067,PO001067,P0244,WH003,25-02-2025,169,301,347,123,54,42,1882772.07,Normal,0.46
INVT001068,PO001068,P0040,WH003,15-02-2026,213,766,961,18,191,99,725959.62,Reorder,0.07
INVT001069,PO001069,P0120,WH001,06-03-2025,608,642,860,390,236,214,32880498.3,Normal,1.68
INVT001070,PO001070,P0122,WH004,23-03-2025,501,746,526,721,208,225,37645248.55,Normal,4.94
INVT001071,PO001071,P0157,WH004,18-09-2025,910,228,321,817,432,85,16080365.57,Normal,5.59
INVT001072,PO001072,P0265,WH001,01-12-2025,556,426,190,792,167,227,23527936.08,Normal,3.42
INVT001073,PO001073,P0150,WH001,05-04-2026,67,339,474,0,80,75,0,Stockout,0
INVT001074,PO001074,P0194,WH001,04-03-2026,477,576,586,467,145,42,35734952.08,Normal,2.02
INVT001075,PO001075,P0103,WH003,01-02-2025,44,893,150,787,161,185,17241832.1,Normal,2.95
INVT001076,PO001076,P0115,WH003,24-09-2025,571,276,31,816,150,154,24435740.16,Overstock,3.06
INVT001077,PO001077,P0002,WH004,17-09-2025,612,439,494,557,301,86,47089002.8,Normal,3.81
INVT001078,PO001078,P0169,WH001,06-09-2025,624,649,2,1271,257,169,96780040.8,Normal,5.49
INVT001079,PO001079,P0101,WH002,25-02-2026,4,101,54,51,36,204,2634486.6,Normal,0.27
INVT001080,PO001080,P0028,WH002,18-04-2026,59,89,133,15,29,232,196014.15,Reorder,0.08
INVT001081,PO001081,P0173,WH001,23-02-2026,631,491,239,883,340,55,30205522.72,Normal,3.81
INVT001082,PO001082,P0129,WH003,13-05-2026,387,967,756,598,126,140,10324212.86,Normal,2.24
INVT001083,PO001083,P0193,WH003,21-04-2026,745,456,158,1043,470,163,29966620.74,Normal,3.91
INVT001084,PO001084,P0237,WH004,05-07-2025,813,479,266,1026,290,24,28480313.34,Normal,7.02
INVT001085,PO001085,P0199,WH003,09-04-2026,1214,438,61,1591,325,187,96551235.08,Normal,5.97
INVT001086,PO001086,P0093,WH004,12-02-2025,835,912,418,1329,224,216,58409284.2,Overstock,9.1
INVT001087,PO001087,P0175,WH001,11-04-2025,1094,935,985,1044,455,79,8064451.08,Normal,4.51
INVT001088,PO001088,P0210,WH004,12-01-2026,370,411,390,391,136,236,31664853.48,Normal,2.68
INVT001089,PO001089,P0051,WH004,22-02-2025,197,827,956,68,387,133,395700.84,Reorder,0.47
INVT001090,PO001090,P0197,WH002,20-03-2026,159,348,394,113,223,17,2943344.9,Reorder,0.61
INVT001091,PO001091,P0238,WH001,20-03-2025,382,891,244,1029,179,171,51900280.11,Overstock,4.44
INVT001092,PO001092,P0258,WH003,27-07-2025,1236,288,73,1451,331,246,38424134.14,Normal,5.45
INVT001093,PO001093,P0031,WH004,03-07-2025,1482,193,165,1510,378,181,22120805.4,Normal,10.34
INVT001094,PO001094,P0080,WH003,05-06-2025,656,325,349,632,332,36,25385613.52,Normal,2.37
INVT001095,PO001095,P0123,WH001,24-08-2025,239,684,460,463,308,180,22942117.63,Normal,2
INVT001096,PO001096,P0065,WH001,20-04-2026,736,772,468,1040,390,19,47474034.4,Normal,4.49
INVT001097,PO001097,P0071,WH003,05-04-2025,840,859,724,975,368,103,37296597,Normal,3.66
INVT001098,PO001098,P0271,WH001,09-04-2025,346,626,745,227,144,210,2906326.4,Normal,0.98
INVT001099,PO001099,P0105,WH002,22-12-2025,34,599,791,0,175,213,0,Stockout,0
INVT001100,PO001100,P0239,WH003,25-02-2026,366,876,726,516,338,96,24749645.88,Normal,1.94
INVT001101,PO001101,P0224,WH003,05-04-2026,30,962,606,386,187,112,13525860.74,Normal,1.45
INVT001102,PO001102,P0137,WH001,08-12-2025,55,722,1021,0,180,28,0,Stockout,0
INVT001103,PO001103,P0295,WH003,29-05-2025,564,468,380,652,261,18,45480514.28,Normal,2.45
INVT001104,PO001104,P0196,WH002,11-06-2025,23,179,63,139,236,215,8742991.58,Reorder,0.75
INVT001105,PO001105,P0213,WH003,27-04-2026,64,950,295,719,76,205,46673065.34,Overstock,2.7
INVT001106,PO001106,P0133,WH004,13-11-2025,259,331,477,113,118,125,7251719.63,Reorder,0.77
INVT001107,PO001107,P0205,WH004,28-06-2025,1763,838,591,2010,480,72,52562304,Normal,13.76
INVT001108,PO001108,P0117,WH004,17-05-2026,760,561,800,521,490,224,25283056.74,Normal,3.57
INVT001109,PO001109,P0079,WH001,15-06-2026,55,772,629,198,63,108,10164621.06,Normal,0.85
INVT001110,PO001110,P0293,WH003,08-01-2025,435,620,846,209,212,211,8829867.53,Reorder,0.78
INVT001111,PO001111,P0066,WH001,05-12-2025,1226,844,758,1312,379,91,66688107.2,Normal,5.66
INVT001112,PO001112,P0137,WH003,14-01-2025,108,588,787,0,180,28,0,Stockout,0
INVT001113,PO001113,P0168,WH004,17-04-2026,132,416,117,431,156,80,33256580.64,Normal,2.95
INVT001114,PO001114,P0300,WH001,16-10-2025,544,203,97,650,213,163,1646034,Normal,2.81
INVT001115,PO001115,P0072,WH004,18-03-2025,761,762,754,769,290,216,5053283.56,Normal,5.26
INVT001116,PO001116,P0114,WH003,23-07-2025,135,93,82,146,70,236,11181202.68,Normal,0.55
INVT001117,PO001117,P0003,WH004,08-03-2026,377,710,127,960,234,143,77102812.8,Normal,6.57
INVT001118,PO001118,P0088,WH003,08-12-2025,1358,376,93,1641,384,57,36578201.79,Normal,6.16
INVT001119,PO001119,P0006,WH002,21-07-2025,459,410,565,304,205,68,21506662.4,Normal,1.64
INVT001120,PO001120,P0188,WH004,20-07-2025,1048,462,542,968,324,165,1985697.12,Normal,6.63
INVT001121,PO001121,P0138,WH004,04-04-2025,280,136,157,259,183,201,15259715.38,Normal,1.77
INVT001122,PO001122,P0048,WH002,24-02-2026,36,244,284,0,370,99,0,Stockout,0
INVT001123,PO001123,P0275,WH003,20-11-2025,1348,551,325,1574,361,144,64157451.98,Normal,5.91
INVT001124,PO001124,P0087,WH004,30-05-2025,521,431,80,872,237,242,65093858.24,Normal,5.97
INVT001125,PO001125,P0010,WH001,19-08-2025,585,136,104,617,380,29,6270139.1,Normal,2.66
INVT001126,PO001126,P0127,WH002,21-09-2025,1275,971,647,1599,369,148,125718272.9,Normal,8.62
INVT001127,PO001127,P0129,WH001,05-02-2025,470,320,142,648,126,140,11549887.2,Overstock,2.8
INVT001128,PO001128,P0076,WH004,26-02-2026,1088,115,57,1146,315,60,84004630.62,Normal,7.85
INVT001129,PO001129,P0062,WH001,04-09-2025,895,735,1054,576,299,57,39759696,Normal,2.49
INVT001130,PO001130,P0057,WH004,09-07-2025,161,435,419,177,45,53,7703979.87,Normal,1.21
INVT001131,PO001131,P0104,WH002,26-03-2026,140,749,330,559,297,48,14488514.17,Normal,3.01
INVT001132,PO001132,P0172,WH001,28-06-2025,409,11,7,413,170,34,191334.64,Normal,1.78
INVT001133,PO001133,P0098,WH001,12-04-2026,53,181,112,122,256,35,2394550.12,Reorder,0.53
INVT001134,PO001134,P0113,WH001,26-03-2026,80,53,51,82,63,183,4559893.72,Normal,0.35
INVT001135,PO001135,P0182,WH001,07-02-2025,1017,954,726,1245,293,195,29357809.65,Normal,5.37
INVT001136,PO001136,P0261,WH002,05-05-2025,490,412,552,350,132,180,2574201,Normal,1.89
INVT001137,PO001137,P0276,WH002,22-03-2025,1362,19,21,1360,382,193,100080754.4,Normal,7.33
INVT001138,PO001138,P0298,WH003,18-04-2026,1090,359,22,1427,432,66,22405812.18,Normal,5.35
INVT001139,PO001139,P0002,WH001,20-03-2026,728,477,651,554,301,86,45039236.04,Normal,2.39
INVT001140,PO001140,P0151,WH003,11-07-2025,330,953,990,293,390,115,2092178.22,Reorder,1.1
INVT001141,PO001141,P0250,WH003,15-05-2026,1809,701,947,1563,485,23,94593041.34,Normal,5.87
INVT001142,PO001142,P0200,WH003,12-01-2026,778,575,362,991,422,173,77159973.52,Normal,3.72
INVT001143,PO001143,P0236,WH004,22-12-2025,338,953,750,541,480,237,41291170.39,Normal,3.7
INVT001144,PO001144,P0192,WH001,26-11-2025,219,160,177,202,215,162,9316951.04,Reorder,0.87
INVT001145,PO001145,P0296,WH003,03-05-2026,749,703,1006,446,422,228,16320950.76,Normal,1.67
INVT001146,PO001146,P0119,WH002,11-11-2025,155,319,205,269,226,66,635488.29,Normal,1.45
INVT001147,PO001147,P0266,WH001,24-09-2025,800,496,317,979,470,103,82073055.24,Normal,4.22
INVT001148,PO001148,P0287,WH001,15-01-2026,444,544,303,685,254,99,55357569.45,Normal,2.96
INVT001149,PO001149,P0296,WH001,02-05-2025,1371,632,312,1691,422,228,72380431.03,Normal,7.3
INVT001150,PO001150,P0063,WH003,16-12-2025,1341,830,649,1522,443,35,44966637.68,Normal,5.71
INVT001151,PO001151,P0072,WH003,16-02-2026,914,578,16,1476,290,216,10058821.92,Overstock,5.54
INVT001152,PO001152,P0182,WH003,05-06-2026,211,364,10,565,293,195,12603986.1,Normal,2.12
INVT001153,PO001153,P0187,WH002,14-07-2025,282,683,123,842,114,24,31343340.54,Overstock,4.54
INVT001154,PO001154,P0214,WH003,07-01-2026,434,706,913,227,124,156,5440760.97,Normal,0.85
INVT001155,PO001155,P0016,WH001,08-03-2026,26,879,267,638,38,195,54343162.06,Overstock,2.75
INVT001156,PO001156,P0168,WH001,22-01-2025,299,49,9,339,156,80,27953370.48,Normal,1.46
INVT001157,PO001157,P0189,WH003,05-01-2025,208,486,644,50,72,109,2488838.5,Reorder,0.19
INVT001158,PO001158,P0165,WH003,28-08-2025,142,534,458,218,491,224,10882028.08,Reorder,0.82
INVT001159,PO001159,P0124,WH003,20-03-2025,175,111,73,213,411,167,14552630.73,Reorder,0.8
INVT001160,PO001160,P0043,WH002,08-02-2026,563,419,304,678,466,119,14732289.12,Normal,3.66
INVT001161,PO001161,P0050,WH003,04-06-2026,426,880,1151,155,162,116,5885632.1,Reorder,0.58
INVT001162,PO001162,P0155,WH001,01-08-2025,133,165,210,88,338,157,4447922.16,Reorder,0.38
INVT001163,PO001163,P0085,WH004,18-05-2025,633,857,915,575,306,81,36631893,Normal,3.94
INVT001164,PO001164,P0241,WH001,09-06-2025,336,352,268,420,252,138,10841951.4,Normal,1.81
INVT001165,PO001165,P0296,WH004,25-04-2026,673,740,1012,401,422,228,16797837.87,Reorder,2.75
INVT001166,PO001166,P0105,WH004,09-06-2025,376,70,7,439,175,213,4883817.93,Normal,3.01
INVT001167,PO001167,P0257,WH004,25-07-2026,1145,52,45,1152,336,211,70011118.08,Normal,7.89
INVT001168,PO001168,P0240,WH003,11-01-2026,159,836,766,229,378,29,19036387.57,Reorder,0.86
INVT001169,PO001169,P0135,WH004,21-07-2025,39,808,624,223,182,127,14060152.23,Normal,1.53
INVT001170,PO001170,P0255,WH003,23-01-2026,411,573,716,268,163,172,12098160.52,Normal,1.01
INVT001171,PO001171,P0246,WH004,31-03-2025,430,322,337,415,213,207,30660751.95,Normal,2.84
INVT001172,PO001172,P0141,WH001,25-11-2025,450,961,844,567,230,103,14039946.27,Normal,2.45
INVT001173,PO001173,P0156,WH003,07-05-2026,427,911,957,381,140,169,24975087.21,Normal,1.43
INVT001174,PO001174,P0270,WH002,31-12-2025,984,807,60,1731,429,112,115175166.2,Normal,9.33
INVT001175,PO001175,P0066,WH003,11-01-2025,464,242,235,471,379,91,22837428.81,Normal,1.77
INVT001176,PO001176,P0030,WH002,04-11-2025,743,283,253,773,258,168,68552971.63,Normal,4.17
INVT001177,PO001177,P0053,WH004,08-02-2025,35,860,975,0,53,166,0,Stockout,0
INVT001178,PO001178,P0145,WH004,13-09-2025,103,769,958,0,30,79,0,Stockout,0
INVT001179,PO001179,P0277,WH003,30-03-2025,42,134,188,0,33,25,0,Stockout,0
INVT001180,PO001180,P0265,WH001,13-07-2026,271,902,1102,71,167,227,1982120.49,Reorder,0.31
INVT001181,PO001181,P0285,WH004,06-03-2025,478,854,785,547,165,178,37846837.01,Normal,3.74
INVT001182,PO001182,P0245,WH002,09-08-2025,638,551,408,781,190,168,39381753.18,Normal,4.21
INVT001183,PO001183,P0269,WH001,27-01-2026,744,125,1,868,252,243,75417091.4,Normal,3.75
INVT001184,PO001184,P0080,WH003,19-08-2025,1097,93,31,1159,332,36,42436101.19,Normal,4.35
INVT001185,PO001185,P0076,WH001,27-05-2025,251,963,3,1211,315,60,89424514.83,Normal,5.23
INVT001186,PO001186,P0132,WH001,22-02-2026,67,605,767,0,62,174,0,Stockout,0
INVT001187,PO001187,P0081,WH001,24-08-2025,350,510,238,622,211,168,18303737.06,Normal,2.68
INVT001188,PO001188,P0078,WH004,12-01-2025,22,89,7,104,89,82,4636096.4,Normal,0.71
INVT001189,PO001189,P0145,WH002,28-06-2025,114,347,430,31,30,79,1972486.29,Normal,0.17
INVT001190,PO001190,P0014,WH003,26-07-2025,54,334,140,248,31,150,5394915.12,Overstock,0.93
INVT001191,PO001191,P0142,WH003,13-03-2026,630,630,726,534,301,101,28834574.22,Normal,2
INVT001192,PO001192,P0264,WH002,24-04-2026,71,551,432,190,126,166,2486364.7,Normal,1.02
INVT001193,PO001193,P0018,WH003,29-03-2026,358,677,958,77,357,159,2451801.66,Reorder,0.29
INVT001194,PO001194,P0223,WH002,03-01-2025,804,488,66,1226,362,20,2939003.98,Normal,6.61
INVT001195,PO001195,P0198,WH004,15-01-2025,102,887,1235,0,38,223,0,Stockout,0
INVT001196,PO001196,P0298,WH003,03-04-2026,175,915,232,858,432,66,11905127.52,Normal,3.22
INVT001197,PO001197,P0001,WH003,13-04-2026,268,400,451,217,364,114,10451646.59,Reorder,0.81
INVT001198,PO001198,P0083,WH001,05-10-2025,416,396,567,245,435,180,12469640.05,Reorder,1.06
INVT001199,PO001199,P0132,WH002,22-08-2025,28,459,215,272,62,174,6949534.72,Normal,1.47
INVT001200,PO001200,P0151,WH002,31-07-2026,477,862,830,509,390,115,3356992.43,Normal,2.74
INVT001201,PO001201,P0227,WH001,27-12-2025,214,904,534,584,109,237,16378256.64,Overstock,2.52
INVT001202,PO001202,P0162,WH001,22-05-2026,141,64,70,135,216,189,8080128,Reorder,0.58
INVT001203,PO001203,P0015,WH002,26-07-2026,687,173,200,660,340,128,49191984.6,Normal,3.56
INVT001204,PO001204,P0076,WH003,16-12-2025,852,542,267,1127,315,60,82382820.94,Normal,4.23
INVT001205,PO001205,P0197,WH004,08-09-2025,637,293,268,662,223,17,15149075.6,Normal,4.53
INVT001206,PO001206,P0002,WH003,18-11-2025,376,590,208,758,301,86,58111213.46,Normal,2.84
INVT001207,PO001207,P0145,WH002,22-12-2025,109,993,727,375,30,79,24329002.5,Overstock,2.02
INVT001208,PO001208,P0268,WH004,19-07-2025,538,635,719,454,208,247,10922745.14,Normal,3.11
INVT001209,PO001209,P0297,WH003,26-01-2025,1442,522,412,1552,364,12,39168336.16,Normal,5.82
INVT001210,PO001210,P0192,WH003,14-01-2025,733,492,479,746,215,162,33261946.76,Normal,2.8
INVT001211,PO001211,P0165,WH001,21-11-2025,696,228,171,753,491,224,37370599.35,Normal,3.25
INVT001212,PO001212,P0192,WH001,31-01-2025,36,139,102,73,215,162,3074153.37,Reorder,0.32
INVT001213,PO001213,P0097,WH004,12-02-2026,140,112,161,91,197,84,6329501.36,Reorder,0.62
INVT001214,PO001214,P0284,WH003,24-09-2025,351,468,517,302,318,224,9818131.74,Reorder,1.13
INVT001215,PO001215,P0208,WH003,24-11-2025,426,830,755,501,159,116,16886600.79,Normal,1.88
INVT001216,PO001216,P0258,WH004,06-06-2026,687,396,36,1047,331,246,28387771.68,Normal,7.17
INVT001217,PO001217,P0095,WH001,15-07-2025,1486,495,462,1519,393,151,39828726.84,Normal,6.56
INVT001218,PO001218,P0260,WH003,09-07-2026,1364,162,35,1491,341,72,46113498.9,Normal,5.6
INVT001219,PO001219,P0213,WH004,23-11-2025,110,313,213,210,76,205,12648663.3,Normal,1.44
INVT001220,PO001220,P0221,WH002,20-11-2025,415,127,28,514,187,23,25107784.62,Normal,2.77
INVT001221,PO001221,P0053,WH003,02-09-2025,42,746,343,445,53,166,14845734,Overstock,1.67
INVT001222,PO001222,P0059,WH002,17-12-2025,1708,918,847,1779,460,48,102592599.5,Normal,9.59
INVT001223,PO001223,P0014,WH004,15-11-2025,12,824,421,415,31,150,9633942.8,Overstock,2.84
INVT001224,PO001224,P0039,WH001,06-08-2025,14,655,966,0,67,207,0,Stockout,0
INVT001225,PO001225,P0024,WH002,14-09-2025,141,990,346,785,413,147,21413410.55,Normal,4.23
INVT001226,PO001226,P0022,WH002,06-10-2025,785,27,19,793,356,116,47195593.25,Normal,4.28
INVT001227,PO001227,P0006,WH003,03-07-2025,175,952,95,1032,205,68,67243819.68,Overstock,3.87
INVT001228,PO001228,P0064,WH003,26-07-2026,862,573,802,633,499,106,54740453.73,Normal,2.38
INVT001229,PO001229,P0141,WH002,31-01-2026,807,281,363,725,230,103,16653743,Normal,3.91
INVT001230,PO001230,P0261,WH004,26-10-2025,462,232,122,572,132,180,4017790.92,Normal,3.92
INVT001231,PO001231,P0205,WH001,25-12-2025,430,917,554,793,480,72,19168380.14,Normal,3.42
INVT001232,PO001232,P0021,WH004,05-03-2026,334,183,89,428,254,131,11797383.44,Normal,2.93
INVT001233,PO001233,P0169,WH001,01-05-2026,270,843,714,399,257,169,33415807.11,Normal,1.72
INVT001234,PO001234,P0082,WH003,05-07-2026,3,524,445,82,151,103,4173708.98,Reorder,0.31
INVT001235,PO001235,P0143,WH002,09-06-2026,83,327,259,151,36,230,12530129.49,Normal,0.81
INVT001236,PO001236,P0254,WH003,12-01-2026,235,829,409,655,193,239,48622824.6,Normal,2.46
INVT001237,PO001237,P0298,WH004,05-07-2026,337,612,582,367,432,66,5442683.4,Reorder,2.51
INVT001238,PO001238,P0268,WH003,27-07-2025,761,970,889,842,208,247,18386838.2,Normal,3.16
INVT001239,PO001239,P0107,WH004,16-09-2025,840,790,404,1226,328,235,39094614.44,Normal,8.39
INVT001240,PO001240,P0040,WH002,28-02-2026,690,469,379,780,191,99,30571195.2,Normal,4.21
INVT001241,PO001241,P0165,WH002,10-07-2025,726,492,336,882,491,224,47508674.22,Normal,4.76
INVT001242,PO001242,P0135,WH004,05-11-2025,597,626,768,455,182,127,32697442.05,Normal,3.11
INVT001243,PO001243,P0186,WH002,24-12-2025,250,859,41,1068,147,34,71523821.16,Overstock,5.76
INVT001244,PO001244,P0090,WH004,08-08-2025,115,787,649,253,76,160,19020448.92,Normal,1.73
INVT001245,PO001245,P0247,WH002,09-02-2026,811,203,26,988,303,118,31362578,Normal,5.33
INVT001246,PO001246,P0300,WH004,25-03-2025,717,293,203,807,213,163,2167747.26,Normal,5.52
INVT001247,PO001247,P0224,WH001,29-06-2026,380,939,229,1090,187,112,40063571.3,Overstock,4.7
INVT001248,PO001248,P0140,WH004,08-01-2026,1007,744,325,1426,462,58,95877138.52,Normal,9.76
INVT001249,PO001249,P0187,WH002,18-03-2026,101,54,32,123,114,24,4393628.88,Normal,0.66
INVT001250,PO001250,P0033,WH001,04-03-2026,325,921,1369,0,441,103,0,Stockout,0
INVT001251,PO001251,P0194,WH002,24-05-2025,114,383,496,1,145,42,68866.2,Reorder,0.01
INVT001252,PO001252,P0265,WH002,08-05-2025,282,762,984,60,167,227,1696027.8,Reorder,0.32
INVT001253,PO001253,P0012,WH003,13-04-2025,700,812,389,1123,307,35,92004436.51,Normal,4.21
INVT001254,PO001254,P0234,WH004,06-07-2026,304,113,100,317,150,113,7327825.89,Normal,2.17
INVT001255,PO001255,P0277,WH002,31-03-2026,88,542,121,509,33,25,36665346.72,Overstock,2.74
INVT001256,PO001256,P0126,WH004,03-06-2026,282,690,824,148,226,14,8163432.84,Reorder,1.01
INVT001257,PO001257,P0165,WH004,02-04-2026,867,460,105,1222,491,224,61323015,Normal,8.37
INVT001258,PO001258,P0073,WH003,05-04-2025,420,875,812,483,216,72,15582318.99,Normal,1.81
INVT001259,PO001259,P0098,WH001,11-05-2026,83,130,36,177,256,35,3882344.55,Reorder,0.76
INVT001260,PO001260,P0209,WH004,11-06-2026,647,271,95,823,236,35,71093052.63,Normal,5.63
INVT001261,PO001261,P0121,WH004,04-01-2026,278,151,111,318,119,200,5081760.84,Normal,2.18
INVT001262,PO001262,P0161,WH004,01-11-2025,119,796,1067,0,40,242,0,Stockout,0
INVT001263,PO001263,P0142,WH004,04-10-2025,955,685,863,777,301,101,43954252.86,Normal,5.32
INVT001264,PO001264,P0140,WH003,07-01-2026,365,470,57,778,462,58,54920435.96,Normal,2.92
INVT001265,PO001265,P0285,WH004,09-03-2026,597,436,340,693,165,178,46087632.36,Normal,4.74
INVT001266,PO001266,P0288,WH001,20-04-2026,44,492,460,76,42,71,2535901.88,Normal,0.33
INVT001267,PO001267,P0299,WH001,21-07-2026,122,860,249,733,471,18,4821989.19,Normal,3.16
INVT001268,PO001268,P0248,WH001,22-07-2026,536,62,63,535,444,184,42937537.8,Normal,2.31
INVT001269,PO001269,P0184,WH003,30-06-2026,17,496,630,0,157,106,0,Stockout,0
INVT001270,PO001270,P0096,WH001,24-06-2026,631,630,553,708,303,232,26733173.76,Normal,3.06
INVT001271,PO001271,P0263,WH002,28-05-2025,229,664,847,46,72,247,3268464.68,Reorder,0.25
INVT001272,PO001272,P0025,WH003,30-05-2025,214,401,236,379,417,19,5423103.42,Reorder,1.42
INVT001273,PO001273,P0008,WH002,03-12-2025,143,956,1303,0,81,100,0,Stockout,0
INVT001274,PO001274,P0213,WH002,29-06-2025,80,94,74,100,76,205,6605401,Normal,0.54
INVT001275,PO001275,P0238,WH003,27-07-2026,646,749,917,478,179,171,24528809,Normal,1.79
INVT001276,PO001276,P0045,WH002,06-03-2025,969,450,193,1226,388,79,55056558.22,Normal,6.61
INVT001277,PO001277,P0094,WH004,06-07-2025,157,909,793,273,216,65,6471828.09,Normal,1.87
INVT001278,PO001278,P0225,WH004,23-10-2025,843,21,11,853,347,132,57669026.9,Normal,5.84
INVT001279,PO001279,P0271,WH004,01-03-2025,149,43,47,145,144,210,1837651.7,Normal,0.99
INVT001280,PO001280,P0100,WH004,22-05-2026,286,168,179,275,311,64,214340.5,Reorder,1.88
INVT001281,PO001281,P0300,WH002,06-02-2026,107,240,87,260,213,163,668725.2,Normal,1.4
INVT001282,PO001282,P0069,WH002,29-01-2026,978,77,24,1031,302,96,43528448.84,Normal,5.56
INVT001283,PO001283,P0279,WH004,01-01-2026,543,177,161,559,138,52,41547473.76,Normal,3.83
INVT001284,PO001284,P0202,WH004,30-07-2025,878,630,600,908,297,174,27496746.08,Normal,6.22
INVT001285,PO001285,P0174,WH003,18-12-2025,1491,577,853,1215,391,52,90261329.4,Normal,4.56
INVT001286,PO001286,P0012,WH002,20-01-2026,781,725,801,705,307,35,63424620,Normal,3.8
INVT001287,PO001287,P0230,WH001,04-05-2026,267,193,255,205,346,159,11223237.5,Reorder,0.88
INVT001288,PO001288,P0068,WH003,20-09-2025,403,756,150,1009,409,202,5249635.29,Normal,3.79
INVT001289,PO001289,P0066,WH004,26-02-2026,861,839,167,1533,379,91,65452891.35,Normal,10.49
INVT001290,PO001290,P0209,WH004,16-06-2026,243,792,99,936,236,35,74995137.36,Normal,6.41
INVT001291,PO001291,P0217,WH004,25-05-2025,1481,320,288,1513,394,47,106950807.8,Normal,10.36
INVT001292,PO001292,P0078,WH003,02-08-2025,34,270,220,84,89,82,3879498.84,Reorder,0.32
INVT001293,PO001293,P0054,WH003,27-01-2025,82,488,371,199,114,156,9883378.78,Normal,0.75
INVT001294,PO001294,P0023,WH003,10-12-2025,143,259,161,241,301,65,4698781.82,Reorder,0.9
INVT001295,PO001295,P0077,WH004,19-07-2026,46,512,33,525,173,144,19216333.5,Normal,3.59
INVT001296,PO001296,P0161,WH003,08-12-2025,140,596,642,94,40,242,4486838.08,Normal,0.35
INVT001297,PO001297,P0292,WH004,11-01-2025,592,663,6,1249,355,98,86534541.94,Normal,8.55
INVT001298,PO001298,P0267,WH001,15-01-2025,375,657,43,989,309,30,12199651.26,Normal,4.27
INVT001299,PO001299,P0025,WH004,28-05-2025,1294,479,69,1704,417,19,25650993.6,Normal,11.66
INVT001300,PO001300,P0031,WH001,29-10-2025,615,89,36,668,378,181,8330708.16,Normal,2.88
INVT001301,PO001301,P0291,WH003,09-09-2025,1018,948,1333,633,329,249,52690976.97,Normal,2.38
INVT001302,PO001302,P0025,WH003,10-04-2025,267,976,1065,178,417,19,2517607.08,Reorder,0.67
INVT001303,PO001303,P0240,WH002,02-07-2026,568,143,40,671,378,29,53792439.47,Normal,3.62
INVT001304,PO001304,P0125,WH003,10-10-2025,93,629,12,710,177,14,8539588.9,Normal,2.66
INVT001305,PO001305,P0129,WH003,23-04-2026,11,809,974,0,126,140,0,Stockout,0
INVT001306,PO001306,P0156,WH003,06-09-2025,524,892,611,805,140,169,58265215.75,Overstock,3.02
INVT001307,PO001307,P0265,WH004,08-05-2025,533,192,227,498,167,227,15400600.2,Normal,3.41
INVT001308,PO001308,P0072,WH004,10-06-2025,440,933,96,1277,290,216,8777165.79,Normal,8.74
INVT001309,PO001309,P0193,WH004,14-06-2025,922,543,737,728,470,163,18815902.56,Normal,4.98
INVT001310,PO001310,P0064,WH004,10-12-2025,1642,964,1342,1264,499,106,98200728.8,Normal,8.65
INVT001311,PO001311,P0024,WH004,09-08-2025,542,805,632,715,413,147,21844258.15,Normal,4.89
INVT001312,PO001312,P0011,WH001,08-09-2025,690,504,590,604,348,26,34672070.36,Normal,2.61
INVT001313,PO001313,P0199,WH003,29-06-2025,763,860,504,1119,325,187,62361411.21,Normal,4.2
INVT001314,PO001314,P0060,WH001,02-12-2025,15,256,95,176,311,48,950285.6,Reorder,0.76
INVT001315,PO001315,P0170,WH004,06-05-2026,263,370,7,626,210,177,43848714.62,Normal,4.29
INVT001316,PO001316,P0264,WH003,18-11-2025,277,252,323,206,126,166,2743800.52,Normal,0.77
INVT001317,PO001317,P0014,WH004,10-01-2025,101,409,382,128,31,150,2948668.16,Normal,0.88
INVT001318,PO001318,P0106,WH001,27-03-2026,820,63,55,828,213,184,15213514.68,Normal,3.57
INVT001319,PO001319,P0254,WH001,08-03-2025,471,912,37,1346,193,239,87893826.92,Overstock,5.81
INVT001320,PO001320,P0062,WH004,25-04-2025,892,627,624,895,299,57,59230643.55,Normal,6.13
INVT001321,PO001321,P0262,WH002,11-10-2025,624,451,37,1038,159,57,79069504.68,Overstock,5.6
INVT001322,PO001322,P0241,WH003,01-08-2025,276,19,4,291,252,138,8240156.79,Normal,1.09
INVT001323,PO001323,P0005,WH002,28-09-2025,110,134,120,124,145,104,4512501.36,Reorder,0.67
INVT001324,PO001324,P0258,WH002,09-05-2025,48,871,1021,0,331,246,0,Stockout,0
INVT001325,PO001325,P0014,WH002,21-03-2026,17,473,308,182,31,150,4124549.52,Overstock,0.98
INVT001326,PO001326,P0223,WH001,15-04-2025,744,817,1076,485,362,20,1134696.3,Normal,2.09
INVT001327,PO001327,P0276,WH004,20-03-2026,1478,679,819,1338,382,193,115608846.4,Normal,9.16
INVT001328,PO001328,P0006,WH001,02-04-2026,726,987,320,1393,205,68,89369739.83,Overstock,6.01
INVT001329,PO001329,P0092,WH004,02-06-2025,686,863,814,735,369,36,13259488.2,Normal,5.03
INVT001330,PO001330,P0172,WH002,06-11-2025,28,114,146,0,170,34,0,Stockout,0
INVT001331,PO001331,P0016,WH004,18-05-2025,96,582,529,149,38,195,13317700.46,Normal,1.02
INVT001332,PO001332,P0066,WH002,01-04-2025,1505,52,13,1544,379,91,67961151.76,Normal,8.33
INVT001333,PO001333,P0093,WH004,25-06-2026,729,565,833,461,224,216,19318043.65,Normal,3.16
INVT001334,PO001334,P0085,WH004,01-02-2025,681,754,1029,406,306,81,28119677.74,Normal,2.78
INVT001335,PO001335,P0007,WH001,27-12-2025,38,100,111,27,194,82,1761648.48,Reorder,0.12
INVT001336,PO001336,P0231,WH001,16-05-2025,403,940,1220,123,295,51,5775230.07,Reorder,0.53
INVT001337,PO001337,P0105,WH004,21-02-2026,114,809,1096,0,175,213,0,Stockout,0
INVT001338,PO001338,P0265,WH003,12-03-2026,187,115,52,250,167,227,7084905,Normal,0.94
INVT001339,PO001339,P0167,WH002,17-05-2025,1640,938,885,1693,451,169,27596120.09,Normal,9.13
INVT001340,PO001340,P0027,WH001,13-05-2025,362,678,456,584,495,214,37186462.8,Normal,2.52
INVT001341,PO001341,P0203,WH001,16-08-2025,106,597,729,0,63,71,0,Stockout,0
INVT001342,PO001342,P0035,WH001,14-03-2025,597,882,1251,228,489,155,11816453.4,Reorder,0.98
INVT001343,PO001343,P0139,WH004,06-09-2025,25,341,80,286,42,232,18068215.88,Overstock,1.96
INVT001344,PO001344,P0246,WH003,19-11-2025,325,898,343,880,213,207,60988514.4,Normal,3.3
INVT001345,PO001345,P0280,WH003,02-02-2026,809,574,717,666,269,158,23360915.7,Normal,2.5
INVT001346,PO001346,P0300,WH004,05-05-2025,218,741,267,692,213,163,1951737.56,Normal,4.74
INVT001347,PO001347,P0185,WH003,26-10-2025,514,610,768,356,166,111,16958839.64,Normal,1.34
INVT001348,PO001348,P0132,WH004,26-03-2026,138,68,4,202,62,174,6048401.16,Normal,1.38
INVT001349,PO001349,P0150,WH004,25-07-2026,114,610,311,413,80,75,29943755.52,Overstock,2.83
INVT001350,PO001350,P0225,WH003,21-11-2025,853,106,130,829,347,132,61131728.37,Normal,3.11
INVT001351,PO001351,P0286,WH003,01-08-2025,303,873,1126,50,421,85,3033210.5,Reorder,0.19
INVT001352,PO001352,P0146,WH002,30-08-2025,136,908,784,260,52,166,16199549.6,Normal,1.4
INVT001353,PO001353,P0141,WH004,19-02-2025,705,693,309,1089,230,103,27800340.48,Normal,7.45
INVT001354,PO001354,P0098,WH003,04-02-2025,638,188,205,621,256,35,11687977.62,Normal,2.33
INVT001355,PO001355,P0297,WH002,29-03-2025,849,956,1221,584,364,12,13338343.92,Normal,3.15
INVT001356,PO001356,P0195,WH002,03-01-2025,78,808,64,822,97,205,41621920.68,Overstock,4.43
INVT001357,PO001357,P0086,WH002,21-11-2025,883,79,28,934,442,229,39763761.08,Normal,5.04
INVT001358,PO001358,P0188,WH004,03-04-2025,835,523,228,1130,324,165,1997207.2,Normal,7.74
INVT001359,PO001359,P0273,WH001,17-01-2026,465,295,10,750,217,132,55679227.5,Normal,3.24
INVT001360,PO001360,P0140,WH002,17-03-2026,1418,456,478,1396,462,58,87995254.6,Normal,7.53
INVT001361,PO001361,P0267,WH004,08-02-2025,844,89,22,911,309,30,10745518.3,Normal,6.24
INVT001362,PO001362,P0275,WH004,19-07-2025,229,728,857,100,361,144,4079450,Reorder,0.68
INVT001363,PO001363,P0199,WH001,25-03-2025,32,190,50,172,325,187,10307187.72,Reorder,0.74
INVT001364,PO001364,P0031,WH003,04-09-2025,1018,113,46,1085,378,181,13978543.25,Normal,4.07
INVT001365,PO001365,P0008,WH003,18-12-2025,308,909,475,742,81,100,42300114.08,Overstock,2.78
INVT001366,PO001366,P0136,WH004,22-10-2025,468,898,697,669,441,74,25513632.93,Normal,4.58
INVT001367,PO001367,P0238,WH001,31-05-2025,76,515,651,0,179,171,0,Stockout,0
INVT001368,PO001368,P0151,WH003,07-06-2026,1057,520,421,1156,390,115,6974078.64,Normal,4.34
INVT001369,PO001369,P0127,WH004,18-04-2026,575,126,57,644,369,148,46615991.52,Normal,4.41
INVT001370,PO001370,P0192,WH002,28-02-2026,136,477,493,120,215,162,4959428.4,Reorder,0.65
INVT001371,PO001371,P0192,WH002,06-08-2025,617,952,450,1119,215,162,55300655.49,Overstock,6.03
INVT001372,PO001372,P0013,WH001,24-11-2025,522,362,152,732,440,231,11191020.96,Normal,3.16
INVT001373,PO001373,P0094,WH002,24-02-2025,267,489,625,131,216,65,3213334.37,Reorder,0.71
INVT001374,PO001374,P0188,WH002,11-04-2025,476,825,758,543,324,165,1032579.66,Normal,2.93
INVT001375,PO001375,P0251,WH001,11-11-2025,679,70,81,668,184,38,28127689.76,Normal,2.88
INVT001376,PO001376,P0276,WH002,11-07-2026,190,740,913,17,382,193,1299433.76,Reorder,0.09
INVT001377,PO001377,P0268,WH003,06-07-2025,56,181,109,128,208,247,2971712,Reorder,0.48
INVT001378,PO001378,P0213,WH001,07-02-2026,193,163,130,226,76,205,14347472.14,Normal,0.98
INVT001379,PO001379,P0118,WH001,08-03-2025,1106,598,619,1085,460,187,78521070.25,Normal,4.68
INVT001380,PO001380,P0074,WH001,01-03-2026,164,843,609,398,87,78,19921953.68,Normal,1.72
INVT001381,PO001381,P0250,WH004,15-07-2025,1636,587,746,1477,485,23,83649717.76,Normal,10.11
INVT001382,PO001382,P0163,WH004,24-06-2025,434,972,547,859,201,83,41892794.34,Normal,5.88
INVT001383,PO001383,P0088,WH003,26-07-2026,230,108,100,238,384,57,5355268.94,Reorder,0.89
INVT001384,PO001384,P0282,WH001,10-01-2026,372,548,636,284,246,248,11981528.32,Normal,1.23
INVT001385,PO001385,P0291,WH004,22-07-2025,1256,851,109,1998,329,249,144567927.4,Overstock,13.68
INVT001386,PO001386,P0236,WH001,12-06-2025,1378,376,64,1690,480,237,123296823,Normal,7.29
INVT001387,PO001387,P0243,WH001,12-07-2026,1506,110,165,1451,377,159,1108288.31,Normal,6.26
INVT001388,PO001388,P0166,WH003,06-12-2025,208,74,42,240,209,166,4777252.8,Normal,0.9
INVT001389,PO001389,P0215,WH001,16-07-2025,222,581,625,178,86,75,5794741.94,Normal,0.77
INVT001390,PO001390,P0238,WH003,30-06-2025,682,656,456,882,179,171,39305553.84,Normal,3.31
INVT001391,PO001391,P0112,WH002,29-07-2025,755,418,197,976,439,184,22403426.08,Normal,5.26
INVT001392,PO001392,P0154,WH002,07-05-2026,1260,121,165,1216,404,23,38881004.16,Normal,6.56
INVT001393,PO001393,P0269,WH002,23-07-2025,168,446,617,0,252,243,0,Stockout,0
INVT001394,PO001394,P0053,WH004,02-11-2025,194,795,1071,0,53,166,0,Stockout,0
INVT001395,PO001395,P0091,WH003,16-02-2025,1362,538,432,1468,382,83,46293849.76,Normal,5.51
INVT001396,PO001396,P0038,WH001,05-03-2026,505,836,947,394,339,40,13087773.8,Normal,1.7
INVT001397,PO001397,P0016,WH003,29-04-2025,143,99,71,171,38,195,14254512.12,Normal,0.64
INVT001398,PO001398,P0075,WH004,18-07-2025,342,148,47,443,105,160,9833005.2,Normal,3.03
INVT001399,PO001399,P0132,WH002,22-05-2026,39,205,228,16,62,174,494556.32,Reorder,0.09
INVT001400,PO001400,P0201,WH002,24-04-2025,86,853,1173,0,47,245,0,Stockout,0
INVT001401,PO001401,P0173,WH001,20-02-2025,1281,529,716,1094,340,55,38015395.06,Normal,4.72
INVT001402,PO001402,P0002,WH003,27-02-2025,182,772,1008,0,301,86,0,Stockout,0
INVT001403,PO001403,P0138,WH004,14-06-2026,723,647,490,880,183,201,52858432,Normal,6.02
INVT001404,PO001404,P0233,WH004,14-04-2026,169,558,672,55,59,136,2206099.5,Reorder,0.38
INVT001405,PO001405,P0192,WH002,17-01-2026,595,199,263,531,215,162,23554852.02,Normal,2.86
INVT001406,PO001406,P0050,WH001,07-01-2025,571,977,1293,255,162,116,10407498.6,Normal,1.1
INVT001407,PO001407,P0225,WH003,10-02-2025,343,915,317,941,347,132,66958398.24,Normal,3.53
INVT001408,PO001408,P0178,WH003,10-05-2025,3,983,501,485,46,71,11042096.85,Overstock,1.82
INVT001409,PO001409,P0003,WH003,11-03-2025,501,673,103,1071,234,143,81917609.13,Normal,4.02
INVT001410,PO001410,P0263,WH001,29-04-2026,234,886,134,986,72,247,70854098.04,Overstock,4.26
INVT001411,PO001411,P0218,WH001,29-07-2026,101,542,346,297,52,176,13917651.66,Overstock,1.28
INVT001412,PO001412,P0208,WH001,23-07-2025,542,147,31,658,159,116,21570253.32,Normal,2.84
INVT001413,PO001413,P0295,WH002,01-02-2026,597,644,566,675,261,18,48177794.25,Normal,3.64
INVT001414,PO001414,P0281,WH003,25-04-2026,281,616,514,383,94,20,20181966.69,Normal,1.44
INVT001415,PO001415,P0297,WH004,01-04-2026,982,949,1340,591,364,12,14244559.77,Normal,4.05
INVT001416,PO001416,P0067,WH002,15-06-2025,557,821,902,476,217,184,24533934.88,Normal,2.57
INVT001417,PO001417,P0004,WH004,01-04-2026,58,86,116,28,310,85,1863953,Reorder,0.19
INVT001418,PO001418,P0181,WH003,26-10-2025,90,840,1086,0,31,180,0,Stockout,0
INVT001419,PO001419,P0212,WH001,01-04-2026,392,653,711,334,167,225,25483117.84,Normal,1.44
INVT001420,PO001420,P0165,WH003,06-08-2025,228,780,619,389,491,224,18511564.73,Reorder,1.46
INVT001421,PO001421,P0014,WH002,09-02-2026,110,134,153,91,31,150,1940815.24,Normal,0.49
INVT001422,PO001422,P0155,WH002,21-12-2025,949,391,56,1284,338,157,59446875.96,Normal,6.92
INVT001423,PO001423,P0201,WH002,28-01-2025,38,873,43,868,47,245,75104298.92,Overstock,4.68
INVT001424,PO001424,P0190,WH004,03-08-2025,559,715,853,421,238,85,27956189.25,Normal,2.88
INVT001425,PO001425,P0173,WH001,14-03-2025,1269,32,13,1288,340,55,46347327.6,Normal,5.56
INVT001426,PO001426,P0258,WH003,27-02-2025,251,35,40,246,331,246,7437738.66,Reorder,0.92
INVT001427,PO001427,P0173,WH004,23-01-2025,442,738,992,188,340,55,5649080.4,Reorder,1.29
INVT001428,PO001428,P0117,WH002,03-08-2026,1122,850,1237,735,490,224,36729089.25,Normal,3.96
INVT001429,PO001429,P0224,WH001,13-12-2025,97,897,1201,0,187,112,0,Stockout,0
INVT001430,PO001430,P0191,WH004,09-04-2026,1705,169,104,1770,429,204,141990267.3,Normal,12.12
INVT001431,PO001431,P0241,WH002,28-10-2025,169,647,908,0,252,138,0,Stockout,0
INVT001432,PO001432,P0176,WH001,07-07-2026,569,659,193,1035,174,94,32091758.55,Overstock,4.47
INVT001433,PO001433,P0007,WH003,22-08-2025,548,867,748,667,194,82,40640410.05,Normal,2.5
INVT001434,PO001434,P0248,WH003,19-04-2025,1535,434,100,1869,444,184,145074060.2,Normal,7.01
INVT001435,PO001435,P0094,WH001,14-02-2025,148,778,114,812,216,65,21908604.48,Normal,3.5
INVT001436,PO001436,P0278,WH002,09-11-2025,395,285,103,577,495,236,11013089.37,Normal,3.11
INVT001437,PO001437,P0267,WH004,11-10-2025,194,524,757,0,309,30,0,Stockout,0
INVT001438,PO001438,P0132,WH001,12-06-2026,234,879,1079,34,62,174,914827.8,Reorder,0.15
INVT001439,PO001439,P0116,WH003,03-05-2025,45,673,995,0,51,95,0,Stockout,0
INVT001440,PO001440,P0143,WH003,10-03-2026,121,220,293,48,36,230,4280123.04,Normal,0.18
INVT001441,PO001441,P0072,WH004,29-10-2025,1000,738,321,1417,290,216,9246945.24,Normal,9.7
INVT001442,PO001442,P0211,WH004,10-11-2025,148,513,547,114,173,144,4557114.66,Reorder,0.78
INVT001443,PO001443,P0151,WH002,15-10-2025,519,32,30,521,390,115,3518010.82,Normal,2.81
INVT001444,PO001444,P0086,WH003,25-03-2026,1337,368,30,1675,442,229,79975806.25,Normal,6.29
INVT001445,PO001445,P0265,WH001,02-08-2025,617,644,585,676,167,227,21091652.92,Normal,2.92
INVT001446,PO001446,P0288,WH002,01-01-2026,47,605,282,370,42,71,12134042.7,Overstock,2
INVT001447,PO001447,P0205,WH001,04-07-2025,837,803,353,1287,480,72,31111191.54,Normal,5.55
INVT001448,PO001448,P0157,WH004,22-06-2026,781,827,554,1054,432,85,20624872.26,Normal,7.22
INVT001449,PO001449,P0247,WH002,09-07-2026,384,382,446,320,303,118,9305187.2,Normal,1.73
INVT001450,PO001450,P0281,WH002,15-02-2025,132,80,76,136,94,20,7709064.8,Normal,0.73
INVT001451,PO001451,P0018,WH004,22-05-2025,1210,249,150,1309,357,159,37034882.5,Normal,8.96
INVT001452,PO001452,P0131,WH002,27-08-2025,784,297,207,874,393,68,23741353.48,Normal,4.71
INVT001453,PO001453,P0257,WH001,07-10-2025,1134,891,410,1615,336,211,108527919.3,Normal,6.97
INVT001454,PO001454,P0217,WH003,09-08-2025,1039,585,527,1097,394,47,78486488.56,Normal,4.12
INVT001455,PO001455,P0086,WH001,26-08-2025,882,189,270,801,442,229,35091673.83,Normal,3.46
INVT001456,PO001456,P0015,WH004,11-07-2025,715,309,310,714,340,128,55542402.72,Normal,4.89
INVT001457,PO001457,P0265,WH004,13-11-2025,633,836,950,519,167,227,16081822.23,Normal,3.55
INVT001458,PO001458,P0165,WH004,27-09-2025,440,602,3,1039,491,224,48442471.07,Normal,7.11
INVT001459,PO001459,P0051,WH001,08-03-2025,987,857,784,1060,387,133,5509699.8,Normal,4.57
INVT001460,PO001460,P0031,WH004,19-10-2025,481,573,492,562,378,181,7273460.2,Normal,3.85
INVT001461,PO001461,P0287,WH002,15-04-2026,165,539,747,0,254,99,0,Stockout,0
INVT001462,PO001462,P0220,WH003,14-02-2026,118,565,619,64,30,160,5756012.8,Normal,0.24
INVT001463,PO001463,P0075,WH004,21-11-2025,315,458,384,389,105,160,8382164.22,Normal,2.66
INVT001464,PO001464,P0183,WH002,11-05-2026,328,201,202,327,482,121,18979740.54,Reorder,1.76
INVT001465,PO001465,P0205,WH002,01-01-2026,1887,563,537,1913,480,72,50905676.07,Normal,10.31
INVT001466,PO001466,P0188,WH001,23-06-2025,759,715,399,1075,324,165,1905168.75,Normal,4.64
INVT001467,PO001467,P0134,WH001,25-01-2025,859,845,180,1524,245,14,21479637,Overstock,6.58
INVT001468,PO001468,P0094,WH003,28-03-2026,45,685,394,336,216,65,9430401.12,Normal,1.26
INVT001469,PO001469,P0096,WH001,13-06-2025,1076,685,188,1573,303,232,61497441.72,Overstock,6.79
INVT001470,PO001470,P0211,WH004,15-07-2025,95,340,28,407,173,144,17699001.43,Normal,2.79
INVT001471,PO001471,P0284,WH002,22-01-2026,275,483,634,124,318,224,4364383.36,Reorder,0.67
INVT001472,PO001472,P0006,WH002,07-03-2025,290,488,282,496,205,68,38701545.76,Normal,2.67
INVT001473,PO001473,P0068,WH004,15-01-2025,462,688,571,579,409,202,2736041.34,Normal,3.96
INVT001474,PO001474,P0186,WH004,14-01-2026,504,770,791,483,147,34,30718828.98,Normal,3.31
INVT001475,PO001475,P0264,WH003,15-01-2025,504,820,695,629,126,166,9124424.96,Normal,2.36
INVT001476,PO001476,P0101,WH001,17-10-2025,105,970,658,417,36,204,22184808.66,Overstock,1.8
INVT001477,PO001477,P0164,WH002,29-04-2026,1525,337,301,1561,419,83,123941917.1,Normal,8.42
INVT001478,PO001478,P0147,WH004,03-02-2025,862,942,1304,500,335,66,41957880,Normal,3.42
INVT001479,PO001479,P0298,WH002,15-02-2026,80,220,323,0,432,66,0,Stockout,0
INVT001480,PO001480,P0256,WH004,14-01-2025,40,629,230,439,29,170,23395789.43,Overstock,3.01
INVT001481,PO001481,P0272,WH001,01-05-2026,515,746,774,487,133,17,32851622.31,Normal,2.1
INVT001482,PO001482,P0062,WH001,05-11-2025,249,760,777,232,299,57,16193456.16,Reorder,1
INVT001483,PO001483,P0126,WH003,16-10-2025,600,198,67,731,226,14,43025833.97,Normal,2.74
INVT001484,PO001484,P0199,WH002,20-03-2026,1266,706,32,1940,325,187,114709619.8,Overstock,10.46
INVT001485,PO001485,P0181,WH003,03-08-2025,76,170,51,195,31,180,617949.15,Overstock,0.73
INVT001486,PO001486,P0164,WH003,04-05-2026,1255,912,313,1854,419,83,140010594.5,Normal,6.96
INVT001487,PO001487,P0231,WH002,24-02-2026,457,978,754,681,295,51,32684915.07,Normal,3.67
INVT001488,PO001488,P0238,WH004,11-12-2025,127,779,7,899,179,171,43168110.08,Overstock,6.15
INVT001489,PO001489,P0256,WH004,26-01-2026,6,92,92,6,29,170,274303.98,Reorder,0.04
INVT001490,PO001490,P0147,WH004,26-09-2025,296,717,215,798,335,66,64148794.08,Normal,5.46
INVT001491,PO001491,P0148,WH003,22-05-2026,602,221,111,712,247,48,35213448.08,Normal,2.67
INVT001492,PO001492,P0176,WH002,12-03-2026,180,223,284,119,174,94,4002166.35,Reorder,0.64
INVT001493,PO001493,P0148,WH004,28-06-2025,624,178,153,649,247,48,30111808.76,Normal,4.44
INVT001494,PO001494,P0260,WH001,01-04-2025,1299,67,21,1345,341,72,40770379.75,Normal,5.8
INVT001495,PO001495,P0037,WH004,09-07-2026,917,742,92,1567,344,50,51642052,Normal,10.73
INVT001496,PO001496,P0044,WH003,05-12-2025,83,486,407,162,177,19,9264073.68,Reorder,0.61
INVT001497,PO001497,P0178,WH002,23-08-2025,173,326,482,17,46,71,380318.56,Reorder,0.09
INVT001498,PO001498,P0063,WH003,20-05-2025,1543,601,428,1716,443,35,55615525.68,Normal,6.44
INVT001499,PO001499,P0010,WH002,23-07-2026,904,205,64,1045,380,29,9969738.9,Normal,5.63
INVT001500,PO001500,P0049,WH001,03-01-2025,1232,182,201,1213,495,201,37229056.36,Normal,5.23
INVT001501,PO001501,P0021,WH004,12-04-2025,728,572,28,1272,254,131,33750446.64,Overstock,8.71
INVT001502,PO001502,P0159,WH003,24-06-2026,1138,286,62,1362,290,206,41122675.32,Normal,5.11
INVT001503,PO001503,P0269,WH003,21-06-2025,834,886,1041,679,252,243,58460514.84,Normal,2.55
INVT001504,PO001504,P0254,WH004,19-08-2025,34,848,966,0,193,239,0,Stockout,0
INVT001505,PO001505,P0260,WH001,19-07-2025,1239,995,1385,849,341,72,26897474.64,Normal,3.66
INVT001506,PO001506,P0248,WH003,26-01-2025,1368,330,15,1683,444,184,136631022.7,Normal,6.32
INVT001507,PO001507,P0064,WH003,20-06-2025,987,586,217,1356,499,106,101503773.2,Normal,5.09
INVT001508,PO001508,P0109,WH003,02-08-2025,620,233,73,780,373,189,47205857.4,Normal,2.93
INVT001509,PO001509,P0238,WH003,21-09-2025,178,499,124,553,179,171,25777890.39,Normal,2.08
INVT001510,PO001510,P0045,WH001,08-03-2025,84,436,508,12,388,79,572868,Reorder,0.05
INVT001511,PO001511,P0175,WH003,22-01-2026,657,676,235,1098,455,79,7732225.8,Normal,4.12
INVT001512,PO001512,P0127,WH001,16-04-2025,228,127,90,265,369,148,19711680.5,Reorder,1.14
INVT001513,PO001513,P0045,WH002,06-03-2026,377,289,54,612,388,79,28373935.68,Normal,3.3
INVT001514,PO001514,P0251,WH004,21-06-2026,280,311,218,373,184,38,13799038.02,Normal,2.55
INVT001515,PO001515,P0080,WH001,01-07-2025,267,426,169,524,332,36,21253340.44,Normal,2.26
INVT001516,PO001516,P0092,WH003,08-03-2026,1017,77,104,990,369,36,19872646.2,Normal,3.72
INVT001517,PO001517,P0149,WH001,26-02-2025,471,790,826,435,487,100,22220787.45,Reorder,1.88
INVT001518,PO001518,P0099,WH002,04-01-2025,827,532,292,1067,256,250,58619795.63,Normal,5.75
INVT001519,PO001519,P0017,WH002,11-10-2025,1342,997,1242,1097,419,65,76161550.64,Normal,5.92
INVT001520,PO001520,P0031,WH002,13-11-2025,435,196,283,348,378,181,4756568.4,Reorder,1.88
INVT001521,PO001521,P0172,WH002,07-07-2026,180,77,111,146,170,34,56242.12,Reorder,0.79
INVT001522,PO001522,P0150,WH003,02-04-2025,181,627,799,9,80,75,543015.63,Reorder,0.03
INVT001523,PO001523,P0153,WH004,06-08-2025,643,204,190,657,441,216,21249653.22,Normal,4.5
INVT001524,PO001524,P0026,WH004,02-06-2026,126,555,548,133,171,23,10359384.63,Reorder,0.91
INVT001525,PO001525,P0245,WH003,07-04-2025,125,34,3,156,190,168,8074043.64,Reorder,0.59
INVT001526,PO001526,P0001,WH003,28-08-2025,905,601,625,881,364,114,43956790.2,Normal,3.31
INVT001527,PO001527,P0170,WH002,05-02-2026,283,201,278,206,210,177,14747414.34,Reorder,1.11
INVT001528,PO001528,P0252,WH004,19-04-2026,740,648,855,533,413,213,609853.27,Normal,3.65
INVT001529,PO001529,P0239,WH002,25-06-2025,184,229,106,307,338,96,17173929.98,Reorder,1.66
INVT001530,PO001530,P0272,WH002,30-11-2025,5,962,1061,0,133,17,0,Stockout,0
INVT001531,PO001531,P0067,WH002,27-04-2025,162,847,47,962,217,184,47721260.6,Normal,5.19
INVT001532,PO001532,P0281,WH003,21-12-2025,293,957,448,802,94,20,42296878.5,Overstock,3.01
INVT001533,PO001533,P0051,WH001,19-01-2025,1064,506,331,1239,387,133,6505691.64,Normal,5.35
INVT001534,PO001534,P0026,WH002,25-08-2025,510,581,780,311,171,23,22477111.37,Normal,1.68
INVT001535,PO001535,P0250,WH003,20-07-2025,196,478,229,445,485,23,24116227.65,Reorder,1.67
INVT001536,PO001536,P0200,WH003,17-03-2026,487,718,784,421,422,173,37278526.97,Reorder,1.58
INVT001537,PO001537,P0156,WH001,01-03-2025,382,922,1254,50,140,169,3439770,Reorder,0.22
INVT001538,PO001538,P0249,WH002,26-05-2026,37,725,684,78,257,96,818797.98,Reorder,0.42
INVT001539,PO001539,P0183,WH003,15-06-2025,1731,619,147,2203,482,121,141108803.1,Normal,8.27
INVT001540,PO001540,P0080,WH001,15-06-2025,15,736,875,0,332,36,0,Stockout,0
INVT001541,PO001541,P0090,WH003,01-01-2026,34,219,310,0,76,160,0,Stockout,0
INVT001542,PO001542,P0060,WH004,02-04-2025,397,222,226,393,311,48,2037991.89,Normal,2.69
INVT001543,PO001543,P0020,WH004,16-09-2025,47,119,14,152,28,180,11363387.76,Overstock,1.04
INVT001544,PO001544,P0034,WH002,14-03-2026,325,875,123,1077,108,45,47647718.55,Overstock,5.81
INVT001545,PO001545,P0108,WH001,01-01-2025,197,224,114,307,217,213,12405648.96,Normal,1.32
INVT001546,PO001546,P0013,WH003,03-06-2025,1572,728,35,2265,440,231,35460251.1,Overstock,8.5
INVT001547,PO001547,P0179,WH002,02-04-2026,347,218,241,324,128,245,2335502.16,Normal,1.75
INVT001548,PO001548,P0141,WH001,24-03-2026,864,409,244,1029,230,103,22833088.11,Normal,4.44
INVT001549,PO001549,P0291,WH004,05-08-2025,613,797,642,768,329,249,59035660.8,Normal,5.26
INVT001550,PO001550,P0124,WH003,17-06-2025,606,335,388,553,411,167,42599746.7,Normal,2.08
INVT001551,PO001551,P0003,WH002,03-10-2025,152,633,613,172,234,143,14250982.6,Reorder,0.93
INVT001552,PO001552,P0063,WH001,14-10-2025,212,608,581,239,443,35,7158671.4,Reorder,1.03
INVT001553,PO001553,P0292,WH003,04-08-2025,1171,37,42,1166,355,98,78837131.12,Normal,4.38
INVT001554,PO001554,P0010,WH003,05-04-2025,758,995,799,954,380,29,9413881.2,Normal,3.58
INVT001555,PO001555,P0204,WH003,09-05-2026,937,579,848,668,309,156,48722630.76,Normal,2.51
INVT001556,PO001556,P0193,WH002,13-08-2025,396,304,203,497,470,163,14398060.18,Normal,2.68
INVT001557,PO001557,P0029,WH004,24-01-2025,940,492,317,1115,236,45,61393795.5,Normal,7.63
INVT001558,PO001558,P0076,WH002,24-11-2025,1235,259,85,1409,315,60,92075092.47,Normal,7.6
INVT001559,PO001559,P0078,WH001,20-07-2026,59,792,885,0,89,82,0,Stockout,0
INVT001560,PO001560,P0021,WH004,03-03-2025,388,928,603,713,254,131,19009706.54,Normal,4.88
INVT001561,PO001561,P0104,WH004,07-04-2026,42,89,4,127,297,48,3241429.89,Reorder,0.87
INVT001562,PO001562,P0080,WH001,28-09-2025,878,895,1325,448,332,36,18671497.6,Normal,1.93
INVT001563,PO001563,P0038,WH002,09-09-2025,274,937,674,537,339,40,17931793.98,Normal,2.9
INVT001564,PO001564,P0235,WH004,24-09-2025,637,242,65,814,300,200,39791242.26,Normal,5.57
INVT001565,PO001565,P0228,WH003,27-01-2025,318,93,132,279,351,11,24623359.83,Reorder,1.05
INVT001566,PO001566,P0179,WH001,22-12-2025,79,641,436,284,128,245,2042584.8,Normal,1.23
INVT001567,PO001567,P0265,WH002,26-03-2026,15,180,68,127,167,227,3597940.48,Reorder,0.68
INVT001568,PO001568,P0136,WH001,03-02-2026,1412,745,991,1166,441,74,42497994.88,Normal,5.03
INVT001569,PO001569,P0005,WH001,10-12-2025,49,305,267,87,145,104,3126277.14,Reorder,0.38
INVT001570,PO001570,P0259,WH001,16-01-2025,84,145,100,129,70,12,10317959.22,Normal,0.56
INVT001571,PO001571,P0231,WH003,15-03-2026,336,495,329,502,295,51,22898092.46,Normal,1.88
INVT001572,PO001572,P0105,WH003,20-12-2025,629,110,44,695,175,213,7571462.05,Normal,2.61
INVT001573,PO001573,P0242,WH002,07-02-2025,367,135,181,321,228,88,3903815.82,Normal,1.73
INVT001574,PO001574,P0296,WH003,03-04-2025,435,863,967,331,422,228,12413536.03,Reorder,1.24
INVT001575,PO001575,P0069,WH004,29-01-2026,1086,457,455,1088,302,96,42994974.72,Normal,7.45
INVT001576,PO001576,P0065,WH002,10-07-2026,354,173,196,331,390,19,15063905.99,Reorder,1.78
INVT001577,PO001577,P0268,WH004,27-01-2026,213,155,4,364,208,247,7900292.4,Normal,2.49
INVT001578,PO001578,P0286,WH002,02-09-2025,1394,858,1163,1089,421,85,66172442.49,Normal,5.87
INVT001579,PO001579,P0037,WH004,02-03-2025,255,535,301,489,344,50,15538312.41,Normal,3.35
INVT001580,PO001580,P0140,WH004,01-10-2025,1659,826,176,2309,462,58,146528077.9,Normal,15.81
INVT001581,PO001581,P0009,WH004,21-01-2026,1390,116,73,1433,435,127,61883316.85,Normal,9.81
INVT001582,PO001582,P0153,WH002,04-01-2025,93,428,169,352,441,216,10769281.6,Reorder,1.9
INVT001583,PO001583,P0027,WH004,25-02-2026,617,507,175,949,495,214,52736243.17,Normal,6.5
INVT001584,PO001584,P0046,WH002,02-11-2025,9,600,192,417,486,202,17883545.4,Reorder,2.25
INVT001585,PO001585,P0093,WH004,10-11-2025,37,328,57,308,224,216,13748088.2,Normal,2.11
INVT001586,PO001586,P0222,WH003,11-02-2026,312,892,22,1182,372,47,98541578.82,Normal,4.44
INVT001587,PO001587,P0107,WH003,30-03-2025,435,906,899,442,328,235,14491526.92,Normal,1.66
INVT001588,PO001588,P0125,WH001,09-04-2025,77,294,165,206,177,14,2538393.8,Normal,0.89
INVT001589,PO001589,P0224,WH002,22-08-2025,426,754,579,601,187,112,22091966.68,Normal,3.24
INVT001590,PO001590,P0150,WH002,11-09-2025,95,536,215,416,80,75,25677296.32,Overstock,2.24
INVT001591,PO001591,P0114,WH003,22-01-2026,246,784,1065,0,70,236,0,Stockout,0
INVT001592,PO001592,P0031,WH004,17-05-2025,1204,101,67,1238,378,181,18002438.9,Normal,8.47
INVT001593,PO001593,P0172,WH003,13-06-2025,305,569,31,843,170,34,343067.28,Normal,3.16
INVT001594,PO001594,P0113,WH002,27-02-2025,160,139,99,200,63,183,10947568,Normal,1.08
INVT001595,PO001595,P0001,WH002,28-09-2025,100,43,29,114,364,114,5181657.96,Reorder,0.61
INVT001596,PO001596,P0037,WH001,15-06-2026,589,652,102,1139,344,50,40719796.72,Normal,4.92
INVT001597,PO001597,P0019,WH004,03-06-2025,830,619,554,895,417,37,40000682.5,Normal,6.13
INVT001598,PO001598,P0244,WH001,04-10-2025,88,21,11,98,54,42,1282673.98,Normal,0.42
INVT001599,PO001599,P0155,WH003,09-05-2025,1115,821,450,1486,338,157,64352299.92,Normal,5.58
INVT001600,PO001600,P0257,WH004,17-06-2026,805,49,15,839,336,211,46736201.35,Normal,5.74
INVT001601,PO001601,P0250,WH002,19-04-2026,999,884,619,1264,485,23,70092983.84,Normal,6.82
INVT001602,PO001602,P0061,WH003,17-06-2025,186,985,679,492,232,52,18884711.52,Normal,1.85
INVT001603,PO001603,P0042,WH004,31-03-2025,417,377,100,694,131,24,49249092.34,Overstock,4.75
INVT001604,PO001604,P0221,WH001,28-08-2025,592,403,117,878,187,23,41485772.18,Normal,3.79
INVT001605,PO001605,P0094,WH001,22-09-2025,107,733,739,101,216,65,2752562.09,Reorder,0.44
INVT001606,PO001606,P0024,WH004,03-05-2026,172,427,167,432,413,147,11498328,Normal,2.96
INVT001607,PO001607,P0014,WH004,06-01-2025,97,154,42,209,31,150,4649574.93,Overstock,1.43
INVT001608,PO001608,P0096,WH004,04-07-2025,52,655,762,0,303,232,0,Stockout,0
INVT001609,PO001609,P0089,WH004,24-02-2026,963,107,6,1064,390,162,37188683.28,Normal,7.28
INVT001610,PO001610,P0148,WH004,08-01-2026,574,263,347,490,247,48,25359072.9,Normal,3.35
INVT001611,PO001611,P0116,WH001,05-04-2025,22,956,1261,0,51,95,0,Stockout,0
INVT001612,PO001612,P0051,WH004,20-07-2026,394,732,783,343,387,133,1843868.53,Reorder,2.35
INVT001613,PO001613,P0289,WH001,06-01-2025,51,241,343,0,22,220,0,Stockout,0
INVT001614,PO001614,P0229,WH004,20-04-2026,43,755,871,0,220,105,0,Stockout,0
INVT001615,PO001615,P0110,WH003,10-07-2025,397,269,320,346,228,116,6999178.64,Normal,1.3
INVT001616,PO001616,P0143,WH004,01-05-2026,106,314,301,119,36,230,9609466.58,Normal,0.81
INVT001617,PO001617,P0075,WH001,29-05-2025,82,656,953,0,105,160,0,Stockout,0
INVT001618,PO001618,P0174,WH003,15-05-2026,244,463,551,156,391,52,12986438.4,Reorder,0.59
INVT001619,PO001619,P0298,WH001,19-06-2025,1104,23,5,1122,432,66,16232254.5,Normal,4.84
INVT001620,PO001620,P0241,WH003,25-06-2026,590,477,201,866,252,138,22636270.08,Normal,3.25
INVT001621,PO001621,P0285,WH004,10-05-2026,211,49,46,214,165,178,14039489.26,Normal,1.46
INVT001622,PO001622,P0194,WH003,22-03-2026,525,822,1077,270,145,42,20978365.5,Normal,1.01
INVT001623,PO001623,P0069,WH003,24-04-2025,780,794,165,1409,302,96,65798130.14,Normal,5.29
INVT001624,PO001624,P0230,WH001,02-02-2025,304,619,387,536,346,159,28408460.96,Normal,2.31
INVT001625,PO001625,P0281,WH004,29-04-2025,368,490,707,151,94,20,8460273.3,Normal,1.03
INVT001626,PO001626,P0173,WH001,16-09-2025,1254,526,694,1086,340,55,38102212.26,Normal,4.69
INVT001627,PO001627,P0018,WH004,06-11-2025,847,716,589,974,357,159,27985786.16,Normal,6.67
INVT001628,PO001628,P0288,WH004,04-05-2026,137,962,1210,0,42,71,0,Stockout,0
INVT001629,PO001629,P0245,WH001,29-06-2026,454,741,579,616,190,168,34600350.4,Normal,2.66
INVT001630,PO001630,P0166,WH004,30-07-2026,653,294,348,599,209,166,12051574.51,Normal,4.1
INVT001631,PO001631,P0287,WH002,29-04-2025,501,519,478,542,254,99,39431247.96,Normal,2.92
INVT001632,PO001632,P0115,WH003,19-02-2026,75,262,386,0,150,154,0,Stockout,0
INVT001633,PO001633,P0018,WH001,01-10-2025,600,733,933,400,357,159,13100336,Normal,1.73
INVT001634,PO001634,P0259,WH002,06-01-2026,263,906,751,418,70,12,33961500.98,Overstock,2.25
INVT001635,PO001635,P0121,WH003,03-02-2026,421,373,517,277,119,200,4203862.8,Normal,1.04
INVT001636,PO001636,P0014,WH001,05-03-2026,121,840,14,947,31,150,21137504.03,Overstock,4.09
INVT001637,PO001637,P0137,WH001,02-12-2025,77,746,755,68,180,28,1107607.12,Reorder,0.29
INVT001638,PO001638,P0267,WH003,06-11-2025,1010,21,20,1011,309,30,10782719.4,Normal,3.79
INVT001639,PO001639,P0138,WH004,28-08-2025,516,904,1255,165,183,201,10746149.7,Reorder,1.13
INVT001640,PO001640,P0272,WH002,27-07-2025,436,755,480,711,133,17,53977477.59,Overstock,3.83
INVT001641,PO001641,P0270,WH003,10-02-2026,1672,162,148,1686,429,112,128107152.5,Normal,6.33
INVT001642,PO001642,P0169,WH004,05-06-2026,829,576,270,1135,257,169,93705622.7,Normal,7.77
INVT001643,PO001643,P0016,WH003,16-03-2025,57,904,1208,0,38,195,0,Stockout,0
INVT001644,PO001644,P0126,WH001,03-12-2025,302,538,720,120,226,14,6566460,Reorder,0.52
INVT001645,PO001645,P0018,WH003,12-11-2025,351,322,145,528,357,159,15960632.16,Normal,1.98
INVT001646,PO001646,P0004,WH004,25-09-2025,262,648,931,0,310,85,0,Stockout,0
INVT001647,PO001647,P0239,WH004,08-05-2025,364,967,694,637,338,96,32709739.79,Normal,4.36
INVT001648,PO001648,P0003,WH002,26-02-2026,665,197,131,731,234,143,62173099.72,Normal,3.94
INVT001649,PO001649,P0136,WH003,09-11-2025,205,649,930,0,441,74,0,Stockout,0
INVT001650,PO001650,P0272,WH001,26-04-2026,241,992,43,1190,133,17,76228722.5,Overstock,5.14
INVT001651,PO001651,P0236,WH004,07-11-2025,1285,312,317,1280,480,237,99207603.2,Normal,8.76
INVT001652,PO001652,P0257,WH003,15-01-2026,244,658,63,839,336,211,49561584.19,Normal,3.15
INVT001653,PO001653,P0162,WH003,24-01-2026,606,548,179,975,216,189,58148327.25,Normal,3.66
INVT001654,PO001654,P0278,WH002,15-10-2025,1323,337,127,1533,495,236,30125565.54,Normal,8.27
INVT001655,PO001655,P0291,WH001,31-08-2025,471,990,878,583,329,249,47985196.71,Normal,2.52
INVT001656,PO001656,P0199,WH004,26-01-2026,913,968,1184,697,325,187,42612433.24,Normal,4.77
INVT001657,PO001657,P0230,WH002,17-05-2026,375,138,46,467,346,159,22865165.27,Normal,2.52
INVT001658,PO001658,P0226,WH003,14-01-2026,258,755,415,598,229,114,5913986.78,Normal,2.24
INVT001659,PO001659,P0128,WH003,06-07-2026,1484,597,632,1449,404,136,47034279.18,Normal,5.44
INVT001660,PO001660,P0095,WH002,01-06-2025,1144,311,308,1147,393,151,28315415.5,Normal,6.18
INVT001661,PO001661,P0287,WH004,07-04-2026,605,712,794,523,254,99,42116818.67,Normal,3.58
INVT001662,PO001662,P0293,WH001,17-05-2025,258,786,696,348,212,211,17712378.72,Normal,1.5
INVT001663,PO001663,P0208,WH001,13-02-2025,552,935,529,958,159,116,28794289.86,Overstock,4.13
INVT001664,PO001664,P0287,WH004,09-02-2025,232,158,219,171,254,99,13846389.84,Reorder,1.17
INVT001665,PO001665,P0210,WH003,19-04-2025,51,300,58,293,136,236,21601240.41,Normal,1.1
INVT001666,PO001666,P0289,WH002,08-05-2026,8,710,488,230,22,220,7696133.5,Overstock,1.24
INVT001667,PO001667,P0074,WH004,07-04-2026,48,880,1283,0,87,78,0,Stockout,0
INVT001668,PO001668,P0131,WH004,04-02-2026,1007,417,575,849,393,68,19429229.16,Normal,5.81
INVT001669,PO001669,P0256,WH004,20-09-2025,58,746,1019,0,29,170,0,Stockout,0
INVT001670,PO001670,P0056,WH003,25-09-2025,1601,324,274,1651,455,211,66776164.39,Normal,6.2
INVT001671,PO001671,P0102,WH001,16-06-2026,555,40,1,594,209,117,30956999.04,Normal,2.56
INVT001672,PO001672,P0102,WH003,22-04-2025,744,790,43,1491,209,117,84065457.63,Overstock,5.6
INVT001673,PO001673,P0119,WH004,22-06-2026,734,58,45,747,226,66,1875298.68,Normal,5.11
INVT001674,PO001674,P0012,WH003,05-10-2025,865,917,1340,442,307,35,38645324.12,Normal,1.66
INVT001675,PO001675,P0190,WH004,07-06-2025,496,174,260,410,238,85,29707447.9,Normal,2.81
INVT001676,PO001676,P0172,WH003,28-09-2025,87,226,17,296,170,34,133623.28,Normal,1.11
INVT001677,PO001677,P0238,WH002,04-01-2026,245,667,427,485,179,171,24605349.8,Normal,2.62
INVT001678,PO001678,P0226,WH003,08-07-2026,477,577,632,422,229,114,3829569.82,Normal,1.58
INVT001679,PO001679,P0008,WH004,24-06-2025,29,444,580,0,81,100,0,Stockout,0
INVT001680,PO001680,P0103,WH004,03-03-2026,437,771,464,744,161,185,18269894.64,Normal,5.09
INVT001681,PO001681,P0210,WH004,17-07-2026,266,510,584,192,136,236,15254772.48,Normal,1.31
INVT001682,PO001682,P0182,WH002,28-11-2025,975,539,467,1047,293,195,24061986.48,Normal,5.65
INVT001683,PO001683,P0053,WH004,18-10-2025,71,282,393,0,53,166,0,Stockout,0
INVT001684,PO001684,P0032,WH001,19-03-2026,332,116,128,320,237,188,5891472,Normal,1.38
INVT001685,PO001685,P0117,WH001,20-01-2025,1322,419,501,1240,490,224,68334812.8,Normal,5.35
INVT001686,PO001686,P0088,WH004,21-03-2025,501,727,150,1078,384,57,22958112.1,Normal,7.38
INVT001687,PO001687,P0223,WH001,02-02-2025,527,839,603,763,362,20,1925834.89,Normal,3.29
INVT001688,PO001688,P0218,WH001,23-05-2026,90,551,539,102,52,176,5139233.28,Normal,0.44
INVT001689,PO001689,P0003,WH004,09-06-2025,907,30,28,909,234,143,67453163.1,Normal,6.22
INVT001690,PO001690,P0215,WH001,18-05-2026,133,991,534,590,86,75,20439381.8,Overstock,2.55
INVT001691,PO001691,P0108,WH003,12-04-2025,838,773,422,1189,217,213,47327491.05,Overstock,4.46
INVT001692,PO001692,P0063,WH002,20-10-2025,896,512,338,1070,443,35,31540946.4,Normal,5.77
INVT001693,PO001693,P0272,WH001,16-02-2026,329,904,650,583,133,17,38366472.1,Normal,2.52
INVT001694,PO001694,P0105,WH001,03-02-2025,244,706,54,896,175,213,10716061.44,Overstock,3.87
INVT001695,PO001695,P0154,WH004,26-04-2026,1422,599,522,1499,404,23,51068711.48,Normal,10.26
INVT001696,PO001696,P0015,WH004,29-09-2025,248,635,93,790,340,128,61779722.2,Normal,5.41
INVT001697,PO001697,P0019,WH001,03-11-2025,310,490,23,777,417,37,35416289.37,Normal,3.35
INVT001698,PO001698,P0011,WH002,07-12-2025,30,207,29,208,348,26,13152110.4,Reorder,1.12
INVT001699,PO001699,P0187,WH003,04-07-2025,160,851,1113,0,114,24,0,Stockout,0
INVT001700,PO001700,P0230,WH002,20-02-2026,660,226,186,700,346,159,40039272,Normal,3.77
INVT001701,PO001701,P0042,WH001,28-01-2026,65,276,328,13,131,24,937771.38,Reorder,0.06
INVT001702,PO001702,P0048,WH001,31-03-2026,386,182,228,340,370,99,29339276.6,Reorder,1.47
INVT001703,PO001703,P0153,WH003,13-01-2025,1404,957,419,1942,441,216,57407966.92,Normal,7.29
INVT001704,PO001704,P0042,WH001,01-06-2026,283,801,83,1001,131,24,77033346.39,Overstock,4.32
INVT001705,PO001705,P0041,WH003,20-01-2026,836,413,176,1073,372,143,42787602.53,Normal,4.03
INVT001706,PO001706,P0114,WH004,17-04-2025,153,572,420,305,70,236,23163770.95,Normal,2.09
INVT001707,PO001707,P0127,WH003,29-11-2025,300,907,707,500,369,148,36736700,Normal,1.88
INVT001708,PO001708,P0001,WH003,16-04-2026,613,173,8,778,364,114,32784499.88,Normal,2.92
INVT001709,PO001709,P0218,WH004,02-02-2025,35,709,85,659,52,176,33689200.3,Overstock,4.51
INVT001710,PO001710,P0064,WH004,31-10-2025,44,607,822,0,499,106,0,Stockout,0
INVT001711,PO001711,P0044,WH002,01-12-2025,434,429,508,355,177,19,20906510.9,Normal,1.91
INVT001712,PO001712,P0258,WH003,16-11-2025,1006,794,1096,704,331,246,18177448.96,Normal,2.64
INVT001713,PO001713,P0071,WH002,03-08-2026,1091,956,38,2009,368,103,67076391.55,Overstock,10.83
INVT001714,PO001714,P0212,WH004,30-01-2026,538,984,615,907,167,225,70322603.33,Overstock,6.21
INVT001715,PO001715,P0288,WH001,05-10-2025,29,608,447,190,42,71,7000779.9,Normal,0.82
INVT001716,PO001716,P0054,WH002,03-02-2026,236,308,167,377,114,156,16199169.74,Normal,2.03
INVT001717,PO001717,P0291,WH003,18-10-2025,490,713,23,1180,329,249,88798009,Normal,4.43
INVT001718,PO001718,P0289,WH002,11-01-2025,9,228,236,1,22,220,35144.98,Reorder,0.01
INVT001719,PO001719,P0050,WH003,28-09-2025,383,772,191,964,162,116,41461061.6,Overstock,3.62
INVT001720,PO001720,P0240,WH004,04-08-2025,1074,343,395,1022,378,29,77711255.02,Normal,7
INVT001721,PO001721,P0193,WH003,31-01-2025,766,754,415,1105,470,163,31602944.75,Normal,4.15
INVT001722,PO001722,P0262,WH001,27-03-2026,616,571,47,1140,159,57,83431869,Overstock,4.92
INVT001723,PO001723,P0290,WH004,01-04-2025,57,271,301,27,95,201,2093898.33,Reorder,0.18
INVT001724,PO001724,P0001,WH003,10-09-2025,281,358,235,404,364,114,16720178.32,Normal,1.52
INVT001725,PO001725,P0204,WH002,30-01-2025,458,805,972,291,309,156,19750493.01,Reorder,1.57
INVT001726,PO001726,P0195,WH004,27-12-2025,386,476,11,851,97,205,49453320.51,Overstock,5.83
INVT001727,PO001727,P0107,WH004,29-05-2025,121,139,44,216,328,235,7936371.36,Reorder,1.48
INVT001728,PO001728,P0089,WH004,01-09-2025,901,296,18,1179,390,162,37098991.71,Normal,8.07
INVT001729,PO001729,P0061,WH001,26-04-2026,21,784,1009,0,232,52,0,Stockout,0
INVT001730,PO001730,P0035,WH001,21-06-2025,1004,694,928,770,489,155,42950561.5,Normal,3.32
INVT001731,PO001731,P0086,WH004,04-03-2025,201,459,243,417,442,229,17598530.07,Reorder,2.85
INVT001732,PO001732,P0266,WH003,16-04-2026,709,506,396,819,470,103,57858517.08,Normal,3.07
INVT001733,PO001733,P0278,WH003,01-06-2025,687,559,52,1194,495,236,24577343.76,Normal,4.48
INVT001734,PO001734,P0290,WH003,01-07-2026,228,769,890,107,95,201,7684394.39,Normal,0.4
INVT001735,PO001735,P0020,WH002,26-06-2025,17,80,108,0,28,180,0,Stockout,0
INVT001736,PO001736,P0294,WH004,15-03-2026,913,583,31,1465,481,19,65705440.45,Normal,10.03
INVT001737,PO001737,P0111,WH002,15-04-2026,8,17,23,2,40,62,27022.12,Reorder,0.01
INVT001738,PO001738,P0291,WH004,11-12-2025,92,301,169,224,329,249,16181359.04,Reorder,1.53
INVT001739,PO001739,P0135,WH003,01-07-2025,728,589,748,569,182,127,38657786.03,Normal,2.14
INVT001740,PO001740,P0090,WH001,03-06-2026,59,849,54,854,76,160,74554806.34,Overstock,3.69
INVT001741,PO001741,P0202,WH002,19-02-2026,935,224,213,946,297,174,32926390.86,Normal,5.1
INVT001742,PO001742,P0061,WH001,29-03-2025,660,523,119,1064,232,52,46115919.92,Normal,4.59
INVT001743,PO001743,P0249,WH001,12-08-2025,291,547,434,404,257,96,4703776.04,Normal,1.74
INVT001744,PO001744,P0251,WH003,27-11-2025,504,120,0,624,184,38,25322007.36,Normal,2.34
INVT001745,PO001745,P0254,WH003,07-06-2026,27,353,457,0,193,239,0,Stockout,0
INVT001746,PO001746,P0139,WH003,11-07-2025,5,108,141,0,42,232,0,Stockout,0
INVT001747,PO001747,P0210,WH003,25-10-2025,321,444,657,108,136,236,8593487.64,Reorder,0.41
INVT001748,PO001748,P0195,WH004,03-11-2025,228,717,58,887,97,205,48575659.13,Overstock,6.07
INVT001749,PO001749,P0284,WH001,17-02-2026,489,651,692,448,318,224,15773287.04,Normal,1.93
INVT001750,PO001750,P0250,WH003,07-04-2025,253,487,351,389,485,23,23755378.09,Reorder,1.46
INVT001751,PO001751,P0046,WH001,30-12-2025,1943,781,486,2238,486,202,93103955.58,Normal,9.66
INVT001752,PO001752,P0226,WH004,14-10-2025,461,200,64,597,229,114,5876569.5,Normal,4.09
INVT001753,PO001753,P0002,WH002,18-07-2026,134,983,1303,0,301,86,0,Stockout,0
INVT001754,PO001754,P0007,WH002,10-03-2025,347,48,61,334,194,82,19978607.46,Normal,1.8
INVT001755,PO001755,P0090,WH003,19-12-2025,6,752,748,10,76,160,881850.5,Reorder,0.04
INVT001756,PO001756,P0072,WH003,22-02-2025,628,615,44,1199,290,216,8541532.12,Normal,4.5
INVT001757,PO001757,P0213,WH004,15-01-2025,153,274,179,248,76,205,15108561.76,Normal,1.7
INVT001758,PO001758,P0022,WH004,23-10-2025,769,633,217,1185,356,116,78244412.4,Normal,8.11
INVT001759,PO001759,P0117,WH004,27-05-2026,91,369,395,65,490,224,3389383.4,Reorder,0.44
INVT001760,PO001760,P0087,WH004,04-01-2026,509,47,19,537,237,242,41316017.46,Normal,3.68
INVT001761,PO001761,P0129,WH002,24-04-2026,485,407,112,780,126,140,14412286.2,Overstock,4.21
INVT001762,PO001762,P0212,WH004,12-11-2025,179,804,1141,0,167,225,0,Stockout,0
INVT001763,PO001763,P0079,WH004,23-07-2025,242,204,267,179,63,108,8220401.37,Normal,1.23
INVT001764,PO001764,P0117,WH003,10-10-2025,1192,412,484,1120,490,224,56283808,Normal,4.2
INVT001765,PO001765,P0128,WH002,24-08-2025,1078,741,462,1357,404,136,42840802.11,Normal,7.32
INVT001766,PO001766,P0200,WH004,05-07-2025,1667,586,654,1599,422,173,138580357.1,Normal,10.95
INVT001767,PO001767,P0023,WH002,04-10-2025,588,691,394,885,301,65,17503229.1,Normal,4.77
INVT001768,PO001768,P0010,WH001,07-03-2025,592,513,255,850,380,29,7899857.5,Normal,3.67
INVT001769,PO001769,P0037,WH003,29-07-2026,1138,405,241,1302,344,50,40467123.48,Normal,4.89
INVT001770,PO001770,P0179,WH001,14-07-2025,278,267,7,538,128,245,3857562.22,Normal,2.32
INVT001771,PO001771,P0162,WH002,02-05-2026,5,387,425,0,216,189,0,Stockout,0
INVT001772,PO001772,P0140,WH001,14-11-2025,1099,943,646,1396,462,58,89439193.24,Normal,6.02
INVT001773,PO001773,P0244,WH002,30-09-2025,167,312,206,273,54,42,3846619.14,Overstock,1.47
INVT001774,PO001774,P0139,WH003,21-11-2025,14,864,413,465,42,232,27597726.75,Overstock,1.74
INVT001775,PO001775,P0215,WH003,01-05-2026,216,441,98,559,86,75,17556535.36,Overstock,2.1
INVT001776,PO001776,P0134,WH004,14-07-2026,959,826,958,827,245,14,13116964.3,Normal,5.66
INVT001777,PO001777,P0187,WH001,15-11-2025,101,196,45,252,114,24,9333351.72,Normal,1.09
INVT001778,PO001778,P0088,WH002,23-09-2025,211,60,13,258,384,57,5752321.56,Reorder,1.39
INVT001779,PO001779,P0172,WH001,03-05-2025,235,403,438,200,170,34,92736,Normal,0.86
INVT001780,PO001780,P0023,WH003,24-01-2026,212,573,334,451,301,65,9211765.2,Normal,1.69
INVT001781,PO001781,P0085,WH002,06-07-2025,642,166,7,801,306,81,53112908.25,Normal,4.32
INVT001782,PO001782,P0188,WH001,19-06-2025,799,855,727,927,324,165,1903436.91,Normal,4
INVT001783,PO001783,P0031,WH004,03-10-2025,803,931,1259,475,378,181,6292206.25,Normal,3.25
INVT001784,PO001784,P0180,WH003,20-09-2025,1192,629,801,1020,306,39,34139859,Normal,3.83
INVT001785,PO001785,P0137,WH002,10-08-2025,145,600,411,334,180,28,5980884.56,Normal,1.8
INVT001786,PO001786,P0062,WH001,10-02-2025,963,529,602,890,299,57,56812758.4,Normal,3.84
INVT001787,PO001787,P0212,WH004,03-07-2025,19,219,236,2,167,225,160675.12,Reorder,0.01
INVT001788,PO001788,P0009,WH002,31-03-2026,116,485,397,204,435,127,8268505.56,Reorder,1.1
INVT001789,PO001789,P0163,WH002,10-10-2025,689,702,1019,372,201,83,20268732.48,Normal,2.01
INVT001790,PO001790,P0259,WH004,01-11-2025,24,405,190,239,70,12,19735353.3,Normal,1.64
INVT001791,PO001791,P0250,WH002,22-07-2026,132,24,18,138,485,23,8008051.68,Reorder,0.74
INVT001792,PO001792,P0036,WH002,13-06-2025,1616,613,22,2207,499,189,165727072.9,Normal,11.9
INVT001793,PO001793,P0169,WH002,29-05-2025,519,143,148,514,257,169,42132117.4,Normal,2.77
INVT001794,PO001794,P0149,WH002,01-06-2026,718,439,497,660,487,100,29548549.8,Normal,3.56
INVT001795,PO001795,P0014,WH003,29-04-2025,14,638,878,0,31,150,0,Stockout,0
INVT001796,PO001796,P0232,WH004,14-08-2025,1134,419,509,1044,293,69,37302088.68,Normal,7.15
INVT001797,PO001797,P0116,WH003,17-04-2025,71,245,194,122,51,95,9255645.9,Normal,0.46
INVT001798,PO001798,P0284,WH002,26-01-2025,567,341,198,710,318,224,26555483.9,Normal,3.83
INVT001799,PO001799,P0075,WH003,09-09-2025,170,163,71,262,105,160,5568506.08,Normal,0.98
INVT001800,PO001800,P0112,WH001,08-09-2025,1045,303,173,1175,439,184,26818975.5,Normal,5.07
INVT001801,PO001801,P0266,WH002,31-07-2026,1363,555,141,1777,470,103,132364358.6,Normal,9.58
INVT001802,PO001802,P0187,WH004,07-01-2026,312,438,569,181,114,24,6550661.5,Normal,1.24
INVT001803,PO001803,P0257,WH002,19-07-2025,1268,75,57,1286,336,211,76512486.14,Normal,6.93
INVT001804,PO001804,P0232,WH002,03-04-2026,154,554,151,557,293,69,20576404.36,Normal,3
INVT001805,PO001805,P0155,WH003,25-02-2025,1208,967,532,1643,338,157,80308755.62,Normal,6.17
INVT001806,PO001806,P0067,WH003,17-09-2025,856,99,105,850,217,184,36963797,Normal,3.19
INVT001807,PO001807,P0146,WH003,24-02-2025,28,114,43,99,52,166,6954847.02,Normal,0.37
INVT001808,PO001808,P0239,WH003,05-05-2025,1348,839,32,2155,338,96,103905975.7,Overstock,8.09
INVT001809,PO001809,P0136,WH001,21-10-2025,1597,554,481,1670,441,74,57941151,Normal,7.21
INVT001810,PO001810,P0099,WH001,11-12-2025,1024,911,246,1689,256,250,92796615.75,Overstock,7.29
INVT001811,PO001811,P0107,WH004,15-03-2026,974,260,372,862,328,235,27390834.42,Normal,5.9
INVT001812,PO001812,P0145,WH001,17-04-2025,25,749,720,54,30,79,3591724.14,Normal,0.23
INVT001813,PO001813,P0299,WH001,03-03-2025,1693,231,34,1890,471,18,12666780,Normal,8.16
INVT001814,PO001814,P0048,WH001,20-03-2025,1308,457,453,1312,370,99,101338866.9,Normal,5.66
INVT001815,PO001815,P0009,WH002,01-01-2025,1295,740,214,1821,435,127,76823437.5,Normal,9.82
INVT001816,PO001816,P0058,WH004,23-10-2025,315,895,1079,131,459,191,1008297.83,Reorder,0.9
INVT001817,PO001817,P0175,WH001,26-06-2026,888,907,953,842,455,79,5606263.34,Normal,3.63
INVT001818,PO001818,P0276,WH003,04-03-2026,710,313,11,1012,382,193,87292579.88,Normal,3.8
INVT001819,PO001819,P0069,WH002,03-05-2025,1080,816,190,1706,302,96,77751785.94,Overstock,9.2
INVT001820,PO001820,P0149,WH001,13-11-2025,1477,82,25,1534,487,100,80853550.44,Normal,6.62
INVT001821,PO001821,P0263,WH002,25-08-2025,36,47,14,69,72,247,5028748.29,Reorder,0.37
INVT001822,PO001822,P0047,WH003,03-07-2025,243,89,87,245,224,237,19697566.35,Normal,0.92
INVT001823,PO001823,P0063,WH003,20-03-2025,1198,322,375,1145,443,35,33786121.85,Normal,4.3
INVT001824,PO001824,P0179,WH003,14-02-2025,199,99,92,206,128,245,1575488,Normal,0.77
INVT001825,PO001825,P0072,WH004,15-06-2025,142,108,52,198,290,216,1256648.58,Reorder,1.36
INVT001826,PO001826,P0259,WH001,07-01-2026,228,187,267,148,70,12,12775103.96,Normal,0.64
INVT001827,PO001827,P0088,WH001,24-03-2026,1312,531,218,1625,384,57,38852060,Normal,7.01
INVT001828,PO001828,P0227,WH004,31-12-2025,339,18,16,341,109,237,9928692.4,Normal,2.33
INVT001829,PO001829,P0060,WH003,29-03-2026,756,830,856,730,311,48,3482100,Normal,2.74
INVT001830,PO001830,P0089,WH004,19-12-2025,1241,820,657,1404,390,162,42477584.76,Normal,9.61
INVT001831,PO001831,P0173,WH002,09-01-2025,384,310,69,625,340,55,22197325,Normal,3.37
INVT001832,PO001832,P0074,WH002,01-05-2026,301,742,588,455,87,78,21864610.95,Overstock,2.45
INVT001833,PO001833,P0025,WH001,24-09-2025,694,507,461,740,417,19,9924635.8,Normal,3.19
INVT001834,PO001834,P0175,WH004,06-04-2025,1153,306,136,1323,455,79,8716307.67,Normal,9.06
INVT001835,PO001835,P0026,WH004,15-04-2026,195,539,573,161,171,23,13195349.09,Reorder,1.1
INVT001836,PO001836,P0207,WH004,07-03-2025,71,164,76,159,32,142,5489174.49,Normal,1.09
INVT001837,PO001837,P0073,WH001,30-10-2025,364,115,151,328,216,72,9749990.24,Normal,1.42
INVT001838,PO001838,P0014,WH004,17-03-2026,47,648,124,571,31,150,14248442.79,Overstock,3.91
INVT001839,PO001839,P0001,WH004,06-02-2025,1313,933,1235,1011,364,114,47544954.15,Normal,6.92
INVT001840,PO001840,P0002,WH001,06-06-2025,96,680,1018,0,301,86,0,Stockout,0
INVT001841,PO001841,P0157,WH002,04-03-2026,199,502,640,61,432,85,1239765.22,Reorder,0.33
INVT001842,PO001842,P0156,WH002,17-06-2026,390,549,17,922,140,169,57322362.72,Overstock,4.97
INVT001843,PO001843,P0143,WH001,10-01-2025,139,575,59,655,36,230,54784278.6,Overstock,2.83
INVT001844,PO001844,P0089,WH002,15-06-2026,878,550,559,869,390,162,26517717.49,Normal,4.69
INVT001845,PO001845,P0012,WH001,03-03-2025,779,456,502,733,307,35,63985226.58,Normal,3.16
INVT001846,PO001846,P0132,WH002,07-02-2026,102,116,135,83,62,174,2288542.4,Normal,0.45
INVT001847,PO001847,P0227,WH001,06-06-2025,62,944,72,934,109,237,24925555.26,Overstock,4.03
INVT001848,PO001848,P0092,WH003,20-05-2026,1292,798,723,1367,369,36,27191803.53,Normal,5.13
INVT001849,PO001849,P0020,WH004,16-04-2025,33,999,1007,25,28,180,1881763.5,Reorder,0.17
INVT001850,PO001850,P0142,WH001,29-04-2025,834,551,471,914,301,101,48388640.68,Normal,3.94
INVT001851,PO001851,P0149,WH003,23-03-2025,1523,456,281,1698,487,100,81743808.54,Normal,6.37
INVT001852,PO001852,P0114,WH004,31-03-2025,258,859,1066,51,70,236,3590129.19,Reorder,0.35
INVT001853,PO001853,P0124,WH002,16-02-2025,1234,800,430,1604,411,167,121013860.2,Normal,8.65
INVT001854,PO001854,P0134,WH001,27-04-2026,912,573,585,900,245,14,14008725,Normal,3.88
INVT001855,PO001855,P0291,WH002,03-04-2025,263,246,221,288,329,249,20784072.96,Reorder,1.55
INVT001856,PO001856,P0285,WH002,19-12-2025,279,763,580,462,165,178,32723603.22,Normal,2.49
INVT001857,PO001857,P0046,WH004,15-10-2025,1735,582,698,1619,486,202,70774261.2,Normal,11.08
INVT001858,PO001858,P0019,WH001,30-01-2026,982,152,217,917,417,37,41304889.5,Normal,3.96
INVT001859,PO001859,P0194,WH003,17-01-2025,446,789,111,1124,145,42,78911499.04,Overstock,4.22
INVT001860,PO001860,P0217,WH001,24-06-2025,1073,742,958,857,394,47,59324213.84,Normal,3.7
INVT001861,PO001861,P0027,WH002,09-02-2026,53,503,415,141,495,214,9267075.54,Reorder,0.76
INVT001862,PO001862,P0084,WH004,26-06-2026,480,976,1013,443,239,88,16701773.36,Normal,3.03
INVT001863,PO001863,P0079,WH004,15-01-2025,251,715,15,951,63,108,41928458.31,Overstock,6.51
INVT001864,PO001864,P0033,WH002,25-01-2026,331,737,521,547,441,103,25837397.31,Normal,2.95
INVT001865,PO001865,P0029,WH003,15-06-2026,499,474,463,510,236,45,32879858.1,Normal,1.91
INVT001866,PO001866,P0300,WH003,29-06-2026,133,262,172,223,213,163,687792.21,Normal,0.84
INVT001867,PO001867,P0136,WH002,28-08-2025,1597,517,5,2109,441,74,74327718.99,Normal,11.37
INVT001868,PO001868,P0275,WH002,08-10-2025,627,509,299,837,361,144,29426342.04,Normal,4.51
INVT001869,PO001869,P0127,WH004,27-02-2025,631,97,131,597,369,148,43572468.87,Normal,4.09
INVT001870,PO001870,P0147,WH002,07-03-2025,299,979,1392,0,335,66,0,Stockout,0
INVT001871,PO001871,P0176,WH002,05-04-2026,389,425,403,411,174,94,14982339.18,Normal,2.22
INVT001872,PO001872,P0060,WH002,24-08-2025,101,252,247,106,311,48,603358.36,Reorder,0.57
INVT001873,PO001873,P0198,WH004,19-09-2025,8,371,504,0,38,223,0,Stockout,0
INVT001874,PO001874,P0104,WH004,12-12-2025,80,629,342,367,297,48,9024372.19,Normal,2.51
INVT001875,PO001875,P0040,WH002,12-01-2026,404,208,31,581,191,99,23030938.77,Normal,3.13
INVT001876,PO001876,P0296,WH002,26-01-2025,1384,678,445,1617,422,228,63950199.39,Normal,8.72
INVT001877,PO001877,P0114,WH001,13-03-2025,269,626,227,668,70,236,43354976.88,Overstock,2.88
INVT001878,PO001878,P0104,WH004,30-01-2026,628,299,15,912,297,48,24801858.24,Normal,6.24
INVT001879,PO001879,P0212,WH003,04-06-2025,327,263,372,218,167,225,17879917.46,Normal,0.82
INVT001880,PO001880,P0055,WH004,14-09-2025,1128,410,14,1524,437,63,51167065.56,Normal,10.43
INVT001881,PO001881,P0099,WH001,01-01-2025,230,381,437,174,256,250,10089604.02,Reorder,0.75
INVT001882,PO001882,P0099,WH001,09-12-2025,418,480,638,260,256,250,16515647.2,Normal,1.12
INVT001883,PO001883,P0121,WH004,10-07-2026,443,537,68,912,119,200,13909140,Overstock,6.24
INVT001884,PO001884,P0005,WH004,15-07-2025,360,829,1224,0,145,104,0,Stockout,0
INVT001885,PO001885,P0206,WH004,20-02-2025,1621,507,549,1579,441,100,128349567.7,Normal,10.81
INVT001886,PO001886,P0241,WH001,12-01-2026,625,489,77,1037,252,138,29437930.83,Normal,4.48
INVT001887,PO001887,P0018,WH002,12-06-2026,780,216,106,890,357,159,28549678.1,Normal,4.8
INVT001888,PO001888,P0175,WH004,16-07-2025,833,725,200,1358,455,79,8893012.38,Normal,9.3
INVT001889,PO001889,P0220,WH004,10-04-2026,108,777,144,741,30,160,60717399.21,Overstock,5.07
INVT001890,PO001890,P0084,WH003,25-05-2025,519,416,345,590,239,88,23575992.9,Normal,2.21
INVT001891,PO001891,P0138,WH002,06-12-2025,399,128,159,368,183,201,21034780.64,Normal,1.98
INVT001892,PO001892,P0255,WH002,01-04-2025,193,137,37,293,163,172,15487399.86,Normal,1.58
INVT001893,PO001893,P0274,WH003,02-04-2026,535,65,22,578,321,164,51955633.92,Normal,2.17
INVT001894,PO001894,P0259,WH003,06-04-2025,78,768,417,429,70,12,33084552.93,Overstock,1.61
INVT001895,PO001895,P0132,WH002,10-04-2025,10,458,2,466,62,174,14454905.26,Overstock,2.51
INVT001896,PO001896,P0282,WH003,28-06-2026,198,32,20,210,246,248,9638456.1,Reorder,0.79
INVT001897,PO001897,P0126,WH001,25-09-2025,848,877,798,927,226,14,57915261.27,Normal,4
INVT001898,PO001898,P0037,WH001,01-10-2025,867,989,359,1497,344,50,52206617.52,Normal,6.46
INVT001899,PO001899,P0239,WH004,11-04-2025,716,134,23,827,338,96,41062749.82,Normal,5.66
INVT001900,PO001900,P0161,WH004,06-01-2026,61,703,808,0,40,242,0,Stockout,0
INVT001901,PO001901,P0246,WH004,02-08-2025,581,585,9,1157,213,207,84113738.02,Overstock,7.92
INVT001902,PO001902,P0178,WH004,16-03-2025,137,527,611,53,46,71,1167072.72,Normal,0.36
INVT001903,PO001903,P0048,WH003,05-09-2025,829,794,646,977,370,99,83335862.67,Normal,3.67
INVT001904,PO001904,P0188,WH002,09-06-2026,908,536,271,1173,324,165,2473903.92,Normal,6.32
INVT001905,PO001905,P0065,WH004,07-11-2025,1087,938,123,1902,390,19,84775050.06,Normal,13.02
INVT001906,PO001906,P0277,WH001,28-08-2025,68,231,64,235,33,25,19445394.6,Overstock,1.01
INVT001907,PO001907,P0041,WH004,17-01-2025,1016,288,234,1070,372,143,42694401.7,Normal,7.32
INVT001908,PO001908,P0196,WH004,14-07-2025,926,847,208,1565,236,215,103160762.3,Overstock,10.71
INVT001909,PO001909,P0239,WH002,27-02-2025,1063,431,187,1307,338,96,70029112.28,Normal,7.05
INVT001910,PO001910,P0178,WH001,25-06-2025,132,624,366,390,46,71,10368126.6,Overstock,1.68
INVT001911,PO001911,P0265,WH002,04-07-2026,99,590,139,550,167,227,15893163,Normal,2.97
INVT001912,PO001912,P0083,WH002,24-03-2025,1031,776,52,1755,435,180,98113081.95,Normal,9.46
INVT001913,PO001913,P0231,WH003,09-03-2026,664,894,1172,386,295,51,17934571.32,Normal,1.45
INVT001914,PO001914,P0174,WH002,09-05-2025,1389,281,104,1566,391,52,126133642.3,Normal,8.44
INVT001915,PO001915,P0082,WH002,03-06-2025,422,842,231,1033,151,103,59834706.92,Overstock,5.57
INVT001916,PO001916,P0259,WH002,16-07-2025,160,18,5,173,70,12,15465348.84,Normal,0.93
INVT001917,PO001917,P0082,WH003,28-01-2025,467,916,391,992,151,103,54574691.52,Overstock,3.72
INVT001918,PO001918,P0126,WH002,12-06-2025,58,278,229,107,226,14,6966201.83,Reorder,0.58
INVT001919,PO001919,P0252,WH004,06-10-2025,162,528,645,45,413,213,48460.95,Reorder,0.31
INVT001920,PO001920,P0058,WH004,10-02-2025,644,52,25,671,459,191,5022736.95,Normal,4.59
INVT001921,PO001921,P0252,WH002,17-06-2025,230,230,228,232,413,213,235531.04,Reorder,1.25
INVT001922,PO001922,P0030,WH002,18-05-2026,926,239,341,824,258,168,67675968.72,Normal,4.44
INVT001923,PO001923,P0255,WH001,11-06-2026,164,995,986,173,163,172,8314629.12,Normal,0.75
INVT001924,PO001924,P0127,WH002,20-08-2025,109,121,82,148,369,148,10663829.2,Reorder,0.8
INVT001925,PO001925,P0121,WH004,10-02-2025,180,163,158,185,119,200,2891772,Normal,1.27
INVT001926,PO001926,P0271,WH003,04-04-2025,252,875,130,997,144,210,14783226.87,Overstock,3.74
INVT001927,PO001927,P0149,WH003,12-01-2026,732,616,719,629,487,100,32777535.95,Normal,2.36
INVT001928,PO001928,P0300,WH004,29-12-2025,122,723,132,713,213,163,2204759.99,Normal,4.88
INVT001929,PO001929,P0168,WH004,14-11-2025,563,204,91,676,156,80,52558452.44,Normal,4.63
INVT001930,PO001930,P0145,WH003,07-05-2026,43,91,46,88,30,79,6064048.32,Normal,0.33
INVT001931,PO001931,P0221,WH002,07-04-2025,267,654,357,564,187,23,25451740.8,Normal,3.04
INVT001932,PO001932,P0261,WH003,15-10-2025,247,491,171,567,132,180,4005100.89,Normal,2.13
INVT001933,PO001933,P0046,WH003,09-06-2026,1153,370,70,1453,486,202,60743057.31,Normal,5.45
INVT001934,PO001934,P0117,WH004,11-08-2025,1010,531,244,1297,490,224,62542196.02,Normal,8.88
INVT001935,PO001935,P0291,WH001,15-06-2025,686,118,80,724,329,249,55953492.92,Normal,3.12
INVT001936,PO001936,P0040,WH004,28-04-2026,478,273,199,552,191,99,23377878.96,Normal,3.78
INVT001937,PO001937,P0040,WH002,10-10-2025,10,289,196,103,191,99,4207032.94,Reorder,0.56
INVT001938,PO001938,P0147,WH002,08-08-2025,263,418,379,302,335,66,21535230.42,Reorder,1.63
INVT001939,PO001939,P0297,WH004,21-07-2026,409,692,1029,72,364,12,1860988.32,Reorder,0.49
INVT001940,PO001940,P0014,WH002,16-06-2025,85,149,127,107,31,150,2446984.07,Normal,0.58
INVT001941,PO001941,P0160,WH002,31-03-2025,311,956,1215,52,173,173,2402526.88,Reorder,0.28
INVT001942,PO001942,P0231,WH002,30-08-2025,1128,605,77,1656,295,51,79879660.56,Overstock,8.93
INVT001943,PO001943,P0140,WH002,06-05-2025,35,496,76,455,462,58,29003133.25,Reorder,2.45
INVT001944,PO001944,P0014,WH004,24-07-2025,33,900,495,438,31,150,10715823.3,Overstock,3
INVT001945,PO001945,P0071,WH003,09-11-2025,396,148,120,424,368,103,13734479.36,Normal,1.59
INVT001946,PO001946,P0091,WH002,19-07-2026,560,122,85,597,382,83,18864047.79,Normal,3.22
INVT001947,PO001947,P0084,WH001,26-02-2025,142,882,466,558,239,88,19816560.9,Normal,2.41
INVT001948,PO001948,P0097,WH001,31-03-2025,436,636,185,887,197,84,73277526.99,Normal,3.83
INVT001949,PO001949,P0173,WH004,11-03-2025,746,449,34,1161,340,55,37501066.26,Normal,7.95
INVT001950,PO001950,P0130,WH003,01-02-2025,66,376,412,30,173,58,892010.4,Reorder,0.11
INVT001951,PO001951,P0202,WH004,25-02-2025,778,472,233,1017,297,174,35148465.81,Normal,6.96
INVT001952,PO001952,P0066,WH004,08-08-2025,915,272,194,993,379,91,46827327.99,Normal,6.8
INVT001953,PO001953,P0035,WH001,02-01-2025,1753,932,1121,1564,489,155,86652935.16,Normal,6.75
INVT001954,PO001954,P0267,WH003,05-06-2026,941,362,365,938,309,30,9697644.32,Normal,3.52
INVT001955,PO001955,P0143,WH004,24-11-2025,30,625,403,252,36,230,21496222.44,Overstock,1.73
INVT001956,PO001956,P0246,WH002,02-11-2025,653,632,453,832,213,207,65949694.72,Normal,4.49
INVT001957,PO001957,P0194,WH002,25-01-2025,211,42,43,210,145,42,14719355.7,Normal,1.13
INVT001958,PO001958,P0123,WH002,29-04-2025,436,524,403,557,308,180,23387566.65,Normal,3
INVT001959,PO001959,P0142,WH002,01-05-2026,100,173,161,112,301,101,5565807.52,Reorder,0.6
INVT001960,PO001960,P0038,WH004,04-08-2025,995,535,338,1192,339,40,40122040.56,Normal,8.16
INVT001961,PO001961,P0016,WH002,22-02-2025,60,77,61,76,38,195,6989682,Normal,0.41
INVT001962,PO001962,P0216,WH002,15-01-2026,608,342,133,817,430,35,41362422.4,Normal,4.41
INVT001963,PO001963,P0120,WH004,27-06-2025,471,728,817,382,236,214,32806614.58,Normal,2.62
INVT001964,PO001964,P0277,WH002,29-11-2025,109,358,531,0,33,25,0,Stockout,0
INVT001965,PO001965,P0190,WH003,08-06-2025,192,38,55,175,238,85,11684919.75,Reorder,0.66
INVT001966,PO001966,P0297,WH001,20-07-2026,998,202,178,1022,364,12,26850004.44,Normal,4.41
INVT001967,PO001967,P0173,WH003,27-06-2025,445,417,545,317,340,55,9706213.49,Reorder,1.19
INVT001968,PO001968,P0079,WH004,30-05-2026,58,294,339,13,63,108,614590.08,Reorder,0.09
INVT001969,PO001969,P0029,WH004,23-10-2025,457,869,704,622,236,45,36593516.44,Normal,4.26
INVT001970,PO001970,P0278,WH003,19-01-2026,101,210,235,76,495,236,1673400.68,Reorder,0.29
INVT001971,PO001971,P0175,WH003,29-06-2025,1349,440,432,1357,455,79,10210610.8,Normal,5.09
INVT001972,PO001972,P0237,WH004,03-03-2025,1131,766,291,1606,290,24,42164502.16,Overstock,10.99
INVT001973,PO001973,P0043,WH004,24-09-2025,1242,418,530,1130,466,119,25998079.5,Normal,7.74
INVT001974,PO001974,P0175,WH003,26-12-2025,190,553,111,632,455,79,4235095.2,Normal,2.37
INVT001975,PO001975,P0240,WH004,11-05-2025,1456,648,191,1913,378,29,160820400.6,Overstock,13.1
INVT001976,PO001976,P0156,WH003,15-08-2025,555,830,1021,364,140,169,23517694.2,Normal,1.37
INVT001977,PO001977,P0122,WH002,09-01-2026,120,800,667,253,208,225,13004470.71,Normal,1.36
INVT001978,PO001978,P0196,WH002,22-02-2025,464,267,397,334,236,215,24623545.46,Normal,1.8
INVT001979,PO001979,P0223,WH004,18-02-2025,1364,315,280,1399,362,20,3524864.44,Normal,9.58
INVT001980,PO001980,P0011,WH003,16-10-2025,386,659,905,140,348,26,7918622.6,Reorder,0.53
INVT001981,PO001981,P0152,WH004,28-08-2025,798,102,26,874,360,101,26724778.7,Normal,5.98
INVT001982,PO001982,P0058,WH002,15-02-2026,1072,200,214,1058,459,191,8888141.62,Normal,5.7
INVT001983,PO001983,P0200,WH002,27-05-2026,1360,794,1063,1091,422,173,79498562.51,Normal,5.88
INVT001984,PO001984,P0203,WH001,18-05-2025,69,13,6,76,63,71,1654011.56,Normal,0.33
INVT001985,PO001985,P0024,WH002,14-02-2025,723,293,225,791,413,147,22055286.89,Normal,4.27
INVT001986,PO001986,P0194,WH003,11-08-2025,432,861,314,979,145,42,74269710.57,Overstock,3.67
INVT001987,PO001987,P0277,WH004,21-02-2026,63,944,935,72,33,25,5326403.76,Normal,0.49
INVT001988,PO001988,P0114,WH004,06-04-2026,94,816,285,625,70,236,48609112.5,Overstock,4.28
INVT001989,PO001989,P0165,WH002,29-07-2026,54,969,1372,0,491,224,0,Stockout,0
INVT001990,PO001990,P0150,WH001,21-04-2026,160,506,352,314,80,75,20797724.06,Normal,1.36
INVT001991,PO001991,P0282,WH003,12-09-2025,704,634,459,879,246,248,35260162.05,Normal,3.3
INVT001992,PO001992,P0028,WH003,02-06-2026,47,880,737,190,29,232,2788744,Overstock,0.71
INVT001993,PO001993,P0265,WH002,08-10-2025,0,145,43,102,167,227,2983515.3,Reorder,0.55
INVT001994,PO001994,P0134,WH001,16-12-2025,580,829,502,907,245,14,13481448.46,Normal,3.91
INVT001995,PO001995,P0082,WH001,02-06-2026,380,542,49,873,151,103,50608036.98,Overstock,3.77
INVT001996,PO001996,P0290,WH004,21-04-2025,371,10,1,380,95,201,28504419.4,Normal,2.6
INVT001997,PO001997,P0204,WH001,20-01-2026,648,613,792,469,309,156,37141048,Normal,2.02
INVT001998,PO001998,P0189,WH003,08-05-2026,55,235,340,0,72,109,0,Stockout,0
INVT001999,PO001999,P0231,WH002,10-03-2025,43,654,152,545,295,51,25585117.65,Normal,2.94
INVT002000,PO002000,P0199,WH002,22-05-2026,643,755,1018,380,325,187,22264701.6,Normal,2.05
INVT002001,PO002001,P0030,WH003,14-12-2025,107,811,770,148,258,168,12115497.56,Reorder,0.56
INVT002002,PO002002,P0180,WH001,15-03-2025,1010,405,235,1180,306,39,42534881.8,Normal,5.09
INVT002003,PO002003,P0149,WH001,04-02-2026,732,536,689,579,487,100,25497243.51,Normal,2.5
INVT002004,PO002004,P0216,WH002,08-01-2026,1717,314,17,2014,430,35,94391346.4,Normal,10.86
INVT002005,PO002005,P0041,WH002,02-10-2025,710,423,463,670,372,143,22079716,Normal,3.61
INVT002006,PO002006,P0288,WH003,07-05-2025,141,998,45,1094,42,71,40335944.1,Overstock,4.11
INVT002007,PO002007,P0279,WH003,17-06-2025,163,819,156,826,138,52,61411662.76,Overstock,3.1
INVT002008,PO002008,P0046,WH004,23-07-2025,280,733,627,386,486,202,16140319.8,Reorder,2.64
INVT002009,PO002009,P0118,WH002,06-07-2025,1674,215,172,1717,460,187,121997691.9,Normal,9.26
INVT002010,PO002010,P0232,WH003,25-06-2026,679,270,304,645,293,69,24006351.75,Normal,2.42
INVT002011,PO002011,P0261,WH004,19-12-2025,468,419,139,748,132,180,5409640.72,Overstock,5.12
INVT002012,PO002012,P0201,WH004,07-10-2025,87,556,762,0,47,245,0,Stockout,0
INVT002013,PO002013,P0131,WH002,03-07-2026,129,334,333,130,393,68,2965825.2,Reorder,0.7
INVT002014,PO002014,P0022,WH004,20-08-2025,1172,169,140,1201,356,116,72434856.12,Normal,8.22
INVT002015,PO002015,P0181,WH001,17-07-2026,114,366,191,289,31,180,831091.75,Overstock,1.25
INVT002016,PO002016,P0136,WH001,10-02-2025,476,834,395,915,441,74,33336451.2,Normal,3.95
INVT002017,PO002017,P0094,WH001,26-04-2025,626,286,320,592,216,65,15405438.4,Normal,2.55
INVT002018,PO002018,P0166,WH002,12-09-2025,64,217,121,160,209,166,3394212.8,Reorder,0.86
INVT002019,PO002019,P0064,WH004,18-07-2026,557,859,329,1087,499,106,82046803.48,Normal,7.44
INVT002020,PO002020,P0259,WH004,22-02-2025,214,544,249,509,70,12,40918484.55,Overstock,3.48
INVT002021,PO002021,P0058,WH003,24-07-2026,804,269,298,775,459,191,6628567.25,Normal,2.91
INVT002022,PO002022,P0019,WH001,20-10-2025,619,454,159,914,417,37,44321733.7,Normal,3.94
INVT002023,PO002023,P0093,WH002,07-03-2025,547,781,678,650,224,216,28006387.5,Normal,3.5
INVT002024,PO002024,P0143,WH004,14-07-2025,134,629,30,733,36,230,57270528.77,Overstock,5.02
INVT002025,PO002025,P0164,WH001,01-03-2026,1107,404,40,1471,419,83,118702948.1,Normal,6.35
INVT002026,PO002026,P0174,WH002,23-12-2025,1337,56,27,1366,391,52,110235708.2,Normal,7.37
INVT002027,PO002027,P0176,WH004,17-05-2025,50,983,318,715,174,94,25145463.2,Normal,4.89
INVT002028,PO002028,P0127,WH003,15-03-2025,273,233,287,219,369,148,15367291.32,Reorder,0.82
INVT002029,PO002029,P0215,WH004,22-02-2026,301,943,1390,0,86,75,0,Stockout,0
INVT002030,PO002030,P0174,WH002,07-04-2026,313,135,201,247,391,52,20753757.57,Reorder,1.33
INVT002031,PO002031,P0282,WH003,07-01-2026,696,367,448,615,246,248,23358554.85,Normal,2.31
INVT002032,PO002032,P0045,WH002,28-05-2025,786,705,930,561,388,79,26036728.08,Normal,3.02
INVT002033,PO002033,P0249,WH003,05-05-2025,910,509,678,741,257,96,8458507.59,Normal,2.78
INVT002034,PO002034,P0218,WH002,17-11-2025,183,31,21,193,52,176,9344122.02,Normal,1.04
INVT002035,PO002035,P0075,WH002,22-03-2025,187,31,9,209,105,160,4409084.9,Normal,1.13
INVT002036,PO002036,P0051,WH002,24-03-2025,1113,674,854,933,387,133,4791169.59,Normal,5.03
INVT002037,PO002037,P0216,WH003,29-03-2025,1308,503,462,1349,430,35,65260856.29,Normal,5.06
INVT002038,PO002038,P0175,WH001,12-06-2025,1779,644,927,1496,455,79,10465372.72,Normal,6.46
INVT002039,PO002039,P0145,WH002,25-10-2025,97,525,688,0,30,79,0,Stockout,0
INVT002040,PO002040,P0219,WH004,20-07-2026,924,546,468,1002,311,33,87947483.88,Normal,6.86
INVT002041,PO002041,P0275,WH003,15-04-2025,431,230,95,566,361,144,21188923.16,Normal,2.12
INVT002042,PO002042,P0096,WH001,28-06-2025,498,278,376,400,303,232,16720524,Normal,1.73
INVT002043,PO002043,P0119,WH004,06-10-2025,164,427,269,322,226,66,685096.86,Normal,2.2
INVT002044,PO002044,P0175,WH001,02-08-2025,134,561,472,223,455,79,1645476.86,Reorder,0.96
INVT002045,PO002045,P0241,WH004,28-01-2025,508,186,16,678,252,138,18916430.52,Normal,4.64
INVT002046,PO002046,P0186,WH002,05-02-2026,507,486,459,534,147,34,37153317,Normal,2.88
INVT002047,PO002047,P0077,WH004,17-01-2025,352,626,123,855,173,144,29633710.05,Normal,5.85
INVT002048,PO002048,P0116,WH003,12-05-2025,200,897,531,566,51,95,39401529.66,Overstock,2.12
INVT002049,PO002049,P0179,WH002,05-01-2026,449,814,540,723,128,245,5513041.29,Overstock,3.9
INVT002050,PO002050,P0010,WH003,09-04-2025,395,680,253,822,380,29,6988939.92,Normal,3.08
INVT002051,PO002051,P0202,WH002,28-07-2025,278,398,213,463,297,174,14871083.11,Normal,2.5
INVT002052,PO002052,P0287,WH004,21-08-2025,505,638,897,246,254,99,20152098.6,Reorder,1.68
INVT002053,PO002053,P0113,WH003,02-06-2025,136,791,358,569,63,183,33241065.35,Overstock,2.14
INVT002054,PO002054,P0194,WH001,12-01-2026,503,743,171,1075,145,42,77997689.25,Overstock,4.64
INVT002055,PO002055,P0111,WH003,31-03-2026,111,282,181,212,40,62,2745690.44,Overstock,0.8
INVT002056,PO002056,P0211,WH004,21-03-2025,377,1000,764,613,173,144,29014509.87,Normal,4.2
INVT002057,PO002057,P0250,WH003,23-01-2025,1298,617,871,1044,485,23,63182232.72,Normal,3.92
INVT002058,PO002058,P0030,WH001,01-07-2025,557,517,363,711,258,168,57661197.03,Normal,3.07
INVT002059,PO002059,P0070,WH001,06-11-2025,15,132,151,0,306,185,0,Stockout,0
INVT002060,PO002060,P0036,WH002,18-03-2026,193,489,650,32,499,189,2403777.92,Reorder,0.17
INVT002061,PO002061,P0033,WH003,23-07-2026,248,94,26,316,441,103,14439025.92,Reorder,1.19
INVT002062,PO002062,P0140,WH003,17-03-2026,78,412,537,0,462,58,0,Stockout,0
INVT002063,PO002063,P0060,WH001,12-02-2025,6,691,451,246,311,48,1234218.9,Reorder,1.06
INVT002064,PO002064,P0121,WH001,06-06-2026,120,827,956,0,119,200,0,Stockout,0
INVT002065,PO002065,P0211,WH002,27-04-2025,501,420,140,781,173,144,34784912.14,Normal,4.21
INVT002066,PO002066,P0052,WH002,17-09-2025,1172,798,41,1929,402,58,32014822.11,Normal,10.4
INVT002067,PO002067,P0061,WH003,04-01-2025,321,733,642,412,232,52,15092128.56,Normal,1.55
INVT002068,PO002068,P0118,WH004,19-06-2026,446,941,12,1375,460,187,113959738.8,Normal,9.41
INVT002069,PO002069,P0267,WH004,10-01-2026,252,426,287,391,309,30,4120921.04,Normal,2.68
INVT002070,PO002070,P0031,WH002,10-05-2025,1459,100,91,1468,378,181,18084908.56,Normal,7.92
INVT002071,PO002071,P0109,WH002,18-05-2025,477,940,328,1089,373,189,71146504.44,Normal,5.87
INVT002072,PO002072,P0054,WH004,19-01-2026,315,493,221,587,114,156,28173088.48,Overstock,4.02
INVT002073,PO002073,P0175,WH001,24-03-2026,1203,194,266,1131,455,79,8726965.65,Normal,4.88
INVT002074,PO002074,P0110,WH004,02-01-2026,882,130,55,957,228,116,16905481.56,Normal,6.55
INVT002075,PO002075,P0292,WH001,18-05-2025,260,375,116,519,355,98,35554588.05,Normal,2.24
INVT002076,PO002076,P0093,WH001,11-01-2026,809,748,1118,439,224,216,17439538.4,Normal,1.89
INVT002077,PO002077,P0249,WH004,26-01-2026,78,741,933,0,257,96,0,Stockout,0
INVT002078,PO002078,P0064,WH002,27-04-2026,1720,505,223,2002,499,106,160238838.8,Normal,10.79
INVT002079,PO002079,P0266,WH002,06-04-2026,921,576,432,1065,470,103,85318790.1,Normal,5.74
INVT002080,PO002080,P0172,WH003,17-04-2026,120,724,123,721,170,34,308220.29,Normal,2.71
INVT002081,PO002081,P0042,WH003,13-04-2026,121,447,302,266,131,24,20376557.6,Normal,1
INVT002082,PO002082,P0232,WH004,26-01-2026,861,959,1313,507,293,69,19095217.05,Normal,3.47
INVT002083,PO002083,P0244,WH001,28-01-2025,65,510,589,0,54,42,0,Stockout,0
INVT002084,PO002084,P0176,WH004,13-12-2025,27,792,284,535,174,94,16249694.1,Normal,3.66
INVT002085,PO002085,P0026,WH004,03-04-2026,81,257,199,139,171,23,12081140.52,Reorder,0.95
INVT002086,PO002086,P0277,WH002,16-11-2025,34,251,136,149,33,25,11724522.43,Normal,0.8
INVT002087,PO002087,P0289,WH003,26-05-2026,24,129,17,136,22,220,5303707.6,Overstock,0.51
INVT002088,PO002088,P0054,WH002,21-10-2025,436,668,173,931,114,156,41318152.4,Overstock,5.02
INVT002089,PO002089,P0275,WH003,16-06-2025,588,77,88,577,361,144,23518981.6,Normal,2.17
INVT002090,PO002090,P0121,WH002,24-07-2026,97,603,771,0,119,200,0,Stockout,0
INVT002091,PO002091,P0057,WH004,20-06-2026,165,619,757,27,45,53,1063187.64,Reorder,0.18
INVT002092,PO002092,P0150,WH001,08-04-2025,193,27,31,189,80,75,13137841.71,Normal,0.82
INVT002093,PO002093,P0078,WH002,06-12-2025,322,866,1000,188,89,82,8277812.96,Normal,1.01
INVT002094,PO002094,P0084,WH003,13-03-2025,403,654,338,719,239,88,28246813.75,Normal,2.7
INVT002095,PO002095,P0151,WH004,02-03-2025,895,180,81,994,390,115,6787409.72,Normal,6.8
INVT002096,PO002096,P0246,WH003,26-01-2025,588,565,530,623,213,207,42600559.33,Normal,2.34
INVT002097,PO002097,P0226,WH001,24-09-2025,433,834,351,916,229,114,8495725.96,Normal,3.95
INVT002098,PO002098,P0004,WH003,14-01-2025,930,680,375,1235,310,85,79742369.2,Normal,4.63
INVT002099,PO002099,P0037,WH003,01-08-2025,8,51,1,58,344,50,1965434.98,Reorder,0.22
INVT002100,PO002100,P0190,WH003,07-09-2025,375,253,360,268,238,85,16241435.16,Normal,1.01
INVT002101,PO002101,P0013,WH003,07-02-2025,613,849,1144,318,440,231,4668863.28,Reorder,1.19
INVT002102,PO002102,P0112,WH001,06-04-2026,593,619,857,355,439,184,8411068.25,Reorder,1.53
INVT002103,PO002103,P0266,WH002,27-08-2025,878,518,229,1167,470,103,87493584.36,Normal,6.29
INVT002104,PO002104,P0004,WH001,02-11-2025,953,96,131,918,310,85,68625154.26,Normal,3.96
INVT002105,PO002105,P0051,WH004,22-03-2026,1099,311,49,1361,387,133,7939747.36,Normal,9.32
INVT002106,PO002106,P0166,WH001,20-04-2026,111,842,729,224,209,166,4505786.88,Normal,0.97
INVT002107,PO002107,P0111,WH002,09-09-2025,41,815,621,235,40,62,3150478.15,Overstock,1.27
INVT002108,PO002108,P0282,WH001,14-09-2025,961,51,44,968,246,248,38196631.44,Normal,4.18
INVT002109,PO002109,P0176,WH001,19-12-2025,646,724,494,876,174,94,28213524.72,Overstock,3.78
INVT002110,PO002110,P0140,WH002,11-06-2025,297,994,1104,187,462,58,13348389.12,Reorder,1.01
INVT002111,PO002111,P0207,WH003,17-01-2026,73,649,960,0,32,142,0,Stockout,0
INVT002112,PO002112,P0099,WH004,02-01-2025,571,252,213,610,256,250,33965141.6,Normal,4.18
INVT002113,PO002113,P0100,WH002,13-05-2026,129,744,52,821,311,64,625117.61,Normal,4.43
INVT002114,PO002114,P0098,WH003,01-06-2026,287,500,38,749,256,35,16501016.77,Normal,2.81
INVT002115,PO002115,P0017,WH003,05-04-2025,986,377,273,1090,419,65,87137543,Normal,4.09
INVT002116,PO002116,P0275,WH003,30-05-2026,1352,850,1210,992,361,144,37156996.8,Normal,3.72
INVT002117,PO002117,P0286,WH001,31-07-2025,1490,541,283,1748,421,85,100934134.7,Normal,7.54
INVT002118,PO002118,P0104,WH004,27-07-2026,849,17,25,841,297,48,19900145.68,Normal,5.76
INVT002119,PO002119,P0194,WH001,28-10-2025,456,14,4,466,145,42,30846059.16,Normal,2.01
INVT002120,PO002120,P0018,WH004,27-07-2025,871,960,718,1113,357,159,35905335.48,Normal,7.62
INVT002121,PO002121,P0137,WH003,15-08-2025,701,768,501,968,180,28,15494717.92,Overstock,3.63
INVT002122,PO002122,P0154,WH004,23-03-2025,1594,258,43,1809,404,23,55458440.64,Normal,12.38
INVT002123,PO002123,P0233,WH002,20-01-2025,217,38,5,250,59,136,9249447.5,Normal,1.35
INVT002124,PO002124,P0217,WH003,11-06-2025,1505,106,98,1513,394,47,109274488.4,Normal,5.68
INVT002125,PO002125,P0263,WH004,24-06-2025,248,519,536,231,72,247,18814936.14,Normal,1.58
INVT002126,PO002126,P0299,WH001,22-07-2026,1417,704,939,1182,471,18,8659402.92,Normal,5.1
INVT002127,PO002127,P0152,WH001,08-06-2025,129,275,158,246,360,101,7040982.48,Reorder,1.06
INVT002128,PO002128,P0087,WH001,17-12-2025,582,529,24,1087,237,242,96689367.42,Normal,4.69
INVT002129,PO002129,P0173,WH004,18-08-2025,406,897,834,469,340,55,14992161.87,Normal,3.21
INVT002130,PO002130,P0229,WH001,23-02-2026,687,236,189,734,220,105,5320648.56,Normal,3.17
INVT002131,PO002131,P0158,WH001,15-04-2026,144,173,8,309,298,222,11729275.38,Normal,1.33
INVT002132,PO002132,P0062,WH001,01-11-2025,371,278,280,369,299,57,26321858.55,Normal,1.59
INVT002133,PO002133,P0030,WH002,26-02-2026,710,643,315,1038,258,168,79409688.42,Normal,5.6
INVT002134,PO002134,P0289,WH004,22-11-2025,62,774,1116,0,22,220,0,Stockout,0
INVT002135,PO002135,P0205,WH002,02-08-2026,542,902,859,585,480,72,14378340.6,Normal,3.15
INVT002136,PO002136,P0199,WH001,19-03-2026,774,640,531,883,325,187,54626689.04,Normal,3.81
INVT002137,PO002137,P0126,WH001,28-01-2026,367,432,234,565,226,14,33054935.15,Normal,2.44
INVT002138,PO002138,P0025,WH003,19-07-2026,1054,106,88,1072,417,19,15035035.84,Normal,4.02
INVT002139,PO002139,P0023,WH002,24-03-2026,24,612,713,0,301,65,0,Stockout,0
INVT002140,PO002140,P0257,WH001,30-06-2026,262,891,128,1025,336,211,57016588.5,Normal,4.42
INVT002141,PO002141,P0242,WH004,28-02-2025,772,372,184,960,228,88,12169862.4,Normal,6.57
INVT002142,PO002142,P0052,WH002,18-08-2025,580,361,72,869,402,58,14503722.97,Normal,4.69
INVT002143,PO002143,P0139,WH002,13-02-2026,82,809,170,721,42,232,50717079.49,Overstock,3.89
INVT002144,PO002144,P0284,WH002,05-06-2025,1128,611,490,1249,318,224,40564122.72,Normal,6.73
INVT002145,PO002145,P0072,WH003,12-01-2025,105,592,146,551,290,216,3465365.73,Normal,2.07
INVT002146,PO002146,P0006,WH002,07-06-2026,390,390,77,703,205,68,53857982.92,Normal,3.79
INVT002147,PO002147,P0277,WH004,01-11-2025,57,400,113,344,33,25,25498274.16,Overstock,2.35
INVT002148,PO002148,P0221,WH001,26-01-2026,149,371,60,460,187,23,19799011.8,Normal,1.99
INVT002149,PO002149,P0095,WH004,18-09-2025,1007,425,413,1019,393,151,24084798.68,Normal,6.98
INVT002150,PO002150,P0298,WH001,26-10-2025,360,764,1021,103,432,66,1658894.31,Reorder,0.44
INVT002151,PO002151,P0236,WH004,13-05-2026,707,684,644,747,480,237,57884895.54,Normal,5.11
INVT002152,PO002152,P0253,WH002,26-09-2025,395,804,1081,118,310,246,8660880.22,Reorder,0.64
INVT002153,PO002153,P0127,WH004,26-10-2025,535,650,750,435,369,148,32592457.65,Normal,2.98
INVT002154,PO002154,P0191,WH004,22-01-2026,1709,37,42,1704,429,204,121373483.3,Normal,11.66
INVT002155,PO002155,P0004,WH002,13-05-2026,172,681,782,71,310,85,4578613.21,Reorder,0.38
INVT002156,PO002156,P0200,WH003,21-07-2025,1087,107,131,1063,422,173,88202159.25,Normal,3.99
INVT002157,PO002157,P0287,WH002,06-02-2025,41,493,446,88,254,99,6079621.68,Reorder,0.47
INVT002158,PO002158,P0144,WH004,04-09-2025,99,199,217,81,391,246,3803301.54,Reorder,0.55
INVT002159,PO002159,P0029,WH002,12-02-2026,126,851,1037,0,236,45,0,Stockout,0
INVT002160,PO002160,P0046,WH002,19-09-2025,739,658,519,878,486,202,35915845.54,Normal,4.73
INVT002161,PO002161,P0234,WH003,30-07-2026,124,568,563,129,150,113,3172164.18,Reorder,0.48
INVT002162,PO002162,P0234,WH003,20-08-2025,23,822,841,4,150,113,103840.44,Reorder,0.02
INVT002163,PO002163,P0298,WH003,01-07-2025,454,254,79,629,432,66,9709954.77,Normal,2.36
INVT002164,PO002164,P0075,WH001,22-05-2026,178,699,514,363,105,160,8690499.51,Normal,1.57
INVT002165,PO002165,P0157,WH003,16-01-2025,330,436,442,324,432,85,6465559.32,Reorder,1.22
INVT002166,PO002166,P0208,WH004,14-04-2026,520,186,209,497,159,116,14188400.73,Normal,3.4
INVT002167,PO002167,P0178,WH004,03-01-2026,47,866,1203,0,46,71,0,Stockout,0
INVT002168,PO002168,P0004,WH003,20-02-2026,953,774,897,830,310,85,55231852,Normal,3.11
INVT002169,PO002169,P0243,WH001,02-09-2025,95,691,17,769,377,159,657864.12,Normal,3.32
INVT002170,PO002170,P0237,WH002,03-08-2025,97,345,456,0,290,24,0,Stockout,0
INVT002171,PO002171,P0012,WH003,11-02-2026,633,90,83,640,307,35,55673440,Normal,2.4
INVT002172,PO002172,P0003,WH003,18-05-2026,619,170,48,741,234,143,57009531.54,Normal,2.78
INVT002173,PO002173,P0093,WH002,23-01-2025,40,244,6,278,224,216,12506394.34,Normal,1.5
INVT002174,PO002174,P0253,WH002,22-07-2025,651,414,168,897,310,246,68330966.34,Normal,4.84
INVT002175,PO002175,P0297,WH001,29-04-2025,65,838,1197,0,364,12,0,Stockout,0
INVT002176,PO002176,P0228,WH003,10-03-2025,1260,98,79,1279,351,11,106364722.4,Normal,4.8
INVT002177,PO002177,P0085,WH003,02-03-2025,1091,473,555,1009,306,81,64177192.75,Normal,3.79
INVT002178,PO002178,P0272,WH004,19-12-2025,72,777,390,459,133,17,30639659.13,Normal,3.14
INVT002179,PO002179,P0045,WH002,10-04-2026,179,725,1056,0,388,79,0,Stockout,0
INVT002180,PO002180,P0228,WH001,20-02-2026,524,304,33,795,351,11,59208435.9,Normal,3.43
INVT002181,PO002181,P0197,WH004,11-11-2025,396,736,517,615,223,17,15186545.55,Normal,4.21
INVT002182,PO002182,P0003,WH003,21-05-2025,388,391,523,256,234,143,21857443.84,Normal,0.96
INVT002183,PO002183,P0178,WH003,07-04-2025,44,39,22,61,46,71,1570792.09,Normal,0.23
INVT002184,PO002184,P0276,WH003,27-04-2025,431,225,64,592,382,193,46839264.96,Normal,2.22
INVT002185,PO002185,P0043,WH002,28-03-2026,606,183,79,710,466,119,15696566.4,Normal,3.83
INVT002186,PO002186,P0233,WH002,15-11-2025,83,839,24,898,59,136,31400662.34,Overstock,4.84
INVT002187,PO002187,P0260,WH002,24-04-2026,409,615,715,309,341,72,8304730.35,Reorder,1.67
INVT002188,PO002188,P0225,WH001,23-04-2025,950,788,747,991,347,132,74255005.67,Normal,4.28
INVT002189,PO002189,P0213,WH004,04-06-2026,4,209,301,0,76,205,0,Stockout,0
INVT002190,PO002190,P0233,WH001,08-01-2025,215,37,2,250,59,136,9677292.5,Normal,1.08
INVT002191,PO002191,P0063,WH002,22-12-2025,313,713,703,323,443,35,10593075.7,Reorder,1.74
INVT002192,PO002192,P0118,WH004,06-11-2025,809,518,573,754,460,187,62612861.22,Normal,5.16
INVT002193,PO002193,P0015,WH001,14-11-2025,252,621,482,391,340,128,31891457.53,Normal,1.69
INVT002194,PO002194,P0218,WH002,14-08-2025,70,934,152,852,52,176,43090087.44,Overstock,4.59
INVT002195,PO002195,P0208,WH004,26-01-2025,435,858,397,896,159,116,31154000.64,Overstock,6.13
INVT002196,PO002196,P0130,WH004,07-03-2026,418,351,407,362,173,58,10266106.42,Normal,2.48
INVT002197,PO002197,P0299,WH003,18-04-2025,1409,317,206,1520,471,18,11001091.2,Normal,5.7
INVT002198,PO002198,P0297,WH002,15-11-2025,837,172,91,918,364,12,22559271.66,Normal,4.95
INVT002199,PO002199,P0262,WH002,11-11-2025,308,287,274,321,159,57,22653310.26,Normal,1.73
INVT002200,PO002200,P0046,WH001,31-12-2025,64,477,97,444,486,202,20060936.76,Reorder,1.92
INVT002201,PO002201,P0297,WH002,17-03-2026,317,210,214,313,364,12,8008189.51,Reorder,1.69
INVT002202,PO002202,P0102,WH003,10-03-2025,607,118,123,602,209,117,31236804.76,Normal,2.26
INVT002203,PO002203,P0237,WH002,26-04-2026,292,565,554,303,290,24,7124745.03,Normal,1.63
INVT002204,PO002204,P0134,WH002,18-05-2025,205,596,540,261,245,14,4098349.89,Normal,1.41
INVT002205,PO002205,P0204,WH003,04-04-2026,745,209,200,754,309,156,55911452.48,Normal,2.83
INVT002206,PO002206,P0161,WH004,25-02-2026,28,728,186,570,40,242,27835653.6,Overstock,3.9
INVT002207,PO002207,P0072,WH001,30-12-2025,521,323,391,453,290,216,3264462.96,Normal,1.95
INVT002208,PO002208,P0031,WH002,23-02-2025,900,477,567,810,378,181,10998925.2,Normal,4.37
INVT002209,PO002209,P0144,WH004,05-05-2025,810,250,156,904,391,246,39156100.08,Normal,6.19
INVT002210,PO002210,P0066,WH003,12-04-2025,862,187,58,991,379,91,42222754.11,Normal,3.72
INVT002211,PO002211,P0293,WH004,16-08-2025,414,582,105,891,212,211,41000051.07,Normal,6.1
INVT002212,PO002212,P0047,WH003,28-06-2025,576,405,228,753,224,237,64366214.1,Normal,2.83
INVT002213,PO002213,P0206,WH004,29-11-2025,1269,176,6,1439,441,100,118691396.5,Normal,9.85
INVT002214,PO002214,P0007,WH003,22-05-2025,291,628,83,836,194,82,49283487.44,Normal,3.14
INVT002215,PO002215,P0288,WH001,12-02-2026,77,992,369,700,42,71,23631300,Overstock,3.02
INVT002216,PO002216,P0049,WH001,19-07-2026,1614,239,64,1789,495,201,54923087.16,Normal,7.72
INVT002217,PO002217,P0053,WH004,03-05-2026,210,968,1324,0,53,166,0,Stockout,0
INVT002218,PO002218,P0016,WH002,22-01-2025,143,601,725,19,38,195,1751984.3,Reorder,0.1
INVT002219,PO002219,P0190,WH004,12-06-2025,595,875,235,1235,238,85,84683468.35,Overstock,8.45
INVT002220,PO002220,P0026,WH003,11-04-2025,319,287,104,502,171,23,41430366.22,Normal,1.88
INVT002221,PO002221,P0013,WH004,19-03-2026,61,941,1124,0,440,231,0,Stockout,0
INVT002222,PO002222,P0280,WH004,26-04-2025,455,611,98,968,269,158,32604718.08,Normal,6.63
INVT002223,PO002223,P0250,WH003,03-07-2026,316,539,90,765,485,23,45789403.95,Normal,2.87
INVT002224,PO002224,P0038,WH003,27-05-2026,1133,433,158,1408,339,40,44862498.56,Normal,5.28
INVT002225,PO002225,P0206,WH001,05-02-2025,376,246,165,457,441,100,32319981.42,Normal,1.97
INVT002226,PO002226,P0239,WH001,06-06-2025,1303,686,313,1676,338,96,88817608.8,Normal,7.23
INVT002227,PO002227,P0241,WH004,15-10-2025,183,207,20,370,252,138,10738872.6,Normal,2.53
INVT002228,PO002228,P0122,WH001,06-12-2025,37,951,980,8,208,225,374524.8,Reorder,0.03
INVT002229,PO002229,P0156,WH001,29-05-2026,475,123,91,507,140,169,35704014.84,Normal,2.19
INVT002230,PO002230,P0244,WH002,31-08-2025,47,125,186,0,54,42,0,Stockout,0
INVT002231,PO002231,P0170,WH003,17-06-2025,708,135,123,720,210,177,48153736.8,Normal,2.7
INVT002232,PO002232,P0045,WH003,18-06-2025,1512,361,473,1400,388,79,63039634,Normal,5.25
INVT002233,PO002233,P0297,WH002,17-04-2026,1072,74,92,1054,364,12,24906452.14,Normal,5.68
INVT002234,PO002234,P0029,WH002,24-01-2026,895,193,119,969,236,45,56592865.53,Normal,5.22
INVT002235,PO002235,P0205,WH001,16-05-2025,1071,146,181,1036,480,72,25588070.76,Normal,4.47
INVT002236,PO002236,P0141,WH001,12-01-2026,93,99,38,154,230,103,3989325.34,Reorder,0.66
INVT002237,PO002237,P0211,WH001,31-12-2025,546,601,206,941,173,144,41257062.85,Overstock,4.06
INVT002238,PO002238,P0089,WH001,07-06-2026,236,999,675,560,390,162,17674932.8,Normal,2.42
INVT002239,PO002239,P0193,WH001,16-09-2025,1828,90,51,1867,470,163,53323965.77,Normal,8.06
INVT002240,PO002240,P0099,WH003,24-05-2025,702,525,233,994,256,250,62798842.54,Normal,3.73
INVT002241,PO002241,P0253,WH002,19-06-2025,570,417,68,919,310,246,62340172.01,Normal,4.96
INVT002242,PO002242,P0251,WH003,15-12-2025,59,947,779,227,184,38,8190321.17,Normal,0.85
INVT002243,PO002243,P0059,WH002,17-04-2025,57,614,835,0,460,48,0,Stockout,0
INVT002244,PO002244,P0293,WH003,27-07-2025,449,218,34,633,212,211,29053434,Normal,2.38
INVT002245,PO002245,P0208,WH004,03-12-2025,581,989,651,919,159,116,27497610.37,Overstock,6.29
INVT002246,PO002246,P0296,WH003,21-05-2025,882,491,351,1022,422,228,38346901.46,Normal,3.84
INVT002247,PO002247,P0017,WH003,24-02-2026,558,655,317,896,419,65,68465761.28,Normal,3.36
INVT002248,PO002248,P0192,WH003,22-04-2025,405,60,76,389,215,162,18182910.3,Normal,1.46
INVT002249,PO002249,P0089,WH002,13-05-2025,47,857,742,162,390,162,5458369.68,Reorder,0.87
INVT002250,PO002250,P0051,WH003,10-10-2025,38,203,254,0,387,133,0,Stockout,0
INVT002251,PO002251,P0072,WH002,02-05-2025,877,490,336,1031,290,216,6836509.45,Normal,5.56
INVT002252,PO002252,P0187,WH004,24-12-2025,334,97,142,289,114,24,10571796.29,Normal,1.98
INVT002253,PO002253,P0079,WH002,16-03-2025,169,388,582,0,63,108,0,Stockout,0
INVT002254,PO002254,P0037,WH002,03-05-2026,832,408,433,807,344,50,26922439.98,Normal,4.35
INVT002255,PO002255,P0108,WH004,31-12-2025,638,857,163,1332,217,213,52702258.32,Overstock,9.12
INVT002256,PO002256,P0249,WH003,05-07-2026,176,359,425,110,257,96,1243366.3,Reorder,0.41
INVT002257,PO002257,P0002,WH004,17-10-2025,577,961,231,1307,301,86,91594821.4,Normal,8.95
INVT002258,PO002258,P0011,WH001,18-03-2025,1304,756,292,1768,348,26,102820957.2,Overstock,7.63
INVT002259,PO002259,P0240,WH004,05-01-2026,1012,21,25,1008,378,29,86474102.4,Normal,6.9
INVT002260,PO002260,P0239,WH001,23-12-2025,387,995,562,820,338,96,40150053.6,Normal,3.54
INVT002261,PO002261,P0020,WH003,01-05-2025,108,93,121,80,28,180,5292698.4,Normal,0.3
INVT002262,PO002262,P0134,WH001,01-03-2025,418,778,18,1178,245,14,18253663.66,Normal,5.08
INVT002263,PO002263,P0179,WH004,04-01-2025,86,693,295,484,128,245,3417248.12,Normal,3.31
INVT002264,PO002264,P0203,WH001,19-04-2026,159,135,56,238,63,71,5698200.76,Normal,1.03
INVT002265,PO002265,P0035,WH004,27-06-2026,62,307,259,110,489,155,5935433.9,Reorder,0.75
INVT002266,PO002266,P0053,WH003,27-04-2026,39,936,664,311,53,166,11560563.53,Overstock,1.17
INVT002267,PO002267,P0272,WH001,15-03-2025,198,363,234,327,133,17,24804290.7,Normal,1.41
INVT002268,PO002268,P0269,WH003,29-04-2026,449,148,12,585,252,243,48150402.3,Normal,2.2
INVT002269,PO002269,P0286,WH004,17-07-2025,1579,39,55,1563,421,85,84579103.53,Normal,10.7
INVT002270,PO002270,P0017,WH004,20-03-2026,406,886,223,1069,419,65,74435795.56,Normal,7.32
INVT002271,PO002271,P0100,WH001,26-06-2025,168,748,603,313,311,64,212589.6,Normal,1.35
INVT002272,PO002272,P0072,WH002,21-02-2025,628,881,846,663,290,216,4814056.26,Normal,3.57
INVT002273,PO002273,P0233,WH003,08-07-2025,197,824,987,34,59,136,1347389.74,Reorder,0.13
INVT002274,PO002274,P0188,WH002,01-05-2025,1142,941,1229,854,324,165,1572581.22,Normal,4.6
INVT002275,PO002275,P0011,WH003,04-03-2025,1372,867,1086,1153,348,26,68592892.4,Normal,4.33
INVT002276,PO002276,P0120,WH001,01-07-2026,376,749,724,401,236,214,30579634.44,Normal,1.73
INVT002277,PO002277,P0193,WH004,03-06-2026,1197,461,420,1238,470,163,34690579.86,Normal,8.47
INVT002278,PO002278,P0268,WH002,20-11-2025,394,748,880,262,208,247,6261807.86,Normal,1.41
INVT002279,PO002279,P0001,WH003,05-05-2026,1395,791,806,1380,364,114,66504863.4,Normal,5.18
INVT002280,PO002280,P0228,WH001,25-05-2026,146,532,288,390,351,11,30229290,Normal,1.68
INVT002281,PO002281,P0066,WH002,25-11-2025,330,318,340,308,379,91,14983294.48,Reorder,1.66
INVT002282,PO002282,P0095,WH002,24-07-2025,667,26,37,656,393,151,16691801.92,Normal,3.54
INVT002283,PO002283,P0235,WH001,22-09-2025,212,22,21,213,300,200,11547134.7,Reorder,0.92
INVT002284,PO002284,P0069,WH003,22-04-2025,723,160,167,716,302,96,32156612.52,Normal,2.69
INVT002285,PO002285,P0237,WH003,10-07-2026,1097,45,44,1098,290,24,31023100.62,Normal,4.12
INVT002286,PO002286,P0034,WH001,01-07-2026,242,351,116,477,108,45,21930580.62,Normal,2.06
INVT002287,PO002287,P0093,WH001,23-02-2026,548,720,318,950,224,216,37741609.5,Normal,4.1
INVT002288,PO002288,P0214,WH001,21-03-2026,40,479,34,485,124,156,11988695.6,Normal,2.09
INVT002289,PO002289,P0037,WH003,25-06-2025,639,296,163,772,344,50,23489559.08,Normal,2.9
INVT002290,PO002290,P0196,WH004,30-09-2025,626,339,80,885,236,215,64957283.1,Normal,6.06
INVT002291,PO002291,P0263,WH002,08-11-2025,148,114,85,177,72,247,13894312.38,Normal,0.95
INVT002292,PO002292,P0062,WH004,16-03-2025,334,741,653,422,299,57,26616860.86,Normal,2.89
INVT002293,PO002293,P0136,WH002,22-09-2025,1264,60,50,1274,441,74,43336027.28,Normal,6.87
INVT002294,PO002294,P0171,WH004,06-07-2025,1443,923,1208,1158,466,114,38795014.92,Normal,7.93
INVT002295,PO002295,P0217,WH001,02-01-2026,396,432,556,272,394,47,17048671.68,Reorder,1.17
INVT002296,PO002296,P0125,WH001,13-01-2025,573,287,241,619,177,14,6686858.92,Normal,2.67
INVT002297,PO002297,P0140,WH002,04-06-2026,1040,150,175,1015,462,58,70584906.7,Normal,5.47
INVT002298,PO002298,P0090,WH001,30-07-2026,133,286,282,137,76,160,10953992.55,Normal,0.59
INVT002299,PO002299,P0172,WH004,09-01-2026,559,315,153,721,170,34,297188.99,Normal,4.94
INVT002300,PO002300,P0284,WH002,04-03-2026,756,494,195,1055,318,224,37384030.5,Normal,5.69
INVT002301,PO002301,P0011,WH003,14-08-2025,229,187,186,230,348,26,12612567.5,Reorder,0.86
INVT002302,PO002302,P0084,WH002,03-04-2025,48,406,159,295,239,88,11707142.85,Normal,1.59
INVT002303,PO002303,P0281,WH003,22-04-2025,340,741,351,730,94,20,38824852.9,Overstock,2.74
INVT002304,PO002304,P0294,WH003,04-01-2025,1367,383,491,1259,481,19,58881604.45,Normal,4.72
INVT002305,PO002305,P0039,WH002,12-10-2025,120,349,163,306,67,207,5423495.04,Normal,1.65
INVT002306,PO002306,P0181,WH004,10-11-2025,51,503,372,182,31,180,523160.82,Overstock,1.25
INVT002307,PO002307,P0124,WH004,30-09-2025,102,367,113,356,411,167,25504722.88,Reorder,2.44
INVT002308,PO002308,P0076,WH001,09-05-2026,840,713,116,1437,315,60,88454060.79,Normal,6.2
INVT002309,PO002309,P0122,WH001,06-02-2025,278,293,218,353,208,225,18534850.98,Normal,1.52
INVT002310,PO002310,P0043,WH004,18-07-2025,1656,956,207,2405,466,119,58225266.45,Overstock,16.46
INVT002311,PO002311,P0047,WH003,10-04-2026,316,832,492,656,224,237,54097899.36,Normal,2.46
INVT002312,PO002312,P0183,WH004,06-04-2025,428,545,453,520,482,121,32072539.2,Normal,3.56
INVT002313,PO002313,P0225,WH002,06-01-2026,935,118,50,1003,347,132,74289341.42,Normal,5.41
INVT002314,PO002314,P0105,WH002,26-06-2026,637,212,118,731,175,213,7668080.35,Normal,3.94
INVT002315,PO002315,P0278,WH001,30-04-2025,1064,653,721,996,495,236,21732052.68,Normal,4.3
INVT002316,PO002316,P0127,WH004,19-06-2026,535,104,42,597,369,148,40858757.61,Normal,4.09
INVT002317,PO002317,P0239,WH004,22-08-2025,650,843,1025,468,338,96,22722237.72,Normal,3.2
INVT002318,PO002318,P0281,WH004,31-08-2025,306,161,19,448,94,20,27426040.32,Normal,3.07
INVT002319,PO002319,P0101,WH001,03-11-2025,64,780,702,142,36,204,7993777.82,Normal,0.61
INVT002320,PO002320,P0149,WH004,15-02-2025,493,806,820,479,487,100,22608962.86,Reorder,3.28
INVT002321,PO002321,P0286,WH001,12-07-2026,1023,146,24,1145,421,85,69111272.55,Normal,4.94
INVT002322,PO002322,P0107,WH003,30-09-2025,1021,408,394,1035,328,235,37179218.25,Normal,3.88
INVT002323,PO002323,P0290,WH003,21-12-2025,24,290,278,36,95,201,2575808.64,Reorder,0.14
INVT002324,PO002324,P0096,WH002,23-04-2025,348,415,459,304,303,232,13614749.44,Normal,1.64
INVT002325,PO002325,P0130,WH003,13-11-2025,330,741,485,586,173,58,16577676.3,Normal,2.2
INVT002326,PO002326,P0076,WH004,27-01-2026,919,936,1349,506,315,60,34456945.38,Normal,3.46
INVT002327,PO002327,P0081,WH002,06-07-2026,198,505,156,547,211,168,15308861.65,Normal,2.95
INVT002328,PO002328,P0048,WH004,12-12-2025,81,374,374,81,370,99,5909981.94,Reorder,0.55
INVT002329,PO002329,P0010,WH002,16-02-2026,1197,284,327,1154,380,29,10953514.12,Normal,6.22
INVT002330,PO002330,P0196,WH003,02-06-2026,735,507,338,904,236,215,65583934.4,Normal,3.39
INVT002331,PO002331,P0103,WH002,15-02-2025,162,53,50,165,161,185,3440122.95,Normal,0.89
INVT002332,PO002332,P0182,WH003,19-06-2025,1103,739,584,1258,293,195,27629730.76,Normal,4.72
INVT002333,PO002333,P0102,WH002,02-08-2025,764,792,1000,556,209,117,30884104.2,Normal,3
INVT002334,PO002334,P0270,WH004,07-01-2026,519,773,918,374,429,112,24379332.12,Reorder,2.56
INVT002335,PO002335,P0147,WH003,26-03-2025,952,268,159,1061,335,66,76643881.4,Normal,3.98
INVT002336,PO002336,P0138,WH004,06-03-2026,88,577,224,441,183,201,29214172.89,Normal,3.02
INVT002337,PO002337,P0081,WH004,21-04-2025,377,215,147,445,211,168,12884138.4,Normal,3.05
INVT002338,PO002338,P0280,WH001,29-01-2026,373,587,10,950,269,158,32796802.5,Normal,4.1
INVT002339,PO002339,P0185,WH003,01-03-2025,121,692,599,214,166,111,10624310.34,Normal,0.8
INVT002340,PO002340,P0180,WH001,18-01-2025,703,733,561,875,306,39,28162881.25,Normal,3.78
INVT002341,PO002341,P0044,WH004,12-12-2025,592,573,4,1161,177,19,64972636.65,Overstock,7.95
INVT002342,PO002342,P0217,WH002,07-04-2025,650,860,804,706,394,47,48296690.46,Normal,3.81
INVT002343,PO002343,P0147,WH002,15-03-2026,1033,412,99,1346,335,66,100977996.8,Normal,7.26
INVT002344,PO002344,P0281,WH003,11-07-2025,28,305,55,278,94,20,16205570.76,Normal,1.04
INVT002345,PO002345,P0176,WH003,12-02-2026,664,545,520,689,174,94,24702048.67,Normal,2.59
INVT002346,PO002346,P0027,WH001,04-04-2025,968,663,623,1008,495,214,65994082.56,Normal,4.35
INVT002347,PO002347,P0299,WH001,16-04-2025,479,624,556,547,471,18,3545468.02,Normal,2.36
INVT002348,PO002348,P0252,WH001,02-05-2026,516,594,763,347,413,213,372282.42,Reorder,1.5
INVT002349,PO002349,P0185,WH004,29-03-2026,505,772,135,1142,166,111,57580713.48,Overstock,7.82
INVT002350,PO002350,P0195,WH001,26-01-2025,253,388,492,149,97,205,7811628.96,Normal,0.64
INVT002351,PO002351,P0138,WH004,31-05-2025,153,676,447,382,183,201,23458673.48,Normal,2.62
INVT002352,PO002352,P0006,WH001,14-02-2025,439,80,72,447,205,68,33853469.01,Normal,1.93
INVT002353,PO002353,P0113,WH004,31-03-2026,240,376,273,343,63,183,18676765.03,Overstock,2.35
INVT002354,PO002354,P0242,WH001,24-12-2025,527,807,1155,179,228,88,2044400.17,Reorder,0.77
INVT002355,PO002355,P0111,WH002,09-11-2025,139,923,813,249,40,62,3081501.99,Overstock,1.34
INVT002356,PO002356,P0211,WH001,03-03-2026,92,596,503,185,173,144,8684479.05,Normal,0.8
INVT002357,PO002357,P0018,WH003,12-03-2026,1348,479,421,1406,357,159,42515612.2,Normal,5.28
INVT002358,PO002358,P0126,WH001,22-07-2025,682,450,544,588,226,14,33502158.48,Normal,2.54
INVT002359,PO002359,P0288,WH004,06-03-2026,26,537,637,0,42,71,0,Stockout,0
INVT002360,PO002360,P0216,WH002,27-06-2026,1699,174,111,1762,430,35,91686674.34,Normal,9.5
INVT002361,PO002361,P0173,WH001,13-08-2025,735,996,495,1236,340,55,40277000.52,Normal,5.33
INVT002362,PO002362,P0004,WH003,11-05-2026,1231,308,446,1093,310,85,72218586.89,Normal,4.1
INVT002363,PO002363,P0029,WH001,21-12-2025,233,753,1122,0,236,45,0,Stockout,0
INVT002364,PO002364,P0032,WH001,09-04-2025,424,722,317,829,237,188,13838629.64,Normal,3.58
INVT002365,PO002365,P0101,WH002,20-07-2025,40,104,69,75,36,204,3995509.5,Normal,0.4
INVT002366,PO002366,P0011,WH003,10-02-2025,1136,334,29,1441,348,26,83738613.86,Normal,5.41
INVT002367,PO002367,P0158,WH003,06-05-2025,706,899,757,848,298,222,32956570.24,Normal,3.18
INVT002368,PO002368,P0293,WH001,24-01-2026,582,47,46,583,212,211,26303753.19,Normal,2.52
INVT002369,PO002369,P0167,WH001,24-04-2026,95,921,476,540,451,169,8973347.4,Normal,2.33
INVT002370,PO002370,P0054,WH001,14-07-2025,291,16,9,298,114,156,14398230.58,Normal,1.29
INVT002371,PO002371,P0006,WH002,11-08-2025,718,742,962,498,205,68,35120668.14,Normal,2.69
INVT002372,PO002372,P0214,WH003,14-07-2025,398,76,84,390,124,156,10683788.7,Normal,1.46
INVT002373,PO002373,P0244,WH004,29-08-2025,160,986,522,624,54,42,9523044.96,Overstock,4.27
INVT002374,PO002374,P0192,WH001,13-01-2026,352,907,1104,155,215,162,7449143.45,Reorder,0.67
INVT002375,PO002375,P0299,WH004,02-12-2025,459,695,59,1095,471,18,6751277.25,Normal,7.5
INVT002376,PO002376,P0033,WH004,04-02-2026,1759,913,83,2589,441,103,117297700,Overstock,17.72
INVT002377,PO002377,P0033,WH003,20-03-2026,691,963,1379,275,441,103,13395046.5,Reorder,1.03
INVT002378,PO002378,P0286,WH002,25-09-2025,1491,122,81,1532,421,85,89078997.92,Normal,8.26
INVT002379,PO002379,P0125,WH001,09-06-2026,536,408,492,452,177,14,5308242.8,Normal,1.95
INVT002380,PO002380,P0231,WH001,05-05-2025,723,281,139,865,295,51,35749688.8,Normal,3.73
INVT002381,PO002381,P0003,WH002,09-07-2026,345,300,292,353,234,143,25389214.36,Normal,1.9
INVT002382,PO002382,P0287,WH001,23-09-2025,622,258,107,773,254,99,57191031.13,Normal,3.34
INVT002383,PO002383,P0237,WH003,10-06-2026,252,28,38,242,290,24,6214756.02,Reorder,0.91
INVT002384,PO002384,P0136,WH003,16-09-2025,514,784,889,409,441,74,13903799.58,Reorder,1.53
INVT002385,PO002385,P0273,WH004,11-12-2025,632,379,371,640,217,132,44185964.8,Normal,4.38
INVT002386,PO002386,P0173,WH003,14-06-2025,1074,580,624,1030,340,55,34382182.8,Normal,3.87
INVT002387,PO002387,P0114,WH004,29-07-2025,202,380,516,66,70,236,4721776.62,Reorder,0.45
INVT002388,PO002388,P0092,WH002,21-07-2026,1409,945,533,1821,369,36,34599910.5,Normal,9.82
INVT002389,PO002389,P0220,WH003,22-05-2026,75,568,569,74,30,160,6362526.66,Normal,0.28
INVT002390,PO002390,P0019,WH002,23-09-2025,1052,459,651,860,417,37,36545786,Normal,4.64
INVT002391,PO002391,P0218,WH004,10-08-2025,118,217,142,193,52,176,8616650.98,Normal,1.32
INVT002392,PO002392,P0237,WH004,30-01-2025,643,247,195,695,290,24,16282098.6,Normal,4.76
INVT002393,PO002393,P0011,WH004,06-04-2025,226,660,330,556,348,26,32684476.68,Normal,3.81
INVT002394,PO002394,P0190,WH001,08-01-2026,876,427,421,882,238,85,58550061.78,Normal,3.81
INVT002395,PO002395,P0143,WH003,24-03-2026,106,760,153,713,36,230,53782894.79,Overstock,2.68
INVT002396,PO002396,P0116,WH003,31-05-2026,89,177,179,87,51,95,6049160.46,Normal,0.33
INVT002397,PO002397,P0275,WH004,26-02-2025,1390,876,636,1630,361,144,57328061.7,Normal,11.16
INVT002398,PO002398,P0128,WH002,29-01-2026,1305,470,275,1500,404,136,49731330,Normal,8.09
INVT002399,PO002399,P0206,WH003,24-04-2025,712,260,256,716,441,100,59522791.24,Normal,2.69
INVT002400,PO002400,P0285,WH004,09-02-2026,491,321,80,732,165,178,50708011.68,Normal,5.01
INVT002401,PO002401,P0161,WH001,01-04-2025,140,533,36,637,40,242,29741670.14,Overstock,2.75
INVT002402,PO002402,P0016,WH004,01-01-2026,73,830,411,492,38,195,40740310.92,Overstock,3.37
INVT002403,PO002403,P0068,WH002,26-09-2025,1301,547,0,1848,409,202,10279038,Normal,9.96
INVT002404,PO002404,P0172,WH002,09-04-2026,84,288,383,0,170,34,0,Stockout,0
INVT002405,PO002405,P0007,WH001,09-10-2025,750,666,880,536,194,82,35862714.8,Normal,2.31
INVT002406,PO002406,P0069,WH001,09-05-2025,570,509,177,902,302,96,40006009.12,Normal,3.89
INVT002407,PO002407,P0153,WH003,12-01-2026,1335,187,215,1307,441,216,42166551.63,Normal,4.9
INVT002408,PO002408,P0205,WH003,25-07-2025,1426,861,34,2253,480,72,52747979.49,Normal,8.45
INVT002409,PO002409,P0137,WH004,25-08-2025,394,301,198,497,180,28,7824221.3,Normal,3.4
INVT002410,PO002410,P0151,WH003,10-05-2026,45,193,249,0,390,115,0,Stockout,0
INVT002411,PO002411,P0226,WH002,15-06-2026,165,387,522,30,229,114,287396.4,Reorder,0.16
INVT002412,PO002412,P0003,WH002,22-03-2026,412,522,201,733,234,143,53143665.47,Normal,3.95
INVT002413,PO002413,P0259,WH004,17-10-2025,91,822,230,683,70,12,58554826.23,Overstock,4.68
INVT002414,PO002414,P0050,WH003,11-08-2025,16,972,1405,0,162,116,0,Stockout,0
INVT002415,PO002415,P0197,WH003,18-06-2026,829,776,607,998,223,17,25562552.44,Normal,3.75
INVT002416,PO002416,P0067,WH001,01-05-2026,240,549,71,718,217,184,36822665.9,Normal,3.1
INVT002417,PO002417,P0071,WH001,24-05-2025,765,844,94,1515,368,103,55398096,Normal,6.54
INVT002418,PO002418,P0014,WH001,07-05-2026,25,368,354,39,31,150,877337.76,Normal,0.17
INVT002419,PO002419,P0138,WH002,31-03-2025,700,879,1064,515,183,201,30809416.65,Normal,2.78
INVT002420,PO002420,P0246,WH002,11-06-2026,97,452,291,258,213,207,17321338.26,Normal,1.39
INVT002421,PO002421,P0149,WH001,14-03-2025,281,219,275,225,487,100,9781596,Reorder,0.97
INVT002422,PO002422,P0203,WH001,23-07-2025,27,31,32,26,63,71,522226.9,Reorder,0.11
INVT002423,PO002423,P0289,WH002,20-01-2025,38,983,1239,0,22,220,0,Stockout,0
INVT002424,PO002424,P0178,WH003,30-01-2026,98,521,725,0,46,71,0,Stockout,0
INVT002425,PO002425,P0176,WH003,27-02-2026,60,843,237,666,174,94,21106732.14,Normal,2.5
INVT002426,PO002426,P0029,WH004,13-10-2025,492,236,119,609,236,45,34422561.81,Normal,4.17
INVT002427,PO002427,P0280,WH003,19-02-2025,982,792,147,1627,269,158,52836044.04,Overstock,6.11
INVT002428,PO002428,P0238,WH003,15-02-2025,504,231,231,504,179,171,23281332.48,Normal,1.89
INVT002429,PO002429,P0143,WH002,23-05-2025,116,779,542,353,36,230,29582790.82,Overstock,1.9
INVT002430,PO002430,P0057,WH004,06-03-2026,28,160,233,0,45,53,0,Stockout,0
INVT002431,PO002431,P0285,WH004,30-01-2025,140,199,25,314,165,178,22135913.56,Normal,2.15
INVT002432,PO002432,P0035,WH004,31-05-2025,112,383,393,102,489,155,5740736.46,Reorder,0.7
INVT002433,PO002433,P0178,WH003,03-04-2025,48,699,257,490,46,71,12180317.1,Overstock,1.84
INVT002434,PO002434,P0262,WH002,02-12-2025,498,902,1063,337,159,57,24025336.6,Normal,1.82
INVT002435,PO002435,P0197,WH004,06-06-2026,770,263,161,872,223,17,21124043.04,Normal,5.97
INVT002436,PO002436,P0258,WH003,26-10-2025,1294,221,196,1319,331,246,34617049.48,Normal,4.95
INVT002437,PO002437,P0232,WH002,13-01-2026,711,390,405,696,293,69,24324775.44,Normal,3.75
INVT002438,PO002438,P0256,WH004,08-05-2026,94,473,496,71,29,170,3583612.82,Normal,0.49
INVT002439,PO002439,P0027,WH004,09-01-2025,892,648,891,649,495,214,38842033.45,Normal,4.44
INVT002440,PO002440,P0290,WH004,07-01-2026,301,767,29,1039,95,201,85586960.04,Overstock,7.11
INVT002441,PO002441,P0266,WH002,06-11-2025,295,89,132,252,470,103,19053783,Reorder,1.36
INVT002442,PO002442,P0112,WH003,12-02-2026,859,808,906,761,439,184,15167498.61,Normal,2.86
INVT002443,PO002443,P0010,WH001,19-07-2026,1167,141,180,1128,380,29,11212195.92,Normal,4.87
INVT002444,PO002444,P0185,WH002,24-04-2026,424,307,289,442,166,111,20852662.74,Normal,2.38
INVT002445,PO002445,P0168,WH001,18-09-2025,419,450,417,452,156,80,36253026.12,Normal,1.95
INVT002446,PO002446,P0059,WH004,05-01-2026,945,349,197,1097,460,48,63981866.8,Normal,7.51
INVT002447,PO002447,P0123,WH003,22-04-2025,1060,184,0,1244,308,180,52237562.84,Normal,4.67
INVT002448,PO002448,P0017,WH001,23-12-2025,1526,321,132,1715,419,65,125042931,Normal,7.4
INVT002449,PO002449,P0126,WH004,21-08-2025,332,883,422,793,226,14,50830546.65,Normal,5.43
INVT002450,PO002450,P0039,WH003,11-01-2025,105,129,64,170,67,207,2583331.9,Normal,0.64
INVT002451,PO002451,P0104,WH002,27-02-2026,236,242,324,154,297,48,4124124.62,Reorder,0.83
INVT002452,PO002452,P0166,WH002,20-03-2025,69,434,507,0,209,166,0,Stockout,0
INVT002453,PO002453,P0051,WH003,24-06-2026,498,796,404,890,387,133,4692347,Normal,3.34
INVT002454,PO002454,P0043,WH004,10-02-2025,768,497,607,658,466,119,15145436.04,Normal,4.5
INVT002455,PO002455,P0279,WH002,25-04-2026,17,86,64,39,138,52,2652127.53,Reorder,0.21
INVT002456,PO002456,P0021,WH003,08-03-2025,481,378,125,734,254,131,17830548.2,Normal,2.75
INVT002457,PO002457,P0072,WH004,21-12-2025,582,771,618,735,290,216,4451975.85,Normal,5.03
INVT002458,PO002458,P0257,WH004,09-07-2026,1153,683,92,1744,336,211,105257358.6,Overstock,11.94
INVT002459,PO002459,P0105,WH002,31-01-2025,675,905,962,618,175,213,6640805.52,Normal,3.33
INVT002460,PO002460,P0060,WH003,24-12-2025,11,320,59,272,311,48,1317848.16,Reorder,1.02
INVT002461,PO002461,P0178,WH004,06-05-2026,87,425,451,61,46,71,1551630.16,Normal,0.42
INVT002462,PO002462,P0178,WH002,18-11-2025,27,505,235,297,46,71,7263711.18,Overstock,1.6
INVT002463,PO002463,P0204,WH004,24-02-2026,188,23,8,203,309,156,15154883.8,Reorder,1.39
INVT002464,PO002464,P0269,WH003,12-02-2025,744,217,242,719,252,243,59362969.56,Normal,2.7
INVT002465,PO002465,P0289,WH002,25-12-2025,62,578,4,636,22,220,22157165.16,Overstock,3.43
INVT002466,PO002466,P0101,WH003,11-05-2026,108,752,370,490,36,204,24448138.4,Overstock,1.84
INVT002467,PO002467,P0149,WH003,29-06-2025,1409,993,976,1426,487,100,64405831.88,Normal,5.35
INVT002468,PO002468,P0041,WH001,06-10-2025,1099,839,745,1193,372,143,40120100.87,Normal,5.15
INVT002469,PO002469,P0188,WH004,07-04-2025,98,798,64,832,324,165,1499804.8,Normal,5.7
INVT002470,PO002470,P0158,WH001,22-09-2025,509,449,124,834,298,222,30368583.78,Normal,3.6
INVT002471,PO002471,P0157,WH001,10-07-2025,33,977,1357,0,432,85,0,Stockout,0
INVT002472,PO002472,P0132,WH003,25-05-2025,214,177,169,222,62,174,6095678.22,Normal,0.83
INVT002473,PO002473,P0292,WH001,12-07-2026,1279,835,696,1418,355,98,90021616.56,Normal,6.12
INVT002474,PO002474,P0167,WH002,10-06-2026,1027,460,363,1124,451,169,18337205.76,Normal,6.06
INVT002475,PO002475,P0246,WH001,30-01-2025,304,911,952,263,213,207,20044957.91,Normal,1.13
INVT002476,PO002476,P0273,WH003,04-02-2025,79,187,206,60,217,132,4281658.8,Reorder,0.23
INVT002477,PO002477,P0245,WH004,19-03-2025,251,729,921,59,190,168,3017210.44,Reorder,0.4
INVT002478,PO002478,P0236,WH004,07-11-2025,1804,171,197,1778,480,237,115748404.5,Normal,12.17
INVT002479,PO002479,P0249,WH003,18-05-2026,713,386,324,775,257,96,8804542.5,Normal,2.91
INVT002480,PO002480,P0029,WH004,24-01-2025,861,944,373,1432,236,45,78261764.24,Overstock,9.8
INVT002481,PO002481,P0219,WH002,13-02-2026,1156,746,26,1876,311,33,142997593.5,Overstock,10.12
INVT002482,PO002482,P0249,WH001,15-01-2025,511,926,573,864,257,96,9766128.96,Normal,3.73
INVT002483,PO002483,P0039,WH002,16-04-2025,79,763,227,615,67,207,11038075.35,Overstock,3.32
INVT002484,PO002484,P0280,WH002,19-11-2025,726,95,100,721,269,158,23837911.09,Normal,3.89
INVT002485,PO002485,P0030,WH004,08-01-2026,370,960,1288,42,258,168,3262323.12,Reorder,0.29
INVT002486,PO002486,P0104,WH002,21-07-2025,351,68,32,387,297,48,10333139.94,Normal,2.09
INVT002487,PO002487,P0275,WH003,21-01-2025,259,912,752,419,361,144,16827831.91,Normal,1.57
INVT002488,PO002488,P0203,WH002,11-11-2025,76,274,57,293,63,71,6772073.84,Normal,1.58
INVT002489,PO002489,P0178,WH004,17-12-2025,44,438,310,172,46,71,4339916.04,Normal,1.18
INVT002490,PO002490,P0090,WH003,12-06-2026,212,335,165,382,76,160,30316371.86,Overstock,1.43
INVT002491,PO002491,P0122,WH004,31-05-2025,520,102,27,595,208,225,31372023.55,Normal,4.07
INVT002492,PO002492,P0239,WH002,21-01-2026,360,780,164,976,338,96,46057117.92,Normal,5.26
INVT002493,PO002493,P0090,WH004,13-03-2025,167,602,491,278,76,160,21751548.44,Normal,1.9
INVT002494,PO002494,P0249,WH002,12-02-2025,256,575,239,592,257,96,6707277.12,Normal,3.19
INVT002495,PO002495,P0267,WH002,01-01-2025,1066,25,28,1063,309,30,11045048.35,Normal,5.73
INVT002496,PO002496,P0051,WH002,12-04-2025,328,631,703,256,387,133,1371473.92,Reorder,1.38
INVT002497,PO002497,P0226,WH002,13-11-2025,553,247,78,722,229,114,6352444.8,Normal,3.89
INVT002498,PO002498,P0187,WH003,27-06-2025,237,965,854,348,114,24,13430089.08,Normal,1.31
INVT002499,PO002499,P0136,WH003,05-05-2026,334,714,689,359,441,74,14118953.04,Reorder,1.35
INVT002500,PO002500,P0288,WH003,01-11-2025,161,313,216,258,42,71,9671166.12,Overstock,0.97
INVT002501,PO002501,P0113,WH009,04-04-2026,114,865,731,248,63,183,13931209.04,Normal,0.93
INVT002502,PO002502,P0126,WH007,17-11-2025,197,630,117,710,226,14,43423330.2,Normal,12.31
INVT002503,PO002503,P0283,WH007,15-08-2025,392,422,425,389,321,33,20955647.84,Normal,6.75
INVT002504,PO002504,P0200,WH006,02-02-2025,1434,404,39,1799,422,173,132624312.9,Normal,8.66
INVT002505,PO002505,P0239,WH010,07-01-2026,1179,424,67,1536,338,96,80900290.56,Normal,5.31
INVT002506,PO002506,P0130,WH009,16-02-2025,242,319,372,189,173,58,5630595.39,Normal,0.71
INVT002507,PO002507,P0283,WH009,26-04-2026,411,282,204,489,321,33,24992423.25,Normal,1.83
INVT002508,PO002508,P0100,WH010,14-04-2025,437,937,561,813,311,64,547344.12,Normal,2.81
INVT002509,PO002509,P0250,WH005,05-03-2025,1129,364,147,1346,485,23,81570601.58,Normal,5.79
INVT002510,PO002510,P0138,WH007,15-10-2025,239,924,151,1012,183,201,63856167.76,Overstock,17.55
INVT002511,PO002511,P0201,WH009,12-12-2025,21,27,35,13,47,245,1025079.9,Reorder,0.05
INVT002512,PO002512,P0007,WH008,26-09-2025,729,431,112,1048,194,82,69476017.68,Overstock,5.15
INVT002513,PO002513,P0093,WH010,07-03-2026,159,669,219,609,224,216,25015326.63,Normal,2.1
INVT002514,PO002514,P0188,WH008,08-12-2025,1023,715,113,1625,324,165,2889883.75,Overstock,7.99
INVT002515,PO002515,P0083,WH005,03-10-2025,34,174,196,12,435,180,660846.96,Reorder,0.05
INVT002516,PO002516,P0019,WH008,24-10-2025,367,663,810,220,417,37,9153949.2,Reorder,1.08
INVT002517,PO002517,P0138,WH008,03-02-2026,431,30,27,434,183,201,28327969.88,Normal,2.13
INVT002518,PO002518,P0081,WH006,16-02-2026,71,716,580,207,211,168,5646016.08,Reorder,1
INVT002519,PO002519,P0088,WH010,22-04-2025,238,503,119,622,384,57,14908096,Normal,2.15
INVT002520,PO002520,P0117,WH007,07-02-2025,993,106,83,1016,490,224,51664961.44,Normal,17.62
INVT002521,PO002521,P0292,WH007,26-03-2025,48,268,258,58,355,98,4103019.18,Reorder,1.01
INVT002522,PO002522,P0044,WH010,19-03-2025,360,451,649,162,177,19,8425825.74,Reorder,0.56
INVT002523,PO002523,P0157,WH006,03-10-2025,767,718,137,1348,432,85,25324175.04,Normal,6.49
INVT002524,PO002524,P0086,WH008,19-01-2025,244,960,894,310,442,229,14531110.5,Reorder,1.52
INVT002525,PO002525,P0186,WH009,04-10-2025,427,730,782,375,147,34,25719435,Normal,1.4
INVT002526,PO002526,P0153,WH007,05-12-2025,1612,431,204,1839,441,216,59656608.3,Normal,31.89
INVT002527,PO002527,P0010,WH007,11-02-2025,1031,779,79,1731,380,29,14963629.5,Normal,30.02
INVT002528,PO002528,P0249,WH007,01-10-2025,503,929,399,1033,257,96,12863504.81,Normal,17.91
INVT002529,PO002529,P0152,WH006,12-04-2025,1373,378,179,1572,360,101,41752005.6,Normal,7.57
INVT002530,PO002530,P0091,WH008,27-08-2025,737,673,962,448,382,83,14114280.32,Normal,2.2
INVT002531,PO002531,P0220,WH007,22-03-2025,91,555,544,102,30,160,8170246.92,Normal,1.77
INVT002532,PO002532,P0011,WH010,09-03-2025,1016,614,678,952,348,26,52472336,Normal,3.29
INVT002533,PO002533,P0179,WH010,30-03-2025,218,60,30,248,128,245,1939161.6,Normal,0.86
INVT002534,PO002534,P0014,WH007,17-09-2025,79,647,926,0,31,150,0,Stockout,0
INVT002535,PO002535,P0030,WH009,02-08-2026,55,37,2,90,258,168,7152992.1,Reorder,0.34
INVT002536,PO002536,P0273,WH010,27-01-2026,367,208,62,513,217,132,34778234.79,Normal,1.77
INVT002537,PO002537,P0013,WH006,04-05-2025,983,429,523,889,440,231,13235600.91,Normal,4.28
INVT002538,PO002538,P0277,WH007,15-10-2025,72,22,9,85,33,25,6672801.75,Normal,1.47
INVT002539,PO002539,P0115,WH006,24-02-2026,44,823,374,493,150,154,16604511.15,Normal,2.37
INVT002540,PO002540,P0298,WH006,06-04-2025,96,583,726,0,432,66,0,Stockout,0
INVT002541,PO002541,P0205,WH005,21-04-2025,1259,341,169,1431,480,72,33850362.24,Normal,6.16
INVT002542,PO002542,P0106,WH005,21-05-2025,294,463,608,149,213,184,2516365.64,Reorder,0.64
INVT002543,PO002543,P0096,WH010,11-03-2026,37,767,578,226,303,232,9946122.14,Reorder,0.78
INVT002544,PO002544,P0132,WH008,26-10-2025,158,844,226,776,62,174,24023415.76,Overstock,3.82
INVT002545,PO002545,P0153,WH005,08-07-2025,113,211,301,23,441,216,691865.99,Reorder,0.1
INVT002546,PO002546,P0093,WH005,21-09-2025,339,441,8,772,224,216,34056309.08,Normal,3.32
INVT002547,PO002547,P0295,WH010,09-05-2025,961,516,541,936,261,18,66836437.2,Normal,3.23
INVT002548,PO002548,P0113,WH005,12-08-2025,142,397,545,0,63,183,0,Stockout,0
INVT002549,PO002549,P0156,WH009,12-02-2025,490,379,203,666,140,169,45507946.5,Normal,2.49
INVT002550,PO002550,P0117,WH009,28-03-2025,1905,855,245,2515,490,224,130430088.1,Overstock,9.4
INVT002551,PO002551,P0270,WH008,23-06-2025,458,640,356,742,429,112,51703680.42,Normal,3.65
INVT002552,PO002552,P0204,WH005,22-01-2026,303,67,72,298,309,156,20938844.84,Reorder,1.28
INVT002553,PO002553,P0032,WH008,12-09-2025,740,857,993,604,237,188,10681758.12,Normal,2.97
INVT002554,PO002554,P0150,WH007,28-07-2026,301,860,1178,0,80,75,0,Stockout,0
INVT002555,PO002555,P0074,WH010,09-05-2025,312,812,597,527,87,78,25870935.92,Overstock,1.82
INVT002556,PO002556,P0122,WH006,30-05-2025,320,498,6,812,208,225,36511628.72,Normal,3.91
INVT002557,PO002557,P0212,WH010,15-11-2025,142,470,308,304,167,225,21782776.48,Normal,1.05
INVT002558,PO002558,P0178,WH009,21-02-2025,149,814,158,805,46,71,17670683.8,Overstock,3.01
INVT002559,PO002559,P0020,WH005,27-03-2026,68,462,13,517,28,180,35210507.31,Overstock,2.22
INVT002560,PO002560,P0213,WH008,13-05-2026,111,642,367,386,76,205,25300740.56,Overstock,1.9
INVT002561,PO002561,P0126,WH010,01-06-2026,377,650,254,773,226,14,45088595.28,Normal,2.67
INVT002562,PO002562,P0035,WH006,30-04-2025,194,782,1017,0,489,155,0,Stockout,0
INVT002563,PO002563,P0013,WH008,12-12-2025,200,308,227,281,440,231,4301213.61,Reorder,1.38
INVT002564,PO002564,P0023,WH008,15-04-2025,314,370,505,179,301,65,3693040.29,Reorder,0.88
INVT002565,PO002565,P0013,WH008,05-06-2025,466,672,786,352,440,231,6107999.04,Reorder,1.73
INVT002566,PO002566,P0033,WH007,17-01-2025,1394,217,46,1565,441,103,66609483.05,Normal,27.14
INVT002567,PO002567,P0102,WH005,18-12-2025,117,1000,822,295,209,117,15332394.9,Normal,1.27
INVT002568,PO002568,P0098,WH008,20-03-2026,12,647,163,496,256,35,9669267.04,Normal,2.44
INVT002569,PO002569,P0233,WH007,17-04-2026,90,852,352,590,59,136,22817400.4,Overstock,10.23
INVT002570,PO002570,P0069,WH008,14-03-2025,797,200,218,779,302,96,34592718.03,Normal,3.83
INVT002571,PO002571,P0164,WH006,25-11-2025,1301,572,459,1414,419,83,122588214.7,Normal,6.81
INVT002572,PO002572,P0185,WH007,15-05-2026,79,960,1269,0,166,111,0,Stockout,0
INVT002573,PO002573,P0247,WH005,07-02-2026,203,221,135,289,303,118,9025640.51,Reorder,1.24
INVT002574,PO002574,P0166,WH006,16-12-2025,244,429,563,110,209,166,2148889.6,Reorder,0.53
INVT002575,PO002575,P0138,WH009,25-07-2025,158,47,24,181,183,201,11367326.71,Reorder,0.68
INVT002576,PO002576,P0071,WH006,17-07-2025,1167,91,21,1237,368,103,42081193.75,Normal,5.96
INVT002577,PO002577,P0027,WH005,25-03-2026,1579,881,624,1836,495,214,106691740.9,Normal,7.9
INVT002578,PO002578,P0119,WH010,26-06-2025,361,834,177,1018,226,66,2294714.52,Normal,3.52
INVT002579,PO002579,P0109,WH008,04-06-2026,1122,72,104,1090,373,189,69520527,Normal,5.36
INVT002580,PO002580,P0164,WH007,15-06-2026,736,246,53,929,419,83,71063130.38,Normal,16.11
INVT002581,PO002581,P0050,WH005,20-03-2026,596,481,126,951,162,116,40231037.43,Overstock,4.09
INVT002582,PO002582,P0194,WH005,04-05-2025,97,537,179,455,145,42,32441550.05,Normal,1.96
INVT002583,PO002583,P0022,WH005,30-09-2025,1414,834,1121,1127,356,116,76602257.62,Normal,4.85
INVT002584,PO002584,P0052,WH010,04-08-2025,1463,566,554,1475,402,58,24970496.25,Normal,5.09
INVT002585,PO002585,P0142,WH009,14-07-2026,851,548,523,876,301,101,49159254.12,Normal,3.27
INVT002586,PO002586,P0217,WH009,25-05-2025,694,75,84,685,394,47,44508354.5,Normal,2.56
INVT002587,PO002587,P0289,WH010,28-08-2025,81,997,824,254,22,220,9791771.12,Overstock,0.88
INVT002588,PO002588,P0266,WH010,14-06-2025,1155,101,1,1255,470,103,97096463.5,Normal,4.33
INVT002589,PO002589,P0113,WH007,15-12-2025,44,605,137,512,63,183,28664360.96,Overstock,8.88
INVT002590,PO002590,P0266,WH005,02-10-2025,1191,155,187,1159,470,103,84739253.49,Normal,4.99
INVT002591,PO002591,P0201,WH010,18-12-2025,133,703,537,299,47,245,26185672.5,Overstock,1.03
INVT002592,PO002592,P0197,WH006,01-04-2025,667,998,478,1187,223,17,26910963.67,Overstock,5.72
INVT002593,PO002593,P0285,WH009,02-07-2025,582,207,302,487,165,178,29955579.41,Normal,1.82
INVT002594,PO002594,P0230,WH007,16-11-2025,696,328,355,669,346,159,36653185.38,Normal,11.6
INVT002595,PO002595,P0245,WH008,19-03-2025,296,669,697,268,190,168,12698882.52,Normal,1.32
INVT002596,PO002596,P0066,WH009,29-05-2026,1467,353,186,1634,379,91,71904529.48,Normal,6.11
INVT002597,PO002597,P0233,WH006,26-02-2026,220,330,343,207,59,136,7933790.43,Normal,1
INVT002598,PO002598,P0063,WH006,17-01-2025,1215,798,435,1578,443,35,53371873.44,Normal,7.6
INVT002599,PO002599,P0254,WH009,11-02-2025,357,555,728,184,193,239,14510606.16,Reorder,0.69
INVT002600,PO002600,P0122,WH010,20-02-2026,620,682,875,427,208,225,20175963.5,Normal,1.47
INVT002601,PO002601,P0009,WH008,30-06-2025,1605,952,1378,1179,435,127,56943153.36,Normal,5.8
INVT002602,PO002602,P0269,WH009,06-10-2025,514,367,159,722,252,243,60917349.32,Normal,2.7
INVT002603,PO002603,P0291,WH007,09-07-2026,836,750,1095,491,329,249,39999928.75,Normal,8.51
INVT002604,PO002604,P0128,WH006,02-06-2025,966,733,930,769,404,136,26788514.88,Normal,3.7
INVT002605,PO002605,P0265,WH006,30-04-2025,621,501,448,674,167,227,21090491.22,Normal,3.25
INVT002606,PO002606,P0242,WH010,30-06-2026,725,339,298,766,228,88,9584483.08,Normal,2.65
INVT002607,PO002607,P0144,WH007,20-05-2026,145,17,0,162,391,246,8012432.52,Reorder,2.81
INVT002608,PO002608,P0019,WH007,14-07-2025,211,857,20,1048,417,37,50294012.56,Normal,18.17
INVT002609,PO002609,P0105,WH010,10-05-2026,2,477,367,112,175,213,1263018.4,Reorder,0.39
INVT002610,PO002610,P0042,WH008,17-01-2025,359,674,754,279,131,24,20076873.48,Normal,1.37
INVT002611,PO002611,P0154,WH009,17-07-2025,749,752,531,970,404,23,31960142,Normal,3.63
INVT002612,PO002612,P0276,WH005,09-10-2025,1217,358,91,1484,382,193,124375271.7,Normal,6.39
INVT002613,PO002613,P0092,WH005,18-11-2025,181,622,808,0,369,36,0,Stockout,0
INVT002614,PO002614,P0005,WH007,19-07-2025,240,872,10,1102,145,104,39773417.06,Overstock,19.11
INVT002615,PO002615,P0017,WH007,05-07-2026,905,271,317,859,419,65,68060863.53,Normal,14.9
INVT002616,PO002616,P0255,WH010,02-04-2026,333,983,403,913,163,172,47202437.81,Overstock,3.15
INVT002617,PO002617,P0140,WH009,19-07-2025,1105,41,9,1137,462,58,73586583.15,Normal,4.25
INVT002618,PO002618,P0130,WH006,14-12-2025,499,378,14,863,173,58,23234876.94,Normal,4.16
INVT002619,PO002619,P0005,WH007,08-01-2026,97,484,458,123,145,104,4099485.45,Reorder,2.13
INVT002620,PO002620,P0057,WH010,21-11-2025,50,668,920,0,45,53,0,Stockout,0
INVT002621,PO002621,P0017,WH005,05-06-2026,507,957,515,949,419,65,64251058.04,Normal,4.08
INVT002622,PO002622,P0079,WH008,08-07-2025,211,91,71,231,63,108,11962048.56,Normal,1.14
INVT002623,PO002623,P0210,WH005,07-03-2026,252,170,84,338,136,236,27514660.16,Normal,1.45
INVT002624,PO002624,P0145,WH006,18-03-2025,38,883,301,620,30,79,41136107.2,Overstock,2.99
INVT002625,PO002625,P0160,WH010,09-02-2026,648,610,286,972,173,173,43003573.92,Overstock,3.36
INVT002626,PO002626,P0086,WH008,16-04-2026,984,133,167,950,442,229,40751171.5,Normal,4.67
INVT002627,PO002627,P0078,WH006,27-04-2025,5,915,235,685,89,82,36189666.55,Overstock,3.3
INVT002628,PO002628,P0295,WH007,10-07-2026,86,617,626,77,261,18,5130508.46,Reorder,1.34
INVT002629,PO002629,P0186,WH006,14-01-2026,106,747,750,103,147,34,6228955.9,Reorder,0.5
INVT002630,PO002630,P0144,WH006,07-07-2026,528,116,84,560,391,246,22877954.4,Normal,2.7
INVT002631,PO002631,P0242,WH005,15-07-2026,801,136,135,802,228,88,10310688.44,Normal,3.45
INVT002632,PO002632,P0118,WH009,02-05-2025,885,476,268,1093,460,187,79311697.83,Normal,4.09
INVT002633,PO002633,P0160,WH005,20-01-2025,484,426,383,527,173,173,25212433.61,Normal,2.27
INVT002634,PO002634,P0091,WH008,26-01-2025,106,397,477,26,382,83,937714.18,Reorder,0.13
INVT002635,PO002635,P0275,WH008,25-06-2025,970,93,35,1028,361,144,41706299.24,Normal,5.05
INVT002636,PO002636,P0298,WH010,22-02-2025,1121,401,469,1053,432,66,14868654.84,Normal,3.64
INVT002637,PO002637,P0006,WH007,16-11-2025,721,276,399,598,205,68,46006663.56,Normal,10.37
INVT002638,PO002638,P0112,WH008,20-05-2025,102,918,244,776,439,184,17343638.8,Normal,3.82
INVT002639,PO002639,P0007,WH009,22-12-2025,168,67,98,137,194,82,7827138.8,Reorder,0.51
INVT002640,PO002640,P0075,WH008,21-04-2026,57,450,43,464,105,160,11179045.28,Normal,2.28
INVT002641,PO002641,P0238,WH010,03-06-2026,193,430,48,575,179,171,27751460.75,Normal,1.99
INVT002642,PO002642,P0078,WH009,24-02-2026,204,401,38,567,89,82,27335665.35,Overstock,2.12
INVT002643,PO002643,P0101,WH008,07-07-2026,120,584,609,95,36,204,4909923,Normal,0.47
INVT002644,PO002644,P0258,WH010,23-03-2025,1286,142,47,1381,331,246,39730582.83,Normal,4.77
INVT002645,PO002645,P0023,WH006,14-07-2025,721,641,591,771,301,65,15857681.28,Normal,3.71
INVT002646,PO002646,P0056,WH009,24-01-2026,222,136,27,331,455,211,13308742.08,Reorder,1.24
INVT002647,PO002647,P0300,WH007,12-05-2025,553,416,433,536,213,163,1509043.68,Normal,9.29
INVT002648,PO002648,P0201,WH009,02-11-2025,144,673,772,45,47,245,4023049.5,Reorder,0.17
INVT002649,PO002649,P0264,WH005,11-05-2026,489,738,987,240,126,166,3565886.4,Normal,1.03
INVT002650,PO002650,P0081,WH008,31-05-2026,75,121,84,112,211,168,3244892,Reorder,0.55
INVT002651,PO002651,P0116,WH010,30-06-2025,202,187,262,127,51,95,9876063.56,Normal,0.44
INVT002652,PO002652,P0222,WH007,02-03-2025,846,657,823,680,372,47,51167212,Normal,11.79
INVT002653,PO002653,P0076,WH005,14-03-2026,1094,196,200,1090,315,60,81680447.1,Normal,4.69
INVT002654,PO002654,P0073,WH009,13-07-2025,431,968,1163,236,216,72,7300501.88,Normal,0.88
INVT002655,PO002655,P0270,WH006,23-03-2025,1289,427,350,1366,429,112,105579041.6,Normal,6.58
INVT002656,PO002656,P0101,WH007,04-05-2025,36,912,24,924,36,204,48947911.32,Overstock,16.02
INVT002657,PO002657,P0062,WH010,03-08-2026,534,370,61,843,299,57,54793440.45,Normal,2.91
INVT002658,PO002658,P0274,WH007,21-03-2026,1185,866,918,1133,321,164,101224531.3,Normal,19.65
INVT002659,PO002659,P0058,WH010,12-05-2025,937,810,324,1423,459,191,11253411.29,Normal,4.92
INVT002660,PO002660,P0252,WH009,08-07-2025,265,941,55,1151,413,213,1296394.32,Normal,4.3
INVT002661,PO002661,P0196,WH005,18-02-2025,114,343,439,18,236,215,1314428.76,Reorder,0.08
INVT002662,PO002662,P0081,WH010,08-02-2026,293,213,308,198,211,168,5268201.84,Reorder,0.68
INVT002663,PO002663,P0272,WH010,24-08-2025,294,922,610,606,133,17,42841248.78,Normal,2.09
INVT002664,PO002664,P0046,WH006,26-08-2025,1726,880,1314,1292,486,202,57885243.44,Normal,6.22
INVT002665,PO002665,P0107,WH008,21-06-2026,423,878,587,714,328,235,22489050.78,Normal,3.51
INVT002666,PO002666,P0113,WH007,01-02-2026,219,671,89,801,63,183,47508303.24,Overstock,13.89
INVT002667,PO002667,P0269,WH005,13-05-2026,262,951,1144,69,252,243,5403314.1,Reorder,0.3
INVT002668,PO002668,P0237,WH009,31-08-2025,835,133,49,919,290,24,24834789.49,Normal,3.43
INVT002669,PO002669,P0183,WH008,01-11-2025,739,49,73,715,482,121,47218063.75,Normal,3.52
INVT002670,PO002670,P0118,WH006,16-05-2025,1387,905,299,1993,460,187,156575999.2,Normal,9.6
INVT002671,PO002671,P0218,WH006,20-09-2025,115,390,308,197,52,176,9318452.63,Normal,0.95
INVT002672,PO002672,P0190,WH007,24-01-2025,473,171,150,494,238,85,31049317.78,Normal,8.57
INVT002673,PO002673,P0070,WH009,27-05-2026,564,399,146,817,306,185,61622175.98,Normal,3.05
INVT002674,PO002674,P0255,WH009,06-10-2025,101,629,115,615,163,172,29047975.2,Normal,2.3
INVT002675,PO002675,P0028,WH007,27-07-2026,83,899,912,70,29,232,908838,Normal,1.21
INVT002676,PO002676,P0005,WH005,29-12-2025,238,694,1034,0,145,104,0,Stockout,0
INVT002677,PO002677,P0149,WH008,14-06-2026,1220,91,103,1208,487,100,60569542.8,Normal,5.94
INVT002678,PO002678,P0279,WH009,24-06-2026,460,592,755,297,138,52,23722533.45,Normal,1.11
INVT002679,PO002679,P0255,WH009,23-11-2025,183,711,690,204,163,172,10825906.68,Normal,0.76
INVT002680,PO002680,P0254,WH008,06-07-2025,255,672,229,698,193,239,50227891.54,Normal,3.43
INVT002681,PO002681,P0127,WH006,10-02-2026,1424,986,894,1516,369,148,106876938.8,Normal,7.3
INVT002682,PO002682,P0288,WH006,28-11-2025,151,448,606,0,42,71,0,Stockout,0
INVT002683,PO002683,P0265,WH010,29-03-2026,279,199,277,201,167,227,6057764.13,Normal,0.69
INVT002684,PO002684,P0270,WH006,12-02-2026,1610,772,744,1638,429,112,106462874.7,Normal,7.89
INVT002685,PO002685,P0107,WH005,28-07-2025,1012,296,98,1210,328,235,44050171,Normal,5.21
INVT002686,PO002686,P0083,WH009,08-01-2026,1417,417,270,1564,435,180,78722501.12,Normal,5.85
INVT002687,PO002687,P0198,WH005,15-07-2025,51,835,1006,0,38,223,0,Stockout,0
INVT002688,PO002688,P0171,WH010,10-03-2025,1608,608,347,1869,466,114,65361434.46,Normal,6.46
INVT002689,PO002689,P0250,WH007,14-03-2026,822,218,167,873,485,23,49117555.35,Normal,15.14
INVT002690,PO002690,P0035,WH006,25-01-2026,1429,263,230,1462,489,155,83163472.32,Normal,7.04
INVT002691,PO002691,P0119,WH006,30-06-2025,364,96,95,365,226,66,942773.1,Normal,1.76
INVT002692,PO002692,P0116,WH006,04-07-2025,94,270,345,19,51,95,1520908.39,Reorder,0.09
INVT002693,PO002693,P0137,WH008,18-02-2025,321,620,547,394,180,28,6624022.56,Normal,1.94
INVT002694,PO002694,P0058,WH007,26-03-2026,1043,932,335,1640,459,191,13384696,Normal,28.44
INVT002695,PO002695,P0227,WH008,26-02-2025,328,852,106,1074,109,237,27689760.6,Overstock,5.28
INVT002696,PO002696,P0082,WH006,31-07-2026,5,699,21,683,151,103,40942756.01,Normal,3.29
INVT002697,PO002697,P0167,WH006,13-02-2025,370,945,719,596,451,169,10465509.68,Normal,2.87
INVT002698,PO002698,P0229,WH010,16-04-2026,826,681,905,602,220,105,4256651.7,Normal,2.08
INVT002699,PO002699,P0131,WH005,28-06-2026,2,962,1026,0,393,68,0,Stockout,0
INVT002700,PO002700,P0181,WH010,21-05-2025,115,788,930,0,31,180,0,Stockout,0
INVT002701,PO002701,P0287,WH005,17-05-2026,163,470,641,0,254,99,0,Stockout,0
INVT002702,PO002702,P0043,WH006,12-02-2025,486,417,352,551,466,119,11832129.92,Normal,2.65
INVT002703,PO002703,P0084,WH007,18-01-2025,198,667,726,139,239,88,5204329.58,Reorder,2.41
INVT002704,PO002704,P0045,WH005,28-08-2025,1301,143,155,1289,388,79,66473820.23,Normal,5.55
INVT002705,PO002705,P0081,WH006,21-02-2025,765,12,7,770,211,168,22997566.9,Normal,3.71
INVT002706,PO002706,P0173,WH005,29-12-2025,281,18,17,282,340,55,9498842.88,Reorder,1.21
INVT002707,PO002707,P0269,WH007,10-05-2025,23,491,140,374,252,243,32058229.06,Normal,6.49
INVT002708,PO002708,P0227,WH006,18-02-2025,39,88,105,22,109,237,566949.24,Reorder,0.11
INVT002709,PO002709,P0073,WH010,12-07-2026,111,472,638,0,216,72,0,Stockout,0
INVT002710,PO002710,P0159,WH006,01-01-2025,677,415,155,937,290,206,28901896.18,Normal,4.51
INVT002711,PO002711,P0214,WH009,14-09-2025,264,22,31,255,124,156,6962999.4,Normal,0.95
INVT002712,PO002712,P0153,WH010,13-08-2025,125,97,34,188,441,216,5739329.8,Reorder,0.65
INVT002713,PO002713,P0250,WH006,03-05-2026,1125,575,852,848,485,23,46206103.84,Normal,4.08
INVT002714,PO002714,P0202,WH006,06-03-2026,938,700,232,1406,297,174,45022158.7,Normal,6.77
INVT002715,PO002715,P0294,WH008,26-07-2026,818,632,287,1163,481,19,56040364.52,Normal,5.72
INVT002716,PO002716,P0055,WH005,07-05-2025,739,100,64,775,437,63,26072340.75,Normal,3.34
INVT002717,PO002717,P0126,WH005,07-03-2025,729,586,80,1235,226,14,71807494.2,Overstock,5.31
INVT002718,PO002718,P0298,WH008,12-05-2026,1352,901,1114,1139,432,66,17474868.31,Normal,5.6
INVT002719,PO002719,P0094,WH009,24-08-2025,846,452,594,704,216,65,20071370.88,Normal,2.63
INVT002720,PO002720,P0271,WH005,19-03-2026,212,804,8,1008,144,210,14658618.24,Overstock,4.34
INVT002721,PO002721,P0051,WH009,28-01-2025,889,118,151,856,387,133,5014687.68,Normal,3.2
INVT002722,PO002722,P0210,WH009,02-01-2025,489,568,585,472,136,236,37360334,Normal,1.76
INVT002723,PO002723,P0202,WH010,28-03-2026,359,69,89,339,297,174,11019635.7,Normal,1.17
INVT002724,PO002724,P0292,WH007,05-11-2025,420,269,16,673,355,98,41733995.24,Normal,11.67
INVT002725,PO002725,P0058,WH009,25-08-2025,1496,502,560,1438,459,191,10147146.34,Normal,5.37
INVT002726,PO002726,P0176,WH007,05-09-2025,272,787,638,421,174,94,13264758.54,Normal,7.3
INVT002727,PO002727,P0268,WH006,05-02-2025,102,249,292,59,208,247,1357510.94,Reorder,0.28
INVT002728,PO002728,P0276,WH008,04-08-2025,1308,945,1264,989,382,193,76553812.03,Normal,4.86
INVT002729,PO002729,P0246,WH008,24-06-2026,555,89,124,520,213,207,35243894.4,Normal,2.56
INVT002730,PO002730,P0003,WH010,29-07-2026,842,924,364,1402,234,143,101020843.6,Overstock,4.84
INVT002731,PO002731,P0172,WH008,25-05-2025,394,651,729,316,170,34,128814.24,Normal,1.55
INVT002732,PO002732,P0295,WH007,13-06-2025,503,176,170,509,261,18,31559287.77,Normal,8.83
INVT002733,PO002733,P0125,WH005,16-03-2025,493,876,1191,178,177,14,2030157.64,Normal,0.77
INVT002734,PO002734,P0116,WH009,28-08-2025,59,584,806,0,51,95,0,Stockout,0
INVT002735,PO002735,P0036,WH010,27-05-2025,1422,858,444,1836,499,189,161622382.3,Normal,6.34
INVT002736,PO002736,P0205,WH007,17-02-2025,90,937,810,217,480,72,5273356.06,Reorder,3.76
INVT002737,PO002737,P0260,WH010,28-05-2026,101,901,938,64,341,72,1986384.64,Reorder,0.22
INVT002738,PO002738,P0045,WH008,31-03-2025,346,552,443,455,388,79,23374801.45,Normal,2.24
INVT002739,PO002739,P0044,WH007,09-06-2025,228,899,257,870,177,19,48801118.8,Normal,15.09
INVT002740,PO002740,P0019,WH009,22-05-2025,644,994,1186,452,417,37,18909230.16,Normal,1.69
INVT002741,PO002741,P0089,WH010,07-11-2025,1279,639,310,1608,390,162,53430334.56,Normal,5.55
INVT002742,PO002742,P0223,WH007,07-03-2025,214,754,801,167,362,20,402449.96,Reorder,2.9
INVT002743,PO002743,P0033,WH005,20-06-2025,962,972,1281,653,441,103,29370575.23,Normal,2.81
INVT002744,PO002744,P0094,WH008,06-11-2025,624,724,612,736,216,65,19517608.64,Normal,3.62
INVT002745,PO002745,P0039,WH005,06-03-2025,241,148,219,170,67,207,2581966.8,Normal,0.73
INVT002746,PO002746,P0057,WH010,17-11-2025,97,75,91,81,45,53,3172309.11,Normal,0.28
INVT002747,PO002747,P0178,WH006,04-03-2025,15,118,11,122,46,71,3080930.66,Normal,0.59
INVT002748,PO002748,P0245,WH006,06-06-2025,65,743,1008,0,190,168,0,Stockout,0
INVT002749,PO002749,P0249,WH007,07-05-2026,1002,995,293,1704,257,96,20409268.08,Overstock,29.55
INVT002750,PO002750,P0252,WH005,19-04-2025,178,145,105,218,413,213,256354.92,Reorder,0.94
INVT002751,PO002751,P0024,WH010,23-05-2026,802,802,889,715,413,147,19677064.55,Normal,2.47
INVT002752,PO002752,P0118,WH008,15-07-2025,919,964,747,1136,460,187,83698991.84,Normal,5.59
INVT002753,PO002753,P0052,WH010,23-07-2026,1039,146,107,1078,402,58,18482374.68,Normal,3.72
INVT002754,PO002754,P0009,WH005,02-07-2026,1552,705,138,2119,435,127,99667673.56,Normal,9.12
INVT002755,PO002755,P0130,WH010,01-07-2026,522,641,72,1091,173,58,31288767.18,Overstock,3.77
INVT002756,PO002756,P0010,WH005,21-05-2025,1462,146,158,1450,380,29,12344589.5,Normal,6.24
INVT002757,PO002757,P0282,WH005,12-04-2026,295,594,303,586,246,248,26977594.1,Normal,2.52
INVT002758,PO002758,P0042,WH008,02-05-2025,249,819,320,748,131,24,55243188.44,Overstock,3.68
INVT002759,PO002759,P0160,WH005,16-05-2025,533,158,223,468,173,173,21960155.88,Normal,2.01
INVT002760,PO002760,P0167,WH009,30-03-2025,1122,357,166,1313,451,169,22356306.57,Normal,4.91
INVT002761,PO002761,P0060,WH006,28-09-2025,409,333,323,419,311,48,2174366.98,Normal,2.02
INVT002762,PO002762,P0149,WH007,27-02-2025,500,143,129,514,487,100,25043534.62,Normal,8.91
INVT002763,PO002763,P0066,WH009,01-05-2025,656,278,100,834,379,91,35232947.16,Normal,3.12
INVT002764,PO002764,P0291,WH009,12-02-2026,738,780,551,967,329,249,72122466.91,Normal,3.61
INVT002765,PO002765,P0291,WH009,01-01-2026,1218,769,535,1452,329,249,116426572.7,Normal,5.43
INVT002766,PO002766,P0009,WH007,03-03-2025,691,785,221,1255,435,127,53615783.7,Normal,21.76
INVT002767,PO002767,P0280,WH007,08-07-2025,131,712,390,453,269,158,16490327.97,Normal,7.86
INVT002768,PO002768,P0230,WH008,20-06-2025,1059,847,542,1364,346,159,80404376.36,Normal,6.71
INVT002769,PO002769,P0116,WH010,04-12-2025,175,507,551,131,51,95,10374556.79,Normal,0.45
INVT002770,PO002770,P0245,WH006,07-07-2026,204,618,521,301,190,168,14310352.7,Normal,1.45
INVT002771,PO002771,P0230,WH005,27-04-2026,344,977,1201,120,346,159,6778707.6,Reorder,0.52
INVT002772,PO002772,P0294,WH009,08-06-2026,438,321,22,737,481,19,34141915.61,Normal,2.75
INVT002773,PO002773,P0060,WH007,15-04-2026,758,280,253,785,311,48,3793002.25,Normal,13.61
INVT002774,PO002774,P0104,WH006,13-09-2025,529,862,1182,209,297,48,5481104.42,Reorder,1.01
INVT002775,PO002775,P0150,WH009,04-10-2025,196,739,364,571,80,75,34584767.67,Overstock,2.13
INVT002776,PO002776,P0035,WH009,27-03-2025,247,921,388,780,489,155,42967236,Normal,2.92
INVT002777,PO002777,P0111,WH009,05-03-2025,128,932,485,575,40,62,7682494.5,Overstock,2.15
INVT002778,PO002778,P0144,WH005,16-12-2025,191,889,313,767,391,246,32738428.58,Normal,3.3
INVT002779,PO002779,P0251,WH006,05-10-2025,138,354,41,451,184,38,17442298.72,Normal,2.17
INVT002780,PO002780,P0093,WH008,25-04-2026,394,661,760,295,224,216,12624743.3,Normal,1.45
INVT002781,PO002781,P0209,WH010,07-09-2025,453,548,156,845,236,35,71153546.1,Normal,2.92
INVT002782,PO002782,P0063,WH008,06-06-2026,528,460,295,693,443,35,22851730.44,Normal,3.41
INVT002783,PO002783,P0085,WH005,11-06-2025,549,664,755,458,306,81,30404004.82,Normal,1.97
INVT002784,PO002784,P0116,WH010,22-03-2025,10,361,201,170,51,95,12242771,Normal,0.59
INVT002785,PO002785,P0292,WH008,30-05-2026,788,63,68,783,355,98,52427542.41,Normal,3.85
INVT002786,PO002786,P0241,WH010,05-05-2026,768,514,178,1104,252,138,28950578.4,Normal,3.81
INVT002787,PO002787,P0183,WH010,18-10-2025,427,527,192,762,482,121,48723209.64,Normal,2.63
INVT002788,PO002788,P0095,WH005,16-07-2025,68,413,592,0,393,151,0,Stockout,0
INVT002789,PO002789,P0043,WH006,14-04-2025,1241,935,243,1933,466,119,41752510.05,Normal,9.31
INVT002790,PO002790,P0120,WH007,18-12-2025,514,455,104,865,236,214,70642854.6,Normal,15
INVT002791,PO002791,P0001,WH005,23-11-2025,1118,812,90,1840,364,114,86430945.6,Overstock,7.92
INVT002792,PO002792,P0271,WH009,20-01-2026,408,207,53,562,144,210,7578789.18,Normal,2.1
INVT002793,PO002793,P0264,WH008,20-02-2025,347,620,313,654,126,166,8491333.26,Overstock,3.22
INVT002794,PO002794,P0257,WH007,09-12-2025,862,310,186,986,336,211,57084312.24,Normal,17.1
INVT002795,PO002795,P0292,WH009,09-12-2025,973,711,125,1559,355,98,102385189.2,Normal,5.83
INVT002796,PO002796,P0219,WH005,12-02-2025,405,542,321,626,311,33,47288997.78,Normal,2.69
INVT002797,PO002797,P0078,WH010,30-03-2025,260,767,862,165,89,82,8707312.35,Normal,0.57
INVT002798,PO002798,P0117,WH008,18-04-2025,837,622,543,916,490,224,50331488.64,Normal,4.5
INVT002799,PO002799,P0022,WH006,01-08-2025,60,267,365,0,356,116,0,Stockout,0
INVT002800,PO002800,P0026,WH010,23-05-2026,273,448,105,616,171,23,44142498.4,Normal,2.13
INVT002801,PO002801,P0044,WH008,05-06-2025,42,96,84,54,177,19,2637478.8,Reorder,0.27
INVT002802,PO002802,P0149,WH008,11-06-2026,1857,380,153,2084,487,100,99838709,Normal,10.25
INVT002803,PO002803,P0032,WH009,03-08-2026,662,800,990,472,237,188,8945296.8,Normal,1.76
INVT002804,PO002804,P0180,WH007,09-12-2025,984,827,1109,702,306,39,23369200.92,Normal,12.17
INVT002805,PO002805,P0100,WH009,12-12-2025,1065,513,305,1273,311,64,900762.07,Normal,4.76
INVT002806,PO002806,P0165,WH008,23-03-2026,1667,939,1040,1566,491,224,81315990.72,Normal,7.7
INVT002807,PO002807,P0252,WH010,09-04-2025,758,623,44,1337,413,213,1440055.96,Normal,4.62
INVT002808,PO002808,P0184,WH007,29-07-2025,611,745,827,529,157,106,38382885.76,Normal,9.17
INVT002809,PO002809,P0054,WH005,06-01-2026,437,287,262,462,114,156,19861504.74,Normal,1.99
INVT002810,PO002810,P0179,WH006,12-08-2025,15,671,682,4,128,245,26960.2,Reorder,0.02
INVT002811,PO002811,P0263,WH006,25-06-2026,95,405,317,183,72,247,14673424.95,Normal,0.88
INVT002812,PO002812,P0275,WH009,26-02-2025,1314,406,455,1265,361,144,48660742.35,Normal,4.73
INVT002813,PO002813,P0287,WH006,27-04-2026,891,273,376,788,254,99,55144413.36,Normal,3.8
INVT002814,PO002814,P0278,WH010,30-03-2025,1159,689,221,1627,495,236,29572807.56,Normal,5.62
INVT002815,PO002815,P0102,WH007,27-12-2025,68,271,259,80,209,117,4016388,Reorder,1.39
INVT002816,PO002816,P0108,WH006,08-04-2025,99,559,428,230,217,213,10120954.5,Normal,1.11
INVT002817,PO002817,P0094,WH006,14-03-2026,207,850,466,591,216,65,15473585.64,Normal,2.85
INVT002818,PO002818,P0083,WH010,29-04-2026,1411,890,789,1512,435,180,90079894.8,Normal,5.22
INVT002819,PO002819,P0153,WH007,03-01-2025,1585,313,434,1464,441,216,45520239.84,Normal,25.39
INVT002820,PO002820,P0175,WH010,04-09-2025,275,60,51,284,455,79,1973802.84,Reorder,0.98
INVT002821,PO002821,P0090,WH006,28-05-2026,14,345,194,165,76,160,12783115.95,Normal,0.79
INVT002822,PO002822,P0198,WH009,18-07-2026,40,735,771,4,38,223,262096.08,Reorder,0.01
INVT002823,PO002823,P0103,WH010,12-06-2026,260,319,455,124,161,185,2971947.68,Reorder,0.43
INVT002824,PO002824,P0243,WH007,16-09-2025,1355,28,14,1369,377,159,1088272.86,Normal,23.74
INVT002825,PO002825,P0052,WH008,09-07-2026,1503,89,59,1533,402,58,28349585.04,Normal,7.54
INVT002826,PO002826,P0093,WH010,08-06-2026,134,95,58,171,224,216,7343429.13,Reorder,0.59
INVT002827,PO002827,P0040,WH007,13-02-2025,313,110,48,375,191,99,16662776.25,Normal,6.5
INVT002828,PO002828,P0223,WH009,15-03-2025,1207,544,699,1052,362,20,2495691.16,Normal,3.93
INVT002829,PO002829,P0229,WH005,11-03-2026,334,56,16,374,220,105,2436419.26,Normal,1.61
INVT002830,PO002830,P0214,WH005,11-06-2025,95,596,696,0,124,156,0,Stockout,0
INVT002831,PO002831,P0232,WH007,06-09-2025,976,324,65,1235,293,69,46006022.4,Normal,21.41
INVT002832,PO002832,P0188,WH006,05-09-2025,559,578,223,914,324,165,1598458.04,Normal,4.4
INVT002833,PO002833,P0064,WH006,08-06-2025,1980,655,307,2328,499,106,169523400.2,Normal,11.21
INVT002834,PO002834,P0186,WH007,27-02-2026,354,618,332,640,147,34,45314867.2,Normal,11.1
INVT002835,PO002835,P0035,WH007,06-07-2025,1148,535,82,1601,489,155,95461946.45,Normal,27.76
INVT002836,PO002836,P0072,WH009,25-02-2025,305,923,583,645,290,216,4246351.05,Normal,2.41
INVT002837,PO002837,P0226,WH009,15-02-2026,688,780,529,939,229,114,8785124.37,Normal,3.51
INVT002838,PO002838,P0172,WH008,29-10-2025,527,251,313,465,170,34,188985.3,Normal,2.29
INVT002839,PO002839,P0185,WH007,08-05-2026,184,622,408,398,166,111,21134627.84,Normal,6.9
INVT002840,PO002840,P0247,WH006,21-01-2025,127,193,224,96,303,118,2836902.72,Reorder,0.46
INVT002841,PO002841,P0191,WH010,23-04-2025,850,872,470,1252,429,204,96137674.56,Normal,4.32
INVT002842,PO002842,P0221,WH008,17-02-2026,724,38,57,705,187,23,30707706.15,Normal,3.47
INVT002843,PO002843,P0270,WH010,08-06-2026,343,650,400,593,429,112,42239899.98,Normal,2.05
INVT002844,PO002844,P0202,WH009,04-08-2026,910,473,377,1006,297,174,29801864.72,Normal,3.76
INVT002845,PO002845,P0033,WH008,26-03-2026,1101,275,81,1295,441,103,59850380.45,Normal,6.37
INVT002846,PO002846,P0221,WH005,16-09-2025,467,763,702,528,187,23,24626543.04,Normal,2.27
INVT002847,PO002847,P0283,WH008,12-08-2025,1245,903,880,1268,321,33,69421579.84,Normal,6.23
INVT002848,PO002848,P0040,WH005,21-01-2026,184,360,29,515,191,99,21364620.5,Normal,2.22
INVT002849,PO002849,P0238,WH010,07-01-2026,284,873,563,594,179,171,28782584.82,Normal,2.05
INVT002850,PO002850,P0117,WH007,16-02-2025,356,895,1318,0,490,224,0,Stockout,0
INVT002851,PO002851,P0262,WH005,12-06-2026,27,682,393,316,159,57,21825683.92,Normal,1.36
INVT002852,PO002852,P0202,WH010,27-02-2026,372,797,438,731,297,174,23529150.22,Normal,2.52
INVT002853,PO002853,P0051,WH005,25-05-2026,1308,990,238,2060,387,133,11480400.6,Overstock,8.87
INVT002854,PO002854,P0098,WH010,04-09-2025,484,425,396,513,256,35,9558267.3,Normal,1.77
INVT002855,PO002855,P0260,WH010,23-02-2025,372,942,790,524,341,72,15154268.64,Normal,1.81
INVT002856,PO002856,P0065,WH009,10-02-2026,1204,374,443,1135,390,19,46321937.8,Normal,4.24
INVT002857,PO002857,P0042,WH005,03-07-2025,279,694,612,361,131,24,24682988.73,Normal,1.55
INVT002858,PO002858,P0260,WH010,10-07-2025,785,279,175,889,341,72,24421647.88,Normal,3.07
INVT002859,PO002859,P0030,WH006,12-03-2026,719,13,6,726,258,168,55069285.26,Normal,3.5
INVT002860,PO002860,P0104,WH006,06-01-2025,686,260,268,678,297,48,15923860.56,Normal,3.27
INVT002861,PO002861,P0154,WH007,19-07-2025,251,612,583,280,404,23,9101618.4,Reorder,4.86
INVT002862,PO002862,P0219,WH006,05-03-2025,366,155,110,411,311,33,32864727.24,Normal,1.98
INVT002863,PO002863,P0167,WH010,12-03-2026,1052,140,57,1135,451,169,18537932.3,Normal,3.92
INVT002864,PO002864,P0270,WH007,20-04-2025,294,254,240,308,429,112,21876165.08,Reorder,5.34
INVT002865,PO002865,P0056,WH006,01-02-2025,1584,352,18,1918,455,211,86879013.06,Normal,9.24
INVT002866,PO002866,P0217,WH010,31-01-2025,570,120,80,610,394,47,38421130.6,Normal,2.11
INVT002867,PO002867,P0190,WH008,01-05-2026,186,403,413,176,238,85,12454175.36,Reorder,0.87
INVT002868,PO002868,P0208,WH009,28-07-2026,588,489,213,864,159,116,29949609.6,Overstock,3.23
INVT002869,PO002869,P0183,WH010,23-05-2026,1079,878,505,1452,482,121,87695384.04,Normal,5.02
INVT002870,PO002870,P0234,WH005,06-09-2025,565,998,690,873,150,113,19091741.76,Overstock,3.76
INVT002871,PO002871,P0279,WH008,30-06-2025,370,859,1177,52,138,52,3718777.4,Reorder,0.26
INVT002872,PO002872,P0015,WH006,28-06-2026,548,587,399,736,340,128,61423880.96,Normal,3.54
INVT002873,PO002873,P0224,WH005,28-10-2025,560,464,17,1007,187,112,32815350.68,Overstock,4.33
INVT002874,PO002874,P0251,WH007,27-07-2026,716,434,413,737,184,38,25759248.13,Normal,12.78
INVT002875,PO002875,P0037,WH006,17-11-2025,667,460,55,1072,344,50,34761711.84,Normal,5.16
INVT002876,PO002876,P0200,WH009,16-09-2025,1381,820,55,2146,422,173,189009636.7,Overstock,8.02
INVT002877,PO002877,P0045,WH005,11-11-2025,1442,68,66,1444,388,79,71699899.48,Normal,6.21
INVT002878,PO002878,P0005,WH005,02-07-2026,54,527,114,467,145,104,15256941.37,Normal,2.01
INVT002879,PO002879,P0252,WH006,30-05-2025,674,859,561,972,413,213,1010957.76,Normal,4.68
INVT002880,PO002880,P0114,WH006,13-05-2025,86,683,465,304,70,236,19621713.44,Normal,1.46
INVT002881,PO002881,P0106,WH008,01-01-2026,453,538,622,369,213,184,5911464.87,Normal,1.81
INVT002882,PO002882,P0170,WH007,30-04-2026,365,799,484,680,210,177,43590271.2,Normal,11.79
INVT002883,PO002883,P0053,WH010,21-03-2025,131,548,254,425,53,166,15910865.25,Overstock,1.47
INVT002884,PO002884,P0232,WH006,07-04-2025,380,253,119,514,293,69,19184135.08,Normal,2.48
INVT002885,PO002885,P0132,WH007,22-11-2025,1,672,458,215,62,174,6418171.4,Normal,3.73
INVT002886,PO002886,P0298,WH005,10-05-2025,833,723,488,1068,432,66,15646680.6,Normal,4.6
INVT002887,PO002887,P0019,WH006,15-05-2026,1606,651,892,1365,417,37,59180312.1,Normal,6.57
INVT002888,PO002888,P0118,WH007,03-10-2025,375,792,77,1090,460,187,82721517,Normal,18.9
INVT002889,PO002889,P0131,WH006,01-10-2025,1103,319,339,1083,393,68,26811235.35,Normal,5.22
INVT002890,PO002890,P0269,WH006,16-01-2026,92,766,330,528,252,243,44749705.44,Normal,2.54
INVT002891,PO002891,P0039,WH009,17-11-2025,99,756,806,49,67,207,822452.75,Reorder,0.18
INVT002892,PO002892,P0248,WH008,11-01-2026,304,818,97,1025,444,184,78335276.5,Normal,5.04
INVT002893,PO002893,P0094,WH010,21-07-2026,824,739,421,1142,216,65,31514826.14,Overstock,3.94
INVT002894,PO002894,P0170,WH005,17-06-2025,276,887,1254,0,210,177,0,Stockout,0
INVT002895,PO002895,P0061,WH006,07-01-2026,673,587,749,511,232,52,20756104.6,Normal,2.46
INVT002896,PO002896,P0065,WH007,27-06-2025,1081,110,39,1152,390,19,50406912,Normal,19.98
INVT002897,PO002897,P0074,WH007,27-01-2025,3,38,11,30,87,78,1668530.7,Reorder,0.52
INVT002898,PO002898,P0074,WH009,31-03-2025,214,606,221,599,87,78,28362452.33,Overstock,2.24
INVT002899,PO002899,P0091,WH008,29-12-2025,657,701,844,514,382,83,17023577.2,Normal,2.53
INVT002900,PO002900,P0087,WH009,21-06-2026,393,145,99,439,237,242,37969276.82,Normal,1.64
INVT002901,PO002901,P0005,WH006,26-02-2025,96,252,37,311,145,104,11169736.05,Normal,1.5
INVT002902,PO002902,P0024,WH006,21-08-2025,820,846,1208,458,413,147,13310208.22,Normal,2.21
INVT002903,PO002903,P0120,WH006,19-05-2026,628,512,742,398,236,214,31032227.16,Normal,1.92
INVT002904,PO002904,P0227,WH007,10-07-2025,250,221,307,164,109,237,4275147.08,Normal,2.84
INVT002905,PO002905,P0164,WH009,05-04-2025,1168,473,528,1113,419,83,88662503.79,Normal,4.16
INVT002906,PO002906,P0226,WH010,17-02-2026,88,200,271,17,229,114,159425.15,Reorder,0.06
INVT002907,PO002907,P0070,WH005,04-08-2025,431,767,608,590,306,185,41544112.5,Normal,2.54
INVT002908,PO002908,P0163,WH009,26-04-2025,289,448,471,266,201,83,14423171.7,Normal,0.99
INVT002909,PO002909,P0053,WH010,26-05-2026,132,397,6,523,53,166,18323676.33,Overstock,1.81
INVT002910,PO002910,P0199,WH007,09-04-2026,769,248,66,951,325,187,54058624.98,Normal,16.49
INVT002911,PO002911,P0058,WH007,25-02-2025,799,106,118,787,459,191,5653713.56,Normal,13.65
INVT002912,PO002912,P0252,WH008,16-01-2026,818,86,113,791,413,213,900830.35,Normal,3.89
INVT002913,PO002913,P0268,WH008,25-04-2026,568,339,86,821,208,247,17267272,Normal,4.04
INVT002914,PO002914,P0003,WH007,28-01-2025,229,687,622,294,234,143,23302260.66,Normal,5.1
INVT002915,PO002915,P0250,WH007,05-06-2026,1385,395,22,1758,485,23,100900638.5,Normal,30.48
INVT002916,PO002916,P0031,WH007,04-03-2025,1257,259,302,1214,378,181,17765930.94,Normal,21.05
INVT002917,PO002917,P0230,WH007,30-07-2026,526,911,15,1422,346,159,76648231.62,Normal,24.66
INVT002918,PO002918,P0051,WH009,18-01-2026,1196,562,800,958,387,133,4848083.54,Normal,3.58
INVT002919,PO002919,P0150,WH008,03-04-2026,264,915,300,879,80,75,61350139.02,Overstock,4.32
INVT002920,PO002920,P0242,WH009,22-01-2025,796,803,977,622,228,88,6686792.34,Normal,2.32
INVT002921,PO002921,P0241,WH009,23-11-2025,477,429,407,499,252,138,14324368.85,Normal,1.87
INVT002922,PO002922,P0177,WH008,03-06-2026,1785,870,1167,1488,450,112,86106601.92,Normal,7.32
INVT002923,PO002923,P0027,WH005,27-07-2025,136,766,1121,0,495,214,0,Stockout,0
INVT002924,PO002924,P0001,WH010,17-02-2025,579,912,1080,411,364,114,18359028.87,Normal,1.42
INVT002925,PO002925,P0120,WH008,04-07-2026,463,32,45,450,236,214,35515921.5,Normal,2.21
INVT002926,PO002926,P0225,WH010,28-09-2025,754,144,8,890,347,132,59387305.9,Normal,3.07
INVT002927,PO002927,P0149,WH010,16-11-2025,1035,92,51,1076,487,100,55535415.84,Normal,3.72
INVT002928,PO002928,P0108,WH007,15-02-2025,704,843,24,1523,217,213,60101448.42,Overstock,26.41
INVT002929,PO002929,P0210,WH008,22-03-2026,433,126,159,400,136,236,29855076,Normal,1.97
INVT002930,PO002930,P0188,WH006,17-04-2026,33,330,295,68,324,165,125660.6,Reorder,0.33
INVT002931,PO002931,P0140,WH010,21-03-2026,787,768,244,1311,462,58,87234464.4,Normal,4.53
INVT002932,PO002932,P0016,WH008,18-01-2025,3,751,993,0,38,195,0,Stockout,0
INVT002933,PO002933,P0265,WH007,20-04-2025,253,757,942,68,167,227,2074237.32,Reorder,1.18
INVT002934,PO002934,P0300,WH005,05-06-2026,125,673,907,0,213,163,0,Stockout,0
INVT002935,PO002935,P0144,WH005,09-04-2026,172,207,224,155,391,246,7175725,Reorder,0.67
INVT002936,PO002936,P0191,WH007,11-11-2025,1106,421,108,1419,429,204,117814532.6,Normal,24.61
INVT002937,PO002937,P0024,WH008,13-08-2025,409,547,558,398,413,147,10195231.68,Reorder,1.96
INVT002938,PO002938,P0272,WH007,02-02-2026,118,898,1257,0,133,17,0,Stockout,0
INVT002939,PO002939,P0233,WH006,25-03-2026,208,836,42,1002,59,136,39688478.52,Overstock,4.83
INVT002940,PO002940,P0204,WH008,30-05-2025,794,807,425,1176,309,156,90534971.52,Normal,5.78
INVT002941,PO002941,P0297,WH010,31-03-2026,49,846,689,206,364,12,5519411.56,Reorder,0.71
INVT002942,PO002942,P0041,WH005,08-02-2025,776,233,133,876,372,143,29299090.2,Normal,3.77
INVT002943,PO002943,P0021,WH005,10-08-2025,500,804,295,1009,254,131,29751918.86,Normal,4.34
INVT002944,PO002944,P0044,WH010,10-04-2025,551,482,723,310,177,19,17656105.8,Normal,1.07
INVT002945,PO002945,P0289,WH008,11-03-2025,43,211,153,101,22,220,3357083.45,Normal,0.5
INVT002946,PO002946,P0011,WH010,05-08-2025,457,959,194,1222,348,26,75256430.08,Normal,4.22
INVT002947,PO002947,P0086,WH010,04-03-2025,1357,268,2,1623,442,229,74698185.48,Normal,5.61
INVT002948,PO002948,P0091,WH008,08-03-2025,863,642,734,771,382,83,23989456.83,Normal,3.79
INVT002949,PO002949,P0064,WH010,23-05-2025,200,651,740,111,499,106,9217941.72,Reorder,0.38
INVT002950,PO002950,P0206,WH009,10-05-2026,1263,169,213,1219,441,100,95271371.65,Normal,4.56
INVT002951,PO002951,P0097,WH009,18-05-2025,587,881,914,554,197,84,42766428.88,Normal,2.07
INVT002952,PO002952,P0223,WH008,04-01-2026,542,943,249,1236,362,20,2793421.8,Normal,6.08
INVT002953,PO002953,P0213,WH007,03-10-2025,38,432,612,0,76,205,0,Stockout,0
INVT002954,PO002954,P0179,WH009,01-03-2026,277,906,720,463,128,245,3615127.15,Normal,1.73
INVT002955,PO002955,P0277,WH007,10-01-2025,102,639,571,170,33,25,13137821,Overstock,2.95
INVT002956,PO002956,P0118,WH006,12-01-2026,160,188,187,161,460,187,12260330.32,Reorder,0.78
INVT002957,PO002957,P0289,WH008,24-02-2026,83,371,332,122,22,220,4656842.48,Overstock,0.6
INVT002958,PO002958,P0191,WH009,07-06-2026,810,307,107,1010,429,204,75042666.7,Normal,3.77
INVT002959,PO002959,P0113,WH008,04-05-2025,1,33,41,0,63,183,0,Stockout,0
INVT002960,PO002960,P0076,WH009,10-09-2025,892,988,1056,824,315,60,61081785.12,Normal,3.08
INVT002961,PO002961,P0122,WH008,04-11-2025,262,794,74,982,208,225,50339175.98,Normal,4.83
INVT002962,PO002962,P0086,WH006,26-01-2026,429,862,503,788,442,229,35130970.6,Normal,3.8
INVT002963,PO002963,P0010,WH005,28-06-2026,999,747,291,1455,380,29,12882919.2,Normal,6.26
INVT002964,PO002964,P0188,WH006,21-10-2025,180,693,461,412,324,165,869682.56,Normal,1.98
INVT002965,PO002965,P0242,WH005,12-12-2025,447,603,6,1044,228,88,11590227,Normal,4.49
INVT002966,PO002966,P0193,WH006,20-12-2025,1527,278,256,1549,470,163,41816044.99,Normal,7.46
INVT002967,PO002967,P0123,WH010,20-06-2026,89,476,333,232,308,180,10720733.92,Reorder,0.8
INVT002968,PO002968,P0065,WH007,31-03-2025,256,266,283,239,390,19,10322204.46,Reorder,4.14
INVT002969,PO002969,P0028,WH005,19-04-2026,12,284,240,56,29,232,835540.16,Normal,0.24
INVT002970,PO002970,P0234,WH010,29-08-2025,152,904,1181,0,150,113,0,Stockout,0
INVT002971,PO002971,P0136,WH010,11-09-2025,1163,897,723,1337,441,74,52115992.6,Normal,4.62
INVT002972,PO002972,P0109,WH010,24-04-2026,970,363,113,1220,373,189,74764406,Normal,4.21
INVT002973,PO002973,P0282,WH006,07-04-2025,658,637,612,683,246,248,26871740.27,Normal,3.29
INVT002974,PO002974,P0216,WH006,10-07-2025,815,709,1044,480,430,35,22811880,Normal,2.31
INVT002975,PO002975,P0025,WH007,15-03-2025,1609,619,158,2070,417,19,27214186.5,Normal,35.89
INVT002976,PO002976,P0126,WH010,27-03-2026,37,508,521,24,226,14,1434093.36,Reorder,0.08
INVT002977,PO002977,P0065,WH007,17-08-2025,1350,232,28,1554,390,19,63435336.72,Normal,26.95
INVT002978,PO002978,P0090,WH006,10-11-2025,274,758,519,513,76,160,42353695.53,Overstock,2.47
INVT002979,PO002979,P0292,WH010,13-01-2026,1002,195,278,919,355,98,55397071.87,Normal,3.17
INVT002980,PO002980,P0138,WH009,22-11-2025,392,580,574,398,183,201,24281402.9,Normal,1.49
INVT002981,PO002981,P0292,WH006,05-08-2025,1154,593,127,1620,355,98,97861964.4,Normal,7.8
INVT002982,PO002982,P0004,WH009,08-01-2026,350,237,33,554,310,85,37936163.82,Normal,2.07
INVT002983,PO002983,P0057,WH005,12-01-2026,37,209,291,0,45,53,0,Stockout,0
INVT002984,PO002984,P0051,WH008,24-01-2025,1145,287,99,1333,387,133,7602338.94,Normal,6.55
INVT002985,PO002985,P0223,WH007,02-04-2026,201,426,601,26,362,20,59900.1,Reorder,0.45
INVT002986,PO002986,P0151,WH010,05-05-2026,1202,797,970,1029,390,115,6722395.26,Normal,3.55
INVT002987,PO002987,P0202,WH006,29-12-2025,988,178,189,977,297,174,27896066.06,Normal,4.71
INVT002988,PO002988,P0209,WH007,15-12-2025,436,308,137,607,236,35,52470743.18,Normal,10.53
INVT002989,PO002989,P0119,WH006,17-01-2025,206,967,1104,69,226,66,162400.47,Reorder,0.33
INVT002990,PO002990,P0225,WH009,28-12-2025,1126,430,259,1297,347,132,98318319.77,Normal,4.85
INVT002991,PO002991,P0147,WH010,22-12-2025,817,276,386,707,335,66,56539398.02,Normal,2.44
INVT002992,PO002992,P0074,WH006,19-04-2025,123,802,303,622,87,78,33345650.14,Overstock,3
INVT002993,PO002993,P0239,WH009,27-04-2025,623,421,508,536,338,96,28576041.36,Normal,2
INVT002994,PO002994,P0255,WH007,10-09-2025,366,719,526,559,163,172,29603303.99,Normal,9.69
INVT002995,PO002995,P0292,WH010,05-05-2026,568,897,788,677,355,98,39909386.95,Normal,2.34
INVT002996,PO002996,P0007,WH006,13-12-2025,487,713,369,831,194,82,48898350.18,Normal,4
INVT002997,PO002997,P0245,WH010,15-06-2025,40,189,95,134,190,168,6498348.76,Reorder,0.46
INVT002998,PO002998,P0181,WH005,29-10-2025,116,302,286,132,31,180,436963.56,Normal,0.57
INVT002999,PO002999,P0098,WH008,10-04-2025,54,384,91,347,256,35,6667025.51,Normal,1.71
INVT003000,PO003000,P0112,WH010,03-06-2025,565,407,244,728,439,184,15793144.64,Normal,2.51
INVT003001,PO003001,P0237,WH008,28-10-2025,609,444,185,868,290,24,22306506.32,Normal,4.27
INVT003002,PO003002,P0130,WH006,08-04-2025,301,76,54,323,173,58,8600075.26,Normal,1.56
INVT003003,PO003003,P0009,WH007,08-01-2025,888,24,13,899,435,127,36603836.83,Normal,15.59
INVT003004,PO003004,P0102,WH007,13-01-2026,398,769,321,846,209,117,44444288.52,Normal,14.67
INVT003005,PO003005,P0181,WH007,26-02-2026,21,458,364,115,31,180,374591.8,Normal,1.99
INVT003006,PO003006,P0234,WH006,21-10-2025,581,218,124,675,150,113,15935676.75,Normal,3.25
INVT003007,PO003007,P0196,WH005,25-03-2026,678,718,992,404,236,215,26036422.36,Normal,1.74
INVT003008,PO003008,P0168,WH007,23-04-2025,567,179,176,570,156,80,46380729,Normal,9.88
INVT003009,PO003009,P0052,WH010,21-03-2025,723,49,49,723,402,58,12133660.74,Normal,2.5
INVT003010,PO003010,P0166,WH008,26-05-2025,331,23,8,346,209,166,6535061.16,Normal,1.7
INVT003011,PO003011,P0154,WH008,31-01-2026,316,527,710,133,404,23,4414191.53,Reorder,0.65
INVT003012,PO003012,P0071,WH009,05-03-2026,1122,987,729,1380,368,103,47552136.6,Normal,5.16
INVT003013,PO003013,P0187,WH009,09-03-2026,48,248,182,114,114,24,4160182.62,Normal,0.43
INVT003014,PO003014,P0110,WH005,24-12-2025,485,332,184,633,228,116,12477537.75,Normal,2.72
INVT003015,PO003015,P0192,WH005,26-09-2025,549,277,368,458,215,162,19675858.62,Normal,1.97
INVT003016,PO003016,P0139,WH008,13-07-2025,112,850,693,269,42,232,18969320.48,Overstock,1.32
INVT003017,PO003017,P0059,WH007,06-01-2026,700,352,84,968,460,48,55980824.24,Normal,16.79
INVT003018,PO003018,P0198,WH007,22-03-2026,133,139,184,88,38,223,6655439.12,Normal,1.53
INVT003019,PO003019,P0166,WH007,30-07-2025,477,533,648,362,209,166,7137369.38,Normal,6.28
INVT003020,PO003020,P0120,WH007,08-07-2025,804,236,92,948,236,214,76254721.56,Normal,16.44
INVT003021,PO003021,P0250,WH006,17-04-2025,1757,325,294,1788,485,23,114133582.8,Normal,8.61
INVT003022,PO003022,P0137,WH008,01-09-2025,5,415,197,223,180,28,3672294.87,Normal,1.1
INVT003023,PO003023,P0102,WH007,06-02-2026,253,601,158,696,209,117,39583942.08,Normal,12.07
INVT003024,PO003024,P0029,WH010,22-05-2026,180,359,163,376,236,45,21232069.52,Normal,1.3
INVT003025,PO003025,P0206,WH009,17-01-2025,62,656,339,379,441,100,30714250.96,Reorder,1.42
INVT003026,PO003026,P0091,WH009,26-08-2025,769,698,254,1213,382,83,43274090.38,Normal,4.53
INVT003027,PO003027,P0095,WH006,17-04-2026,457,839,1129,167,393,151,4056286.38,Reorder,0.8
INVT003028,PO003028,P0245,WH007,09-02-2026,436,371,426,381,190,168,17824311.57,Normal,6.61
INVT003029,PO003029,P0011,WH010,07-04-2026,156,719,51,824,348,26,49316647.2,Normal,2.85
INVT003030,PO003030,P0225,WH009,24-06-2025,1253,248,50,1451,347,132,106464135.9,Normal,5.42
INVT003031,PO003031,P0292,WH006,15-07-2025,430,974,1193,211,355,98,12696557.86,Reorder,1.02
INVT003032,PO003032,P0158,WH010,19-02-2026,1137,372,386,1123,298,222,37144437.84,Normal,3.88
INVT003033,PO003033,P0214,WH006,14-06-2026,105,697,578,224,124,156,5782958.72,Normal,1.08
INVT003034,PO003034,P0227,WH010,02-09-2025,203,220,25,398,109,237,11823270.58,Normal,1.37
INVT003035,PO003035,P0013,WH005,31-03-2025,1618,407,30,1995,440,231,33671749.65,Normal,8.59
INVT003036,PO003036,P0247,WH009,24-08-2025,1014,858,1047,825,303,118,24652270.5,Normal,3.08
INVT003037,PO003037,P0230,WH006,11-09-2025,327,60,85,302,346,159,15034786.12,Reorder,1.45
INVT003038,PO003038,P0036,WH008,10-06-2025,1301,14,8,1307,499,189,102101206.3,Normal,6.43
INVT003039,PO003039,P0104,WH007,30-03-2026,178,682,974,0,297,48,0,Stockout,0
INVT003040,PO003040,P0072,WH008,12-07-2025,884,634,89,1429,290,216,9095170.59,Normal,7.03
INVT003041,PO003041,P0059,WH005,09-04-2025,77,209,26,260,460,48,16828598.8,Reorder,1.12
INVT003042,PO003042,P0257,WH006,16-02-2026,1000,424,586,838,336,211,56635115.46,Normal,4.04
INVT003043,PO003043,P0152,WH008,19-06-2026,338,787,336,789,360,101,22917270.33,Normal,3.88
INVT003044,PO003044,P0103,WH010,31-05-2025,464,408,314,558,161,185,11564650.44,Normal,1.93
INVT003045,PO003045,P0083,WH005,29-04-2026,1523,855,31,2347,435,180,132459727.8,Overstock,10.1
INVT003046,PO003046,P0160,WH006,09-12-2025,17,412,140,289,173,173,12398261.84,Normal,1.39
INVT003047,PO003047,P0116,WH008,04-08-2025,81,176,21,236,51,95,17822085.16,Normal,1.16
INVT003048,PO003048,P0060,WH007,26-07-2025,796,799,430,1165,311,48,5722911.05,Normal,20.2
INVT003049,PO003049,P0266,WH008,05-05-2026,277,522,320,479,470,103,34765364.95,Normal,2.36
INVT003050,PO003050,P0016,WH005,07-02-2025,58,218,213,63,38,195,5548389.21,Normal,0.27
INVT003051,PO003051,P0149,WH006,09-06-2026,394,433,546,281,487,100,14009004.91,Reorder,1.35
INVT003052,PO003052,P0234,WH008,01-04-2025,70,661,631,100,150,113,2484299,Reorder,0.49
INVT003053,PO003053,P0287,WH009,13-04-2025,1015,935,1382,568,254,99,45597154.24,Normal,2.12
INVT003054,PO003054,P0083,WH008,21-04-2026,787,670,194,1263,435,180,64884818.91,Normal,6.21
INVT003055,PO003055,P0036,WH009,16-09-2025,826,46,63,809,499,189,67320481.96,Normal,3.02
INVT003056,PO003056,P0292,WH007,02-03-2025,303,297,190,410,355,98,24580381.5,Normal,7.11
INVT003057,PO003057,P0270,WH008,22-12-2025,1343,154,91,1406,429,112,108002972.6,Normal,6.91
INVT003058,PO003058,P0161,WH009,18-05-2026,5,520,129,396,40,242,20054671.56,Overstock,1.48
INVT003059,PO003059,P0141,WH006,04-05-2026,464,460,92,832,230,103,20735295.36,Normal,4.01
INVT003060,PO003060,P0280,WH008,01-06-2026,663,967,852,778,269,158,27715300.84,Normal,3.83
INVT003061,PO003061,P0258,WH008,19-06-2025,711,33,16,728,331,246,20762276.08,Normal,3.58
INVT003062,PO003062,P0252,WH010,15-09-2025,365,857,408,814,413,213,879282.8,Normal,2.81
INVT003063,PO003063,P0106,WH008,05-01-2025,737,444,109,1072,213,184,18147459.2,Overstock,5.27
INVT003064,PO003064,P0128,WH010,24-02-2026,137,594,575,156,404,136,5094323.52,Reorder,0.54
INVT003065,PO003065,P0181,WH007,03-07-2025,24,28,27,25,31,180,75956.25,Reorder,0.43
INVT003066,PO003066,P0229,WH007,26-01-2025,88,360,295,153,220,105,1051801.56,Reorder,2.65
INVT003067,PO003067,P0079,WH008,06-02-2025,128,862,1252,0,63,108,0,Stockout,0
INVT003068,PO003068,P0133,WH009,31-03-2026,140,912,1028,24,118,125,1689690.72,Reorder,0.09
INVT003069,PO003069,P0218,WH006,06-04-2025,95,917,552,460,52,176,23328568.8,Overstock,2.22
INVT003070,PO003070,P0186,WH005,06-06-2026,5,731,731,5,147,34,303190.8,Reorder,0.02
INVT003071,PO003071,P0197,WH009,01-11-2025,859,350,134,1075,223,17,23645775.25,Normal,4.02
INVT003072,PO003072,P0199,WH008,01-03-2025,1175,324,427,1072,325,187,64204663.52,Normal,5.27
INVT003073,PO003073,P0090,WH005,11-12-2025,31,307,272,66,76,160,4863233.76,Reorder,0.28
INVT003074,PO003074,P0192,WH007,02-05-2025,806,650,974,482,215,162,22154137.08,Normal,8.36
INVT003075,PO003075,P0047,WH010,17-12-2025,290,239,264,265,224,237,22752115.6,Normal,0.92
INVT003076,PO003076,P0094,WH006,21-05-2026,796,477,161,1112,216,65,26729055.04,Overstock,5.36
INVT003077,PO003077,P0008,WH005,15-01-2026,79,690,728,41,81,100,2548769.92,Reorder,0.18
INVT003078,PO003078,P0205,WH008,26-02-2025,1588,713,45,2256,480,72,54593801.28,Normal,11.09
INVT003079,PO003079,P0152,WH007,31-10-2025,1117,823,901,1039,360,101,29815829.74,Normal,18.02
INVT003080,PO003080,P0237,WH008,06-12-2025,679,250,375,554,290,24,15226845.12,Normal,2.72
INVT003081,PO003081,P0244,WH005,14-11-2025,158,356,516,0,54,42,0,Stockout,0
INVT003082,PO003082,P0062,WH010,04-08-2026,239,915,912,242,299,57,15319427.64,Reorder,0.84
INVT003083,PO003083,P0143,WH010,15-07-2025,26,342,414,0,36,230,0,Stockout,0
INVT003084,PO003084,P0085,WH010,09-03-2026,561,354,426,489,306,81,31776789.69,Normal,1.69
INVT003085,PO003085,P0012,WH007,03-08-2026,196,923,1289,0,307,35,0,Stockout,0
INVT003086,PO003086,P0276,WH006,26-05-2026,3,426,125,304,382,193,23104936.32,Reorder,1.46
INVT003087,PO003087,P0264,WH007,29-11-2025,494,207,132,569,126,166,7418883.74,Normal,9.87
INVT003088,PO003088,P0134,WH008,11-10-2025,66,825,711,180,245,14,2829567.6,Reorder,0.89
INVT003089,PO003089,P0210,WH009,25-06-2026,250,596,188,658,136,236,45181168.62,Normal,2.46
INVT003090,PO003090,P0263,WH007,08-03-2025,256,31,2,285,72,247,22665494.25,Normal,4.94
INVT003091,PO003091,P0120,WH008,07-10-2025,459,114,147,426,236,214,35670304.86,Normal,2.09
INVT003092,PO003092,P0234,WH007,24-10-2025,321,540,384,477,150,113,10423618.65,Normal,8.27
INVT003093,PO003093,P0218,WH009,21-06-2026,181,522,233,470,52,176,21922506.1,Overstock,1.76
INVT003094,PO003094,P0111,WH010,01-10-2025,19,392,153,258,40,62,3291435,Overstock,0.89
INVT003095,PO003095,P0117,WH005,12-10-2025,1467,452,505,1414,490,224,67913373.64,Normal,6.09
INVT003096,PO003096,P0150,WH010,05-04-2025,27,939,1182,0,80,75,0,Stockout,0
INVT003097,PO003097,P0195,WH005,29-07-2025,54,514,441,127,97,205,7833752.43,Normal,0.55
INVT003098,PO003098,P0140,WH010,29-07-2026,1011,430,41,1400,462,58,97167196,Normal,4.84
INVT003099,PO003099,P0013,WH006,06-06-2025,1572,812,907,1477,440,231,21626101.07,Normal,7.11
INVT003100,PO003100,P0147,WH009,26-07-2026,1267,910,252,1925,335,66,142563940.8,Overstock,7.19
INVT003101,PO003101,P0066,WH010,25-09-2025,955,570,351,1174,379,91,56580225.6,Normal,4.06
INVT003102,PO003102,P0191,WH007,30-06-2026,1031,321,57,1295,429,204,108490684.1,Normal,22.46
INVT003103,PO003103,P0053,WH009,05-01-2026,51,439,382,108,53,166,3745037.16,Normal,0.4
INVT003104,PO003104,P0112,WH009,12-05-2025,827,771,761,837,439,184,18776111.31,Normal,3.13
INVT003105,PO003105,P0207,WH009,12-03-2025,105,840,624,321,32,142,11127795.63,Overstock,1.2
INVT003106,PO003106,P0009,WH005,30-06-2025,460,447,636,271,435,127,13094009.98,Reorder,1.17
INVT003107,PO003107,P0005,WH010,15-01-2025,343,524,200,667,145,104,21908495.44,Normal,2.3
INVT003108,PO003108,P0248,WH007,04-01-2026,192,751,173,770,444,184,66068102.1,Normal,13.35
INVT003109,PO003109,P0147,WH006,04-08-2025,1311,652,555,1408,335,66,107869189.1,Normal,6.78
INVT003110,PO003110,P0240,WH005,02-04-2025,1206,300,235,1271,378,29,98441580.97,Normal,5.47
INVT003111,PO003111,P0022,WH007,01-03-2026,1377,699,468,1608,356,116,105389204.4,Normal,27.88
INVT003112,PO003112,P0121,WH010,01-02-2026,67,898,511,454,119,200,8269183.24,Normal,1.57
INVT003113,PO003113,P0240,WH008,19-12-2025,1361,229,5,1585,378,29,137322862.6,Normal,7.79
INVT003114,PO003114,P0001,WH009,10-08-2025,1250,705,27,1928,364,114,92249517.28,Overstock,7.21
INVT003115,PO003115,P0097,WH009,19-04-2026,239,722,284,677,197,84,46557256.15,Normal,2.53
INVT003116,PO003116,P0283,WH008,12-02-2026,966,945,164,1747,321,33,88468149.88,Overstock,8.59
INVT003117,PO003117,P0095,WH006,15-07-2025,1515,586,664,1437,393,151,40360472.94,Normal,6.92
INVT003118,PO003118,P0104,WH009,26-02-2026,186,857,457,586,297,48,13592949.76,Normal,2.19
INVT003119,PO003119,P0145,WH008,27-05-2026,99,885,471,513,30,79,32663607.75,Overstock,2.52
INVT003120,PO003120,P0072,WH005,25-04-2026,725,798,848,675,290,216,4722576.75,Normal,2.9
INVT003121,PO003121,P0100,WH005,21-02-2025,436,368,246,558,311,64,430084.08,Normal,2.4
INVT003122,PO003122,P0018,WH006,13-07-2025,112,125,85,152,357,159,4448322.56,Reorder,0.73
INVT003123,PO003123,P0120,WH008,29-12-2025,841,976,423,1394,236,214,101118557.5,Overstock,6.85
INVT003124,PO003124,P0140,WH005,20-01-2025,1469,305,425,1349,462,58,87101651.93,Normal,5.81
INVT003125,PO003125,P0163,WH006,08-04-2026,629,874,106,1397,201,83,74999286.12,Overstock,6.73
INVT003126,PO003126,P0293,WH006,15-08-2025,399,413,191,621,212,211,26612495.46,Normal,2.99
INVT003127,PO003127,P0121,WH008,17-03-2025,463,221,284,400,119,200,6502728,Normal,1.97
INVT003128,PO003128,P0143,WH008,04-05-2025,87,371,28,430,36,230,36189178.4,Overstock,2.11
INVT003129,PO003129,P0097,WH009,26-11-2025,479,659,421,717,197,84,50504239.59,Normal,2.68
INVT003130,PO003130,P0109,WH006,28-03-2025,525,562,673,414,373,189,23987118.6,Normal,1.99
INVT003131,PO003131,P0140,WH006,12-04-2026,1320,663,931,1052,462,58,63135748.44,Normal,5.07
INVT003132,PO003132,P0115,WH009,10-05-2025,288,324,258,354,150,154,10280152.92,Normal,1.32
INVT003133,PO003133,P0146,WH008,21-06-2026,191,663,71,783,52,166,49412506.95,Overstock,3.85
INVT003134,PO003134,P0057,WH006,04-06-2025,110,757,734,133,45,53,5082818.44,Normal,0.64
INVT003135,PO003135,P0297,WH009,24-03-2025,603,229,240,592,364,12,15601195.04,Normal,2.21
INVT003136,PO003136,P0144,WH010,24-01-2025,686,420,225,881,391,246,36804189.07,Normal,3.04
INVT003137,PO003137,P0220,WH005,27-01-2025,19,653,82,590,30,160,54048484,Overstock,2.54
INVT003138,PO003138,P0151,WH008,06-04-2025,985,64,52,997,390,115,6886019.78,Normal,4.9
INVT003139,PO003139,P0144,WH008,25-06-2025,1293,209,150,1352,391,246,54892984.64,Normal,6.65
INVT003140,PO003140,P0245,WH006,28-01-2026,356,660,517,499,190,168,26823350.79,Normal,2.4
INVT003141,PO003141,P0165,WH010,05-03-2026,146,765,255,656,491,224,31947619.84,Normal,2.27
INVT003142,PO003142,P0232,WH007,25-05-2025,257,356,4,609,293,69,21419364.33,Normal,10.56
INVT003143,PO003143,P0103,WH008,24-09-2025,402,10,0,412,161,185,8531708.36,Normal,2.03
INVT003144,PO003144,P0075,WH009,13-04-2025,48,435,340,143,105,160,3385577.91,Normal,0.53
INVT003145,PO003145,P0218,WH007,06-02-2025,69,464,255,278,52,176,12184053.34,Overstock,4.82
INVT003146,PO003146,P0023,WH008,17-11-2025,140,980,756,364,301,65,6494830.16,Normal,1.79
INVT003147,PO003147,P0068,WH006,17-07-2025,53,939,670,322,409,202,1759910.32,Reorder,1.55
INVT003148,PO003148,P0265,WH008,09-09-2025,62,523,646,0,167,227,0,Stockout,0
INVT003149,PO003149,P0158,WH010,01-08-2025,514,253,15,752,298,222,25403515.04,Normal,2.6
INVT003150,PO003150,P0048,WH008,28-08-2025,860,574,392,1042,370,99,77266602.82,Normal,5.12
INVT003151,PO003151,P0081,WH010,16-11-2025,474,933,363,1044,211,168,28682407.08,Normal,3.61
INVT003152,PO003152,P0106,WH008,09-07-2026,738,976,655,1059,213,184,17182306.77,Normal,5.21
INVT003153,PO003153,P0236,WH005,31-07-2026,845,23,22,846,480,237,55956343.5,Normal,3.64
INVT003154,PO003154,P0240,WH005,02-12-2025,1267,604,290,1581,378,29,134022587.4,Normal,6.8
INVT003155,PO003155,P0053,WH010,06-04-2026,3,869,186,686,53,166,24966277.14,Overstock,2.37
INVT003156,PO003156,P0001,WH008,24-07-2025,857,612,343,1126,364,114,47384298.22,Normal,5.54
INVT003157,PO003157,P0017,WH008,01-05-2026,206,460,654,12,419,65,950164.32,Reorder,0.06
INVT003158,PO003158,P0294,WH005,16-03-2025,360,544,666,238,481,19,10915762.9,Reorder,1.02
INVT003159,PO003159,P0151,WH005,11-04-2025,818,131,178,771,390,115,4717718.16,Normal,3.32
INVT003160,PO003160,P0064,WH007,09-09-2025,180,452,162,470,499,106,36403530.4,Reorder,8.15
INVT003161,PO003161,P0277,WH010,13-01-2026,88,658,873,0,33,25,0,Stockout,0
INVT003162,PO003162,P0088,WH008,28-05-2026,931,234,85,1080,384,57,25491790.8,Normal,5.31
INVT003163,PO003163,P0041,WH006,05-08-2025,1095,198,259,1034,372,143,35284050.56,Normal,4.98
INVT003164,PO003164,P0234,WH009,30-04-2025,569,923,558,934,150,113,21794124.12,Overstock,3.49
INVT003165,PO003165,P0019,WH009,30-06-2026,369,151,169,351,417,37,15641033.85,Reorder,1.31
INVT003166,PO003166,P0028,WH009,21-03-2025,94,196,239,51,29,232,723921.54,Normal,0.19
INVT003167,PO003167,P0122,WH010,22-11-2025,698,23,31,690,208,225,31428271.8,Normal,2.38
INVT003168,PO003168,P0127,WH007,25-02-2025,1129,355,125,1359,369,148,91422824.67,Normal,23.57
INVT003169,PO003169,P0292,WH008,28-07-2025,1187,470,400,1257,355,98,74906980.59,Normal,6.18
INVT003170,PO003170,P0116,WH008,23-07-2026,155,276,354,77,51,95,5587715.98,Normal,0.38
INVT003171,PO003171,P0281,WH005,29-12-2025,80,19,23,76,94,20,4281748.04,Reorder,0.33
INVT003172,PO003172,P0082,WH005,12-06-2025,465,844,275,1034,151,103,61577295.34,Overstock,4.45
INVT003173,PO003173,P0006,WH005,10-01-2025,16,347,422,0,205,68,0,Stockout,0
INVT003174,PO003174,P0041,WH007,18-04-2025,1037,257,59,1235,372,143,41696144.1,Normal,21.41
INVT003175,PO003175,P0191,WH005,20-11-2025,779,833,576,1036,429,204,76561632.84,Normal,4.46
INVT003176,PO003176,P0032,WH009,30-08-2025,511,838,863,486,237,188,9361297.98,Normal,1.82
INVT003177,PO003177,P0153,WH005,12-07-2026,654,936,951,639,441,216,19326241.89,Normal,2.75
INVT003178,PO003178,P0293,WH009,27-07-2026,630,590,838,382,212,211,16098988.9,Normal,1.43
INVT003179,PO003179,P0207,WH010,18-05-2026,98,693,840,0,32,142,0,Stockout,0
INVT003180,PO003180,P0140,WH006,22-07-2025,1638,711,620,1729,462,58,116296464.8,Normal,8.33
INVT003181,PO003181,P0168,WH006,23-06-2026,155,813,831,137,156,80,11458015.55,Reorder,0.66
INVT003182,PO003182,P0214,WH008,19-06-2026,442,787,658,571,124,156,13128186.47,Normal,2.81
INVT003183,PO003183,P0030,WH008,22-05-2025,315,670,606,379,258,168,29170576.38,Normal,1.86
INVT003184,PO003184,P0054,WH009,27-10-2025,14,410,503,0,114,156,0,Stockout,0
INVT003185,PO003185,P0114,WH008,04-01-2026,249,524,474,299,70,236,21737509.3,Normal,1.47
INVT003186,PO003186,P0043,WH009,24-05-2025,368,612,633,347,466,119,8294479.8,Reorder,1.3
INVT003187,PO003187,P0161,WH005,15-01-2025,19,645,185,479,40,242,22113461.31,Overstock,2.06
INVT003188,PO003188,P0134,WH010,17-01-2026,218,495,667,46,245,14,671361.72,Reorder,0.16
INVT003189,PO003189,P0141,WH005,07-05-2026,14,691,262,443,230,103,11536030.1,Normal,1.91
INVT003190,PO003190,P0084,WH005,14-05-2026,372,138,91,419,239,88,15955645.7,Normal,1.8
INVT003191,PO003191,P0137,WH008,19-04-2026,30,511,5,536,180,28,9032714.88,Normal,2.64
INVT003192,PO003192,P0111,WH009,09-06-2025,59,973,639,393,40,62,5696020.17,Overstock,1.47
INVT003193,PO003193,P0266,WH006,18-12-2025,1188,898,617,1469,470,103,109761476.5,Normal,7.08
INVT003194,PO003194,P0189,WH006,28-05-2026,4,333,341,0,72,109,0,Stockout,0
INVT003195,PO003195,P0142,WH007,09-11-2025,1043,354,320,1077,301,101,61805863.62,Normal,18.68
INVT003196,PO003196,P0152,WH006,20-02-2025,1117,682,836,963,360,101,31108174.2,Normal,4.64
INVT003197,PO003197,P0190,WH008,24-04-2025,868,836,52,1652,238,85,112472967.3,Overstock,8.12
INVT003198,PO003198,P0164,WH009,06-05-2026,785,534,6,1313,419,83,103801079.5,Normal,4.91
INVT003199,PO003199,P0090,WH005,22-04-2025,158,24,23,159,76,160,13973775.42,Normal,0.68
INVT003200,PO003200,P0076,WH010,01-09-2025,1162,277,229,1210,315,60,84668503.7,Normal,4.18
INVT003201,PO003201,P0098,WH008,09-05-2025,242,614,142,714,256,35,15720623.52,Normal,3.51
INVT003202,PO003202,P0081,WH006,27-10-2025,362,899,965,296,211,168,9337944.56,Normal,1.43
INVT003203,PO003203,P0280,WH007,26-02-2026,763,631,13,1381,269,158,48804153.32,Overstock,23.95
INVT003204,PO003204,P0264,WH005,17-07-2025,481,864,838,507,126,166,7381646.22,Normal,2.18
INVT003205,PO003205,P0187,WH007,07-07-2025,239,90,104,225,114,24,9394906.5,Normal,3.9
INVT003206,PO003206,P0201,WH007,16-05-2026,88,566,771,0,47,245,0,Stockout,0
INVT003207,PO003207,P0232,WH005,05-02-2026,1077,617,889,805,293,69,28756242.2,Normal,3.46
INVT003208,PO003208,P0129,WH007,27-12-2025,197,624,91,730,126,140,14397461.5,Overstock,12.66
INVT003209,PO003209,P0202,WH008,27-02-2025,858,92,126,824,297,174,26711014.72,Normal,4.05
INVT003210,PO003210,P0269,WH009,14-01-2025,866,631,135,1362,252,243,107379385.4,Overstock,5.09
INVT003211,PO003211,P0182,WH005,19-01-2026,360,945,555,750,293,195,15557377.5,Normal,3.23
INVT003212,PO003212,P0194,WH009,29-03-2026,92,40,48,84,145,42,5780813.64,Reorder,0.31
INVT003213,PO003213,P0136,WH005,06-05-2026,1139,948,578,1509,441,74,51148294.41,Normal,6.49
INVT003214,PO003214,P0182,WH009,05-06-2026,913,771,83,1601,293,195,34360437.86,Overstock,5.98
INVT003215,PO003215,P0283,WH005,04-06-2026,1022,510,644,888,321,33,47674269.12,Normal,3.82
INVT003216,PO003216,P0205,WH009,12-02-2026,21,716,935,0,480,72,0,Stockout,0
INVT003217,PO003217,P0240,WH008,13-10-2025,1439,641,433,1647,378,29,143731219.5,Normal,8.1
INVT003218,PO003218,P0021,WH008,25-05-2026,139,347,399,87,254,131,2147687.22,Reorder,0.43
INVT003219,PO003219,P0288,WH005,31-10-2025,89,641,672,58,42,71,1932626.12,Normal,0.25
INVT003220,PO003220,P0204,WH010,15-11-2025,287,966,873,380,309,156,28443748.6,Normal,1.31
INVT003221,PO003221,P0151,WH008,11-03-2026,618,562,24,1156,390,115,7263922.52,Normal,5.68
INVT003222,PO003222,P0098,WH008,13-02-2025,757,517,750,524,256,35,9908672.32,Normal,2.58
INVT003223,PO003223,P0188,WH006,04-05-2025,1201,232,338,1095,324,165,2290553.85,Normal,5.27
INVT003224,PO003224,P0116,WH006,08-06-2025,147,645,633,159,51,95,11738997.03,Normal,0.77
INVT003225,PO003225,P0147,WH007,22-06-2026,179,263,333,109,335,66,9224652.56,Reorder,1.89
INVT003226,PO003226,P0108,WH010,31-05-2025,373,236,185,424,217,213,16159793.28,Normal,1.46
INVT003227,PO003227,P0023,WH005,29-05-2025,50,166,39,177,301,65,3057967.05,Reorder,0.76
INVT003228,PO003228,P0186,WH009,02-07-2026,19,780,495,304,147,34,21572530.08,Normal,1.14
INVT003229,PO003229,P0113,WH008,30-04-2025,31,795,13,813,63,183,46272935.64,Overstock,4
INVT003230,PO003230,P0175,WH008,12-09-2025,1145,338,326,1157,455,79,7617121.07,Normal,5.69
INVT003231,PO003231,P0014,WH005,25-07-2025,9,680,432,257,31,150,5680630.34,Overstock,1.11
INVT003232,PO003232,P0061,WH008,25-10-2025,875,706,168,1413,232,52,58774045.86,Overstock,6.95
INVT003233,PO003233,P0260,WH009,18-04-2025,1125,628,560,1193,341,72,31993074.69,Normal,4.46
INVT003234,PO003234,P0130,WH008,12-01-2025,381,870,540,711,173,58,20452334.49,Normal,3.5
INVT003235,PO003235,P0094,WH005,28-03-2026,276,778,934,120,216,65,3041504.4,Reorder,0.52
INVT003236,PO003236,P0061,WH010,17-11-2025,292,421,412,301,232,52,12298495.79,Normal,1.04
INVT003237,PO003237,P0227,WH006,31-12-2025,275,39,41,273,109,237,7253492.61,Normal,1.31
INVT003238,PO003238,P0125,WH007,25-01-2025,141,484,193,432,177,14,5438784.96,Normal,7.49
INVT003239,PO003239,P0164,WH007,28-04-2025,1455,993,823,1625,419,83,130313836.3,Normal,28.18
INVT003240,PO003240,P0089,WH009,04-02-2025,1459,490,166,1783,390,162,53650380.85,Normal,6.66
INVT003241,PO003241,P0024,WH005,20-04-2026,992,407,375,1024,413,147,28736235.52,Normal,4.41
INVT003242,PO003242,P0131,WH008,23-07-2025,342,405,514,233,393,68,5417881.43,Reorder,1.15
INVT003243,PO003243,P0200,WH010,29-07-2026,148,614,867,0,422,173,0,Stockout,0
INVT003244,PO003244,P0262,WH005,29-05-2026,516,270,351,435,159,57,32761054.95,Normal,1.87
INVT003245,PO003245,P0005,WH005,18-03-2025,1,359,141,219,145,104,7898786.88,Normal,0.94
INVT003246,PO003246,P0267,WH005,06-04-2026,998,462,680,780,309,30,8170468.8,Normal,3.36
INVT003247,PO003247,P0293,WH010,04-10-2025,786,827,551,1062,212,211,50143476.96,Overstock,3.67
INVT003248,PO003248,P0090,WH007,14-10-2025,258,70,71,257,76,160,20153251.24,Normal,4.46
INVT003249,PO003249,P0004,WH006,06-07-2025,121,822,279,664,310,85,47903390.24,Normal,3.2
INVT003250,PO003250,P0146,WH006,11-06-2025,132,696,665,163,52,166,10155979.06,Normal,0.79
INVT003251,PO003251,P0005,WH005,17-12-2025,334,735,1005,64,145,104,2112690.56,Reorder,0.28
INVT003252,PO003252,P0059,WH010,13-04-2026,1761,958,1092,1627,460,48,100858820.1,Normal,5.62
INVT003253,PO003253,P0107,WH007,12-03-2026,568,826,972,422,328,235,14579749.74,Normal,7.32
INVT003254,PO003254,P0258,WH005,21-03-2025,1224,554,727,1051,331,246,28358050.47,Normal,4.52
INVT003255,PO003255,P0253,WH007,14-01-2026,534,116,148,502,310,246,33310581.48,Normal,8.7
INVT003256,PO003256,P0101,WH007,03-06-2025,74,830,180,724,36,204,36375620.68,Overstock,12.55
INVT003257,PO003257,P0215,WH005,21-05-2025,226,808,956,78,86,75,2543642.4,Reorder,0.34
INVT003258,PO003258,P0166,WH008,31-01-2026,779,881,1036,624,209,166,10918876.8,Normal,3.07
INVT003259,PO003259,P0103,WH010,11-10-2025,139,117,153,103,161,185,2343087.26,Reorder,0.36
INVT003260,PO003260,P0242,WH009,20-04-2026,909,507,456,960,228,88,12255388.8,Normal,3.59
INVT003261,PO003261,P0133,WH005,02-05-2026,437,576,645,368,118,125,25067766.24,Normal,1.58
INVT003262,PO003262,P0078,WH006,22-02-2025,197,81,8,270,89,82,13867494.3,Normal,1.3
INVT003263,PO003263,P0098,WH005,30-07-2026,586,659,46,1199,256,35,24570591.43,Normal,5.16
INVT003264,PO003264,P0052,WH010,14-01-2026,1560,432,119,1873,402,58,32983211.59,Normal,6.47
INVT003265,PO003265,P0110,WH008,24-01-2025,888,934,1106,716,228,116,13223983,Normal,3.52
INVT003266,PO003266,P0287,WH010,27-07-2025,859,89,53,895,254,99,63405201,Normal,3.09
INVT003267,PO003267,P0053,WH007,11-08-2025,95,324,275,144,53,166,5058599.04,Normal,2.5
INVT003268,PO003268,P0043,WH010,28-09-2025,548,981,548,981,466,119,22349112.57,Normal,3.39
INVT003269,PO003269,P0170,WH007,06-04-2025,316,128,192,252,210,177,15743369.88,Normal,4.37
INVT003270,PO003270,P0150,WH009,24-02-2026,1,280,208,73,80,75,5291343.68,Reorder,0.27
INVT003271,PO003271,P0098,WH005,25-05-2025,898,619,552,965,256,35,21455501.2,Normal,4.15
INVT003272,PO003272,P0087,WH010,19-03-2026,430,857,457,830,237,242,60876084.4,Normal,2.87
INVT003273,PO003273,P0010,WH006,26-05-2026,518,209,187,540,380,29,4764835.8,Normal,2.6
INVT003274,PO003274,P0248,WH006,14-07-2026,504,953,302,1155,444,184,93450380.1,Normal,5.56
INVT003275,PO003275,P0110,WH010,08-06-2025,811,239,335,715,228,116,12654820.75,Normal,2.47
INVT003276,PO003276,P0220,WH008,03-11-2025,56,983,373,666,30,160,58638469.5,Overstock,3.27
INVT003277,PO003277,P0005,WH005,17-03-2025,314,118,43,389,145,104,14216467.91,Normal,1.67
INVT003278,PO003278,P0280,WH009,14-04-2025,1010,519,469,1060,269,158,38523633,Normal,3.96
INVT003279,PO003279,P0076,WH010,24-05-2025,116,502,258,360,315,60,22255203.6,Normal,1.24
INVT003280,PO003280,P0034,WH010,15-04-2025,100,659,844,0,108,45,0,Stockout,0
INVT003281,PO003281,P0080,WH010,10-03-2026,193,602,143,652,332,36,23956585.96,Normal,2.25
INVT003282,PO003282,P0177,WH009,13-10-2025,1625,944,530,2039,450,112,130539940.5,Normal,7.62
INVT003283,PO003283,P0065,WH008,10-05-2026,703,334,65,972,390,19,39223106.28,Normal,4.78
INVT003284,PO003284,P0210,WH009,30-01-2026,483,339,243,579,136,236,42774725.1,Normal,2.16
INVT003285,PO003285,P0179,WH007,26-09-2025,268,143,33,378,128,245,2863308.42,Normal,6.55
INVT003286,PO003286,P0121,WH005,10-05-2025,114,816,625,305,119,200,5476467.15,Normal,1.31
INVT003287,PO003287,P0203,WH005,25-02-2025,132,19,25,126,63,71,2678838.12,Normal,0.54
INVT003288,PO003288,P0008,WH010,14-08-2025,146,229,42,333,81,100,20509320.15,Normal,1.15
INVT003289,PO003289,P0219,WH005,28-01-2025,241,994,904,331,311,33,28775385.7,Normal,1.42
INVT003290,PO003290,P0274,WH010,08-06-2025,165,241,86,320,321,164,26795116.8,Reorder,1.11
INVT003291,PO003291,P0202,WH007,15-11-2025,265,229,26,468,297,174,13420686.24,Normal,8.12
INVT003292,PO003292,P0062,WH006,15-08-2025,599,910,886,623,299,57,46358532.71,Normal,3
INVT003293,PO003293,P0008,WH006,08-09-2025,34,415,181,268,81,100,17853653.48,Normal,1.29
INVT003294,PO003294,P0182,WH008,12-11-2025,211,767,803,175,293,195,3786170.5,Reorder,0.86
INVT003295,PO003295,P0070,WH006,09-12-2025,574,380,81,873,306,185,64915293.51,Normal,4.2
INVT003296,PO003296,P0088,WH005,11-07-2026,906,245,33,1118,384,57,22244376.44,Normal,4.81
INVT003297,PO003297,P0001,WH005,01-03-2026,1338,860,723,1475,364,114,65971690.75,Normal,6.35
INVT003298,PO003298,P0085,WH007,16-05-2025,385,439,32,792,306,81,47814631.92,Normal,13.73
INVT003299,PO003299,P0257,WH008,18-07-2025,539,914,692,761,336,211,45470358.8,Normal,3.74
INVT003300,PO003300,P0029,WH007,23-10-2025,905,74,29,950,236,45,52411604.5,Normal,16.47
INVT003301,PO003301,P0185,WH007,28-04-2026,159,839,922,76,166,111,3815614.96,Reorder,1.32
INVT003302,PO003302,P0068,WH008,08-06-2025,600,995,610,985,409,202,5406763.5,Normal,4.84
INVT003303,PO003303,P0011,WH005,15-08-2025,947,18,4,961,348,26,58557429.85,Normal,4.14
INVT003304,PO003304,P0188,WH009,26-04-2026,734,381,365,750,324,165,1508805,Normal,2.8
INVT003305,PO003305,P0064,WH005,26-07-2025,104,498,421,181,499,106,13855180.76,Reorder,0.78
INVT003306,PO003306,P0201,WH010,15-07-2025,133,661,496,298,47,245,23959670.84,Overstock,1.03
INVT003307,PO003307,P0041,WH010,17-02-2025,562,605,3,1164,372,143,46392127.92,Normal,4.02
INVT003308,PO003308,P0029,WH009,18-04-2026,272,191,62,401,236,45,25244108.89,Normal,1.5
INVT003309,PO003309,P0264,WH007,06-11-2025,304,386,327,363,126,166,5384244.69,Normal,6.29
INVT003310,PO003310,P0090,WH010,04-12-2025,69,460,444,85,76,160,7582369.75,Normal,0.29
INVT003311,PO003311,P0007,WH008,19-03-2025,444,197,12,629,194,82,42079691.15,Normal,3.09
INVT003312,PO003312,P0003,WH008,07-05-2025,923,558,471,1010,234,143,81928462.9,Normal,4.97
INVT003313,PO003313,P0083,WH007,09-01-2026,826,482,201,1107,435,180,56499442.38,Normal,19.2
INVT003314,PO003314,P0143,WH005,18-03-2025,35,100,12,123,36,230,9552695.37,Normal,0.53
INVT003315,PO003315,P0186,WH010,08-04-2025,68,908,256,720,147,34,45505396.8,Normal,2.49
INVT003316,PO003316,P0134,WH009,18-01-2025,597,965,1115,447,245,14,6896780.88,Normal,1.67
INVT003317,PO003317,P0117,WH008,07-06-2026,1043,164,50,1157,490,224,53992261.18,Normal,5.69
INVT003318,PO003318,P0077,WH006,23-01-2026,97,205,203,99,173,144,3205658.61,Reorder,0.48
INVT003319,PO003319,P0246,WH006,31-07-2026,91,715,716,90,213,207,6767702.1,Reorder,0.43
INVT003320,PO003320,P0047,WH010,12-01-2026,202,365,120,447,224,237,39188713.5,Normal,1.54
INVT003321,PO003321,P0213,WH009,04-08-2025,286,477,230,533,76,205,36537400.51,Overstock,1.99
INVT003322,PO003322,P0141,WH010,29-03-2025,703,822,654,871,230,103,18854118.92,Normal,3.01
INVT003323,PO003323,P0294,WH006,22-02-2025,22,412,36,398,481,19,19096744.46,Reorder,1.92
INVT003324,PO003324,P0037,WH007,11-07-2025,968,408,303,1073,344,50,32792156.87,Normal,18.61
INVT003325,PO003325,P0118,WH005,29-01-2025,1247,844,932,1159,460,187,90481264.01,Normal,4.99
INVT003326,PO003326,P0151,WH010,26-10-2025,1384,966,819,1531,390,115,9585744.1,Normal,5.29
INVT003327,PO003327,P0114,WH005,29-01-2025,68,902,1326,0,70,236,0,Stockout,0
INVT003328,PO003328,P0238,WH005,26-12-2025,406,110,77,439,179,171,21953340.79,Normal,1.89
INVT003329,PO003329,P0250,WH009,18-11-2025,1082,56,38,1100,485,23,70896672,Normal,4.11
INVT003330,PO003330,P0013,WH009,11-02-2025,1586,972,445,2113,440,231,37148906.56,Normal,7.9
INVT003331,PO003331,P0141,WH007,02-09-2025,749,748,983,514,230,103,11408877.64,Normal,8.91
INVT003332,PO003332,P0147,WH008,16-05-2026,383,882,1154,111,335,66,9434165.28,Reorder,0.55
INVT003333,PO003333,P0225,WH008,18-12-2025,267,136,64,339,347,132,22362629.94,Reorder,1.67
INVT003334,PO003334,P0063,WH009,02-10-2025,1149,119,71,1197,443,35,39280045.77,Normal,4.47
INVT003335,PO003335,P0285,WH009,17-02-2026,612,243,54,801,165,178,49422412.89,Normal,2.99
INVT003336,PO003336,P0077,WH006,20-08-2025,372,947,1217,102,173,144,3311095.44,Reorder,0.49
INVT003337,PO003337,P0200,WH006,08-09-2025,534,682,773,443,422,173,39111942.83,Normal,2.13
INVT003338,PO003338,P0225,WH007,20-02-2026,1368,84,17,1435,347,132,98555197.3,Normal,24.88
INVT003339,PO003339,P0101,WH010,11-08-2025,63,284,127,220,36,204,12001855.8,Overstock,0.76
INVT003340,PO003340,P0200,WH010,27-10-2025,1476,355,196,1635,422,173,134789432.7,Normal,5.65
INVT003341,PO003341,P0208,WH009,18-04-2026,339,324,138,525,159,116,16743557.25,Normal,1.96
INVT003342,PO003342,P0239,WH009,26-02-2026,233,348,84,497,338,96,23824559.78,Normal,1.86
INVT003343,PO003343,P0004,WH006,23-06-2025,665,163,133,695,310,85,45550598.85,Normal,3.35
INVT003344,PO003344,P0213,WH006,10-06-2026,47,54,46,55,76,205,3839684.2,Reorder,0.26
INVT003345,PO003345,P0063,WH007,27-03-2025,1550,546,809,1287,443,35,43058206.62,Normal,22.32
INVT003346,PO003346,P0032,WH008,28-03-2025,888,278,0,1166,237,188,22252771.86,Normal,5.73
INVT003347,PO003347,P0010,WH007,09-06-2025,873,801,1043,631,380,29,5604882.74,Normal,10.94
INVT003348,PO003348,P0048,WH006,02-11-2025,321,426,200,547,370,99,42369323.61,Normal,2.63
INVT003349,PO003349,P0230,WH006,25-09-2025,705,319,75,949,346,159,46329639.07,Normal,4.57
INVT003350,PO003350,P0292,WH009,01-04-2025,32,312,68,276,355,98,17698569,Reorder,1.03
INVT003351,PO003351,P0169,WH007,18-01-2026,1025,607,697,935,257,169,66015646.95,Normal,16.21
INVT003352,PO003352,P0078,WH007,25-04-2026,287,539,574,252,89,82,11536403.76,Normal,4.37
INVT003353,PO003353,P0128,WH010,21-06-2025,1,989,1046,0,404,136,0,Stockout,0
INVT003354,PO003354,P0062,WH007,25-01-2026,132,771,126,777,299,57,53215898.61,Normal,13.47
INVT003355,PO003355,P0291,WH008,24-03-2025,923,715,109,1529,329,249,109539486.5,Normal,7.52
INVT003356,PO003356,P0103,WH006,01-07-2025,545,747,708,584,161,185,13436549.36,Normal,2.81
INVT003357,PO003357,P0240,WH006,07-08-2025,770,605,605,770,378,29,65328278.4,Normal,3.71
INVT003358,PO003358,P0003,WH010,25-09-2025,292,349,199,442,234,143,37198370.82,Normal,1.53
INVT003359,PO003359,P0293,WH008,23-04-2025,243,778,1104,0,212,211,0,Stockout,0
INVT003360,PO003360,P0234,WH010,14-03-2026,554,606,650,510,150,113,10936695,Normal,1.76
INVT003361,PO003361,P0264,WH009,31-07-2026,237,60,58,239,126,166,3449310.14,Normal,0.89
INVT003362,PO003362,P0023,WH009,29-08-2025,709,99,46,762,301,65,13702535.46,Normal,2.85
INVT003363,PO003363,P0076,WH010,09-10-2025,633,126,102,657,315,60,44075948.76,Normal,2.27
INVT003364,PO003364,P0294,WH005,28-10-2025,984,558,618,924,481,19,39291935.76,Normal,3.98
INVT003365,PO003365,P0039,WH008,24-10-2025,204,208,193,219,67,207,3329761.41,Normal,1.08
INVT003366,PO003366,P0115,WH008,19-03-2026,480,971,1416,35,150,154,992013.75,Reorder,0.17
INVT003367,PO003367,P0275,WH007,05-11-2025,239,249,144,344,361,144,14087322.88,Reorder,5.96
INVT003368,PO003368,P0016,WH006,25-02-2026,100,744,261,583,38,195,51039288.85,Overstock,2.81
INVT003369,PO003369,P0224,WH006,06-01-2026,486,70,97,459,187,112,16718106.51,Normal,2.21
INVT003370,PO003370,P0276,WH009,21-05-2026,745,841,266,1320,382,193,105735418.8,Normal,4.93
INVT003371,PO003371,P0059,WH007,25-06-2025,1106,477,548,1035,460,48,63034791.3,Normal,17.95
INVT003372,PO003372,P0030,WH007,28-07-2026,253,917,972,198,258,168,17138695.86,Reorder,3.43
INVT003373,PO003373,P0195,WH007,23-09-2025,260,947,1116,91,97,205,5613469.68,Reorder,1.58
INVT003374,PO003374,P0141,WH009,29-09-2025,919,566,109,1376,230,103,32597123.52,Overstock,5.14
INVT003375,PO003375,P0032,WH006,14-11-2025,187,710,336,561,237,188,9881970.12,Normal,2.7
INVT003376,PO003376,P0274,WH005,21-07-2026,1083,81,13,1151,321,164,101975757,Normal,4.95
INVT003377,PO003377,P0118,WH006,23-01-2026,429,293,148,574,460,187,49375049.5,Normal,2.76
INVT003378,PO003378,P0184,WH009,22-03-2026,333,739,307,765,157,106,61665762.6,Normal,2.86
INVT003379,PO003379,P0259,WH010,30-06-2025,263,647,12,898,70,12,77490790.72,Overstock,3.1
INVT003380,PO003380,P0193,WH005,27-12-2025,345,470,97,718,470,163,20232385.58,Normal,3.09
INVT003381,PO003381,P0268,WH008,05-07-2025,592,501,270,823,208,247,18173683.52,Normal,4.05
INVT003382,PO003382,P0281,WH009,30-07-2025,52,551,39,564,94,20,34223666.64,Overstock,2.11
INVT003383,PO003383,P0211,WH007,27-03-2026,102,821,286,637,173,144,29345169.49,Normal,11.05
INVT003384,PO003384,P0058,WH006,12-02-2025,1808,227,230,1805,459,191,13562354.85,Normal,8.69
INVT003385,PO003385,P0049,WH005,03-11-2025,1438,664,600,1502,495,201,46824474.5,Normal,6.46
INVT003386,PO003386,P0279,WH005,21-05-2026,164,578,652,90,138,52,6644841.3,Reorder,0.39
INVT003387,PO003387,P0037,WH005,01-05-2026,32,131,171,0,344,50,0,Stockout,0
INVT003388,PO003388,P0058,WH008,13-12-2025,349,768,704,413,459,191,3034414.25,Reorder,2.03
INVT003389,PO003389,P0174,WH005,13-04-2026,1357,358,297,1418,391,52,124769621.5,Normal,6.1
INVT003390,PO003390,P0268,WH010,03-01-2025,537,753,16,1274,208,247,27830236.98,Overstock,4.4
INVT003391,PO003391,P0163,WH006,07-06-2026,269,928,856,341,201,83,19621995.91,Normal,1.64
INVT003392,PO003392,P0176,WH010,19-09-2025,60,781,305,536,174,94,19657119.28,Normal,1.85
INVT003393,PO003393,P0246,WH006,08-09-2025,233,369,153,449,213,207,33789643.17,Normal,2.16
INVT003394,PO003394,P0203,WH009,19-03-2026,118,564,158,524,63,71,11916923.28,Overstock,1.96
INVT003395,PO003395,P0281,WH005,30-04-2026,90,475,133,432,94,20,24167812.32,Normal,1.86
INVT003396,PO003396,P0233,WH007,03-02-2026,82,337,273,146,59,136,5283608.6,Normal,2.53
INVT003397,PO003397,P0056,WH009,07-12-2025,1526,370,108,1788,455,211,73433285.16,Normal,6.68
INVT003398,PO003398,P0290,WH006,23-05-2025,79,455,675,0,95,201,0,Stockout,0
INVT003399,PO003399,P0086,WH006,04-03-2025,985,919,378,1526,442,229,72840573.26,Normal,7.35
INVT003400,PO003400,P0079,WH005,15-07-2025,63,900,1253,0,63,108,0,Stockout,0
INVT003401,PO003401,P0291,WH008,22-06-2026,156,559,47,668,329,249,57533677.68,Normal,3.28
INVT003402,PO003402,P0090,WH008,11-06-2025,94,650,89,655,76,160,54015020.4,Overstock,3.22
INVT003403,PO003403,P0056,WH006,27-04-2025,320,814,939,195,455,211,7742783.1,Reorder,0.94
INVT003404,PO003404,P0232,WH005,13-06-2025,524,996,1167,353,293,69,12619933.56,Normal,1.52
INVT003405,PO003405,P0300,WH008,21-12-2025,238,332,63,507,213,163,1507397.19,Normal,2.49
INVT003406,PO003406,P0254,WH005,09-03-2025,1,891,709,183,193,239,12533313.15,Reorder,0.79
INVT003407,PO003407,P0259,WH008,03-08-2026,140,617,366,391,70,12,33212118.68,Overstock,1.92
INVT003408,PO003408,P0096,WH008,30-05-2026,66,371,255,182,303,232,8091394.22,Reorder,0.89
INVT003409,PO003409,P0253,WH006,15-11-2025,69,829,415,483,310,246,35357387.1,Normal,2.33
INVT003410,PO003410,P0009,WH007,20-10-2025,333,862,1092,103,435,127,4317748.67,Reorder,1.79
INVT003411,PO003411,P0219,WH005,19-06-2026,882,583,187,1278,311,33,111296189.2,Normal,5.5
INVT003412,PO003412,P0070,WH010,18-07-2026,342,844,251,935,306,185,76235337.2,Normal,3.23
INVT003413,PO003413,P0033,WH008,27-02-2025,1508,531,782,1257,441,103,61023428.16,Normal,6.18
INVT003414,PO003414,P0171,WH009,09-01-2025,345,962,215,1092,466,114,38519612.04,Normal,4.08
INVT003415,PO003415,P0291,WH007,23-03-2026,1158,842,324,1676,329,249,141598234.3,Overstock,29.06
INVT003416,PO003416,P0030,WH006,07-11-2025,199,17,20,196,258,168,16300696.72,Reorder,0.94
INVT003417,PO003417,P0025,WH006,26-05-2026,1640,294,7,1927,417,19,24757074.69,Normal,9.28
INVT003418,PO003418,P0265,WH010,06-08-2025,71,785,360,496,167,227,14292274.72,Normal,1.71
INVT003419,PO003419,P0096,WH007,21-04-2025,187,680,318,549,303,232,20367795.69,Normal,9.52
INVT003420,PO003420,P0176,WH009,12-06-2026,25,985,408,602,174,94,18441553.62,Normal,2.25
INVT003421,PO003421,P0081,WH008,08-07-2026,447,864,35,1276,211,168,37480471.16,Overstock,6.27
INVT003422,PO003422,P0146,WH010,23-07-2026,74,24,24,74,52,166,4299323.78,Normal,0.26
INVT003423,PO003423,P0181,WH009,11-09-2025,72,710,470,312,31,180,949787.28,Overstock,1.17
INVT003424,PO003424,P0101,WH007,03-05-2025,122,91,59,154,36,204,7631844.22,Normal,2.67
INVT003425,PO003425,P0270,WH009,27-01-2026,501,576,784,293,429,112,19170450.88,Reorder,1.1
INVT003426,PO003426,P0074,WH005,06-06-2026,201,660,794,67,87,78,3344677.52,Reorder,0.29
INVT003427,PO003427,P0054,WH005,17-09-2025,10,913,972,0,114,156,0,Stockout,0
INVT003428,PO003428,P0232,WH007,08-06-2026,1066,505,74,1497,293,69,53357900.34,Overstock,25.96
INVT003429,PO003429,P0111,WH009,19-10-2025,81,301,222,160,40,62,2377867.2,Normal,0.6
INVT003430,PO003430,P0093,WH008,16-06-2026,370,796,964,202,224,216,8367670.22,Reorder,0.99
INVT003431,PO003431,P0188,WH008,29-06-2025,508,627,222,913,324,165,1846350.77,Normal,4.49
INVT003432,PO003432,P0028,WH009,30-04-2026,4,138,158,0,29,232,0,Stockout,0
INVT003433,PO003433,P0283,WH009,07-02-2025,7,627,60,574,321,33,28092880.2,Normal,2.15
INVT003434,PO003434,P0261,WH007,11-07-2025,393,621,2,1012,132,180,7224506.08,Overstock,17.55
INVT003435,PO003435,P0058,WH010,13-03-2025,273,144,143,274,459,191,2181944.2,Reorder,0.95
INVT003436,PO003436,P0178,WH009,13-09-2025,110,318,269,159,46,71,4224523.47,Normal,0.59
INVT003437,PO003437,P0173,WH007,07-03-2026,959,61,47,973,340,55,32202836.12,Normal,16.87
INVT003438,PO003438,P0048,WH008,17-03-2026,697,493,72,1118,370,99,94884089.82,Normal,5.5
INVT003439,PO003439,P0227,WH009,11-06-2026,385,34,24,395,109,237,11513207.2,Normal,1.48
INVT003440,PO003440,P0045,WH005,17-03-2026,548,125,30,643,388,79,29614194.47,Normal,2.77
INVT003441,PO003441,P0122,WH009,13-11-2025,599,724,100,1223,208,225,59666562.15,Overstock,4.57
INVT003442,PO003442,P0184,WH005,18-10-2025,217,36,24,229,157,106,16266236.4,Normal,0.99
INVT003443,PO003443,P0041,WH007,11-04-2025,59,879,240,698,372,143,27247686.4,Normal,12.1
INVT003444,PO003444,P0289,WH006,28-05-2025,8,949,1323,0,22,220,0,Stockout,0
INVT003445,PO003445,P0294,WH007,21-07-2026,1776,727,123,2380,481,19,115741589.6,Normal,41.27
INVT003446,PO003446,P0067,WH010,19-12-2025,521,579,745,355,217,184,18398460.75,Normal,1.23
INVT003447,PO003447,P0067,WH005,15-08-2025,765,147,140,772,217,184,36353371.92,Normal,3.32
INVT003448,PO003448,P0065,WH010,23-05-2025,540,864,695,709,390,19,30009779.19,Normal,2.45
INVT003449,PO003449,P0274,WH006,25-03-2026,681,687,235,1133,321,164,87055811.15,Normal,5.46
INVT003450,PO003450,P0258,WH005,02-08-2026,837,457,397,897,331,246,25251159.96,Normal,3.86
INVT003451,PO003451,P0143,WH010,09-02-2025,47,509,7,549,36,230,48784743.9,Overstock,1.9
INVT003452,PO003452,P0109,WH007,13-05-2026,47,451,641,0,373,189,0,Stockout,0
INVT003453,PO003453,P0248,WH009,15-01-2026,1276,97,143,1230,444,184,101700680.4,Normal,4.6
INVT003454,PO003454,P0047,WH010,26-11-2025,166,581,526,221,224,237,18454742.02,Reorder,0.76
INVT003455,PO003455,P0106,WH009,07-06-2025,166,22,5,183,213,184,3281120.46,Reorder,0.68
INVT003456,PO003456,P0140,WH007,02-07-2026,1386,451,201,1636,462,58,116225268.2,Normal,28.37
INVT003457,PO003457,P0125,WH009,24-06-2026,472,546,277,741,177,14,7948988.58,Normal,2.77
INVT003458,PO003458,P0001,WH010,05-03-2026,346,370,302,414,364,114,19598403.96,Normal,1.43
INVT003459,PO003459,P0135,WH007,15-04-2025,411,433,631,213,182,127,14410470.27,Normal,3.69
INVT003460,PO003460,P0276,WH010,16-01-2026,1425,658,713,1370,382,193,107333800.8,Normal,4.73
INVT003461,PO003461,P0224,WH009,30-06-2025,261,985,996,250,187,112,8571935,Normal,0.93
INVT003462,PO003462,P0078,WH007,11-09-2025,296,22,4,314,89,82,14663259.92,Normal,5.44
INVT003463,PO003463,P0275,WH006,22-01-2026,259,88,58,289,361,144,11615239.46,Reorder,1.39
INVT003464,PO003464,P0063,WH008,25-08-2025,1700,114,114,1700,443,35,56284637,Normal,8.36
INVT003465,PO003465,P0067,WH010,31-10-2025,799,300,252,847,217,184,38785205.69,Normal,2.93
INVT003466,PO003466,P0035,WH007,28-07-2025,931,621,566,986,489,155,52952617.28,Normal,17.1
INVT003467,PO003467,P0143,WH005,01-03-2026,3,448,109,342,36,230,26301681,Overstock,1.47
INVT003468,PO003468,P0287,WH005,21-04-2025,758,412,411,759,254,99,51995507.52,Normal,3.27
INVT003469,PO003469,P0289,WH009,13-02-2025,51,813,247,617,22,220,23393592.02,Overstock,2.31
INVT003470,PO003470,P0103,WH006,05-12-2025,312,855,718,449,161,185,10697407.04,Normal,2.16
INVT003471,PO003471,P0291,WH010,18-06-2025,1041,800,587,1254,329,249,90740894.64,Normal,4.33
INVT003472,PO003472,P0137,WH005,30-06-2026,264,859,591,532,180,28,9308281.64,Normal,2.29
INVT003473,PO003473,P0070,WH005,24-03-2025,436,568,565,439,306,185,30665998.19,Normal,1.89
INVT003474,PO003474,P0215,WH005,08-07-2026,11,762,779,0,86,75,0,Stockout,0
INVT003475,PO003475,P0185,WH006,19-10-2025,275,789,749,315,166,111,16856865.9,Normal,1.52
INVT003476,PO003476,P0075,WH007,11-06-2026,257,382,214,425,105,160,9670156.75,Normal,7.37
INVT003477,PO003477,P0151,WH010,05-06-2025,561,411,221,751,390,115,5242070.12,Normal,2.59
INVT003478,PO003478,P0089,WH005,27-07-2025,223,668,341,550,390,162,16371168,Normal,2.37
INVT003479,PO003479,P0124,WH009,07-05-2026,1437,16,0,1453,411,167,107597047.5,Normal,5.43
INVT003480,PO003480,P0157,WH006,21-12-2025,1299,38,31,1306,432,85,24337166.34,Normal,6.29
INVT003481,PO003481,P0155,WH010,18-01-2025,1155,564,744,975,338,157,42282620.25,Normal,3.37
INVT003482,PO003482,P0098,WH008,01-01-2025,751,173,137,787,256,35,16288279.29,Normal,3.87
INVT003483,PO003483,P0089,WH007,11-01-2025,314,59,65,308,390,162,10513811,Reorder,5.34
INVT003484,PO003484,P0140,WH008,29-01-2025,1748,58,10,1796,462,58,112856778.6,Normal,8.83
INVT003485,PO003485,P0134,WH010,25-09-2025,638,338,484,492,245,14,8135023.2,Normal,1.7
INVT003486,PO003486,P0233,WH006,14-10-2025,196,885,21,1060,59,136,38163519.2,Overstock,5.11
INVT003487,PO003487,P0207,WH010,27-03-2026,47,864,156,755,32,142,24048690.35,Overstock,2.61
INVT003488,PO003488,P0001,WH007,02-08-2025,871,728,167,1432,364,114,64769760.96,Normal,24.83
INVT003489,PO003489,P0006,WH005,08-01-2025,792,23,15,800,205,68,51853840,Normal,3.44
INVT003490,PO003490,P0040,WH007,02-05-2025,280,774,999,55,191,99,2184432.8,Reorder,0.95
INVT003491,PO003491,P0239,WH007,14-02-2025,112,574,155,531,338,96,27215502.3,Normal,9.21
INVT003492,PO003492,P0252,WH010,04-05-2026,1182,68,79,1171,413,213,1288076.58,Normal,4.04
INVT003493,PO003493,P0035,WH007,11-01-2025,1315,914,404,1825,489,155,108385490.8,Normal,31.65
INVT003494,PO003494,P0114,WH006,31-05-2025,74,722,1016,0,70,236,0,Stockout,0
INVT003495,PO003495,P0264,WH009,13-09-2025,461,763,237,987,126,166,15215424.21,Overstock,3.69
INVT003496,PO003496,P0036,WH010,20-01-2025,659,771,154,1276,499,189,101825935.6,Normal,4.41
INVT003497,PO003497,P0205,WH005,08-02-2025,1210,683,869,1024,480,72,26029178.88,Normal,4.41
INVT003498,PO003498,P0062,WH007,12-07-2025,6,627,509,124,299,57,9357459.12,Reorder,2.15
INVT003499,PO003499,P0018,WH010,02-06-2025,228,860,361,727,357,159,23524207.84,Normal,2.51
INVT003500,PO003500,P0027,WH007,17-06-2025,420,532,419,533,495,214,35189827.27,Normal,9.24
INVT003501,PO003501,P0089,WH006,14-06-2025,973,271,2,1242,390,162,38399212.08,Normal,5.98
INVT003502,PO003502,P0020,WH006,02-04-2025,68,147,9,206,28,180,15254922.12,Overstock,0.99
INVT003503,PO003503,P0198,WH006,06-04-2026,22,882,744,160,38,223,11574177.6,Normal,0.77
INVT003504,PO003504,P0021,WH009,31-03-2025,124,880,634,370,254,131,10617242.5,Normal,1.38
INVT003505,PO003505,P0094,WH010,15-07-2025,863,512,71,1304,216,65,31794180.16,Overstock,4.5
INVT003506,PO003506,P0287,WH006,14-02-2025,182,989,41,1130,254,99,83141535.4,Normal,5.44
INVT003507,PO003507,P0220,WH005,17-07-2026,101,713,734,80,30,160,7084366.4,Normal,0.34
INVT003508,PO003508,P0047,WH006,25-09-2025,842,819,568,1093,224,237,96637715.23,Normal,5.26
INVT003509,PO003509,P0131,WH008,21-09-2025,487,70,6,551,393,68,12462060.67,Normal,2.71
INVT003510,PO003510,P0101,WH005,15-10-2025,132,789,968,0,36,204,0,Stockout,0
INVT003511,PO003511,P0002,WH005,11-10-2025,693,398,119,972,301,86,70755826.32,Normal,4.18
INVT003512,PO003512,P0295,WH007,04-05-2026,135,462,686,0,261,18,0,Stockout,0
INVT003513,PO003513,P0031,WH006,24-06-2025,59,192,44,207,378,181,2642549.58,Reorder,1
INVT003514,PO003514,P0219,WH005,28-05-2026,784,381,218,947,311,33,78576879.91,Normal,4.08
INVT003515,PO003515,P0150,WH009,18-06-2026,229,92,45,276,80,75,19938021.96,Normal,1.03
INVT003516,PO003516,P0121,WH005,06-08-2025,409,36,42,403,119,200,6997587.22,Normal,1.73
INVT003517,PO003517,P0002,WH005,17-11-2025,794,456,55,1195,301,86,101643473.5,Normal,5.14
INVT003518,PO003518,P0288,WH005,23-08-2025,55,354,79,330,42,71,10463207.7,Overstock,1.42
INVT003519,PO003519,P0284,WH010,14-09-2025,581,282,134,729,318,224,26363278.98,Normal,2.52
INVT003520,PO003520,P0080,WH010,23-05-2025,257,992,415,834,332,36,32370108.72,Normal,2.88
INVT003521,PO003521,P0065,WH006,09-03-2025,1201,848,845,1204,390,19,53897276.72,Normal,5.8
INVT003522,PO003522,P0206,WH005,07-03-2026,815,251,217,849,441,100,73076792.04,Normal,3.65
INVT003523,PO003523,P0164,WH006,11-01-2025,46,965,948,63,419,83,4627066.5,Reorder,0.3
INVT003524,PO003524,P0241,WH007,30-05-2026,853,11,6,858,252,138,20526457.38,Normal,14.88
INVT003525,PO003525,P0231,WH005,20-05-2026,839,225,293,771,295,51,37404116.67,Normal,3.32
INVT003526,PO003526,P0103,WH007,15-02-2025,408,603,816,195,161,185,4390516.65,Normal,3.38
INVT003527,PO003527,P0101,WH005,28-04-2025,126,791,762,155,36,204,8439943.75,Normal,0.67
INVT003528,PO003528,P0080,WH007,02-11-2025,1253,956,93,2116,332,36,77072528.04,Overstock,36.69
INVT003529,PO003529,P0167,WH007,29-04-2025,1017,193,40,1170,451,169,21377982.6,Normal,20.29
INVT003530,PO003530,P0062,WH010,26-04-2025,627,390,270,747,299,57,47272371.12,Normal,2.58
INVT003531,PO003531,P0088,WH009,16-05-2026,405,756,607,554,384,57,12293741.98,Normal,2.07
INVT003532,PO003532,P0080,WH010,17-01-2025,527,316,237,606,332,36,24253053.24,Normal,2.09
INVT003533,PO003533,P0295,WH006,14-11-2025,731,818,716,833,261,18,53996109.58,Normal,4.01
INVT003534,PO003534,P0149,WH010,25-10-2025,1595,828,101,2322,487,100,121466699.3,Normal,8.02
INVT003535,PO003535,P0222,WH007,07-09-2025,1424,520,595,1349,372,47,119872490.7,Normal,23.39
INVT003536,PO003536,P0126,WH009,08-07-2025,209,830,1175,0,226,14,0,Stockout,0
INVT003537,PO003537,P0037,WH009,30-01-2025,44,89,24,109,344,50,3303094.58,Reorder,0.41
INVT003538,PO003538,P0288,WH010,26-05-2025,94,724,199,619,42,71,22094468.39,Overstock,2.14
INVT003539,PO003539,P0283,WH009,13-04-2025,58,689,61,686,321,33,34765409.84,Normal,2.56
INVT003540,PO003540,P0037,WH008,08-04-2025,1198,415,507,1106,344,50,38205166.3,Normal,5.44
INVT003541,PO003541,P0053,WH010,18-07-2025,206,814,280,740,53,166,24676084.4,Overstock,2.56
INVT003542,PO003542,P0070,WH007,28-07-2026,19,236,3,252,306,185,18940158.72,Reorder,4.37
INVT003543,PO003543,P0241,WH006,08-01-2025,981,227,51,1157,252,138,31262868.91,Normal,5.57
INVT003544,PO003544,P0137,WH005,04-01-2025,517,102,135,484,180,28,7677440.32,Normal,2.08
INVT003545,PO003545,P0193,WH006,04-04-2025,650,444,465,629,470,163,18798608.5,Normal,3.03
INVT003546,PO003546,P0059,WH006,08-03-2026,140,659,495,304,460,48,16739030.4,Reorder,1.46
INVT003547,PO003547,P0233,WH005,18-07-2026,207,943,1135,15,59,136,521369.85,Reorder,0.06
INVT003548,PO003548,P0113,WH007,25-03-2025,219,835,870,184,63,183,11061358.72,Normal,3.19
INVT003549,PO003549,P0294,WH008,28-09-2025,247,983,996,234,481,19,11624995.98,Reorder,1.15
INVT003550,PO003550,P0298,WH009,12-05-2025,1327,207,256,1278,432,66,19483135.56,Normal,4.78
INVT003551,PO003551,P0280,WH009,23-04-2026,3,579,307,275,269,158,10562046,Normal,1.03
INVT003552,PO003552,P0172,WH006,09-11-2025,506,321,8,819,170,34,342972.63,Normal,3.94
INVT003553,PO003553,P0296,WH008,15-06-2026,305,99,89,315,422,228,12388786.2,Reorder,1.55
INVT003554,PO003554,P0126,WH005,25-04-2025,677,584,187,1074,226,14,67955083.86,Normal,4.62
INVT003555,PO003555,P0202,WH009,29-03-2025,658,791,953,496,297,174,14988366.08,Normal,1.85
INVT003556,PO003556,P0106,WH006,19-06-2026,824,482,719,587,213,184,9636679.21,Normal,2.83
INVT003557,PO003557,P0173,WH008,22-03-2025,1286,267,297,1256,340,55,38883800.64,Normal,6.18
INVT003558,PO003558,P0080,WH006,29-01-2025,800,160,86,874,332,36,37746757.74,Normal,4.21
INVT003559,PO003559,P0109,WH009,10-04-2025,252,65,13,304,373,189,18339161.76,Reorder,1.14
INVT003560,PO003560,P0281,WH006,21-05-2025,81,148,169,60,94,20,3532428,Reorder,0.29
INVT003561,PO003561,P0265,WH009,16-11-2025,69,17,4,82,167,227,2348608.74,Reorder,0.31
INVT003562,PO003562,P0058,WH006,08-05-2025,418,162,202,378,459,191,3235887.9,Reorder,1.82
INVT003563,PO003563,P0139,WH005,25-08-2025,87,558,582,63,42,232,3761311.05,Normal,0.27
INVT003564,PO003564,P0252,WH009,25-03-2026,66,979,579,466,413,213,505432.92,Normal,1.74
INVT003565,PO003565,P0174,WH006,25-03-2025,1275,301,405,1171,391,52,91344557.6,Normal,5.64
INVT003566,PO003566,P0053,WH009,24-02-2025,123,122,94,151,53,166,5325326.06,Normal,0.56
INVT003567,PO003567,P0063,WH008,27-11-2025,571,194,214,551,443,35,18589952.07,Normal,2.71
INVT003568,PO003568,P0118,WH008,21-03-2026,634,229,272,591,460,187,49504931.79,Normal,2.91
INVT003569,PO003569,P0276,WH006,23-03-2026,70,699,722,47,382,193,4084207.88,Reorder,0.23
INVT003570,PO003570,P0009,WH008,23-12-2025,1562,670,992,1240,435,127,57848901.6,Normal,6.1
INVT003571,PO003571,P0074,WH010,20-10-2025,263,951,1408,0,87,78,0,Stockout,0
INVT003572,PO003572,P0244,WH009,07-03-2025,162,575,763,0,54,42,0,Stockout,0
INVT003573,PO003573,P0225,WH005,24-02-2025,1374,435,265,1544,347,132,106995587,Normal,6.64
INVT003574,PO003574,P0222,WH005,20-04-2026,1451,846,898,1399,372,47,114388479.5,Normal,6.02
INVT003575,PO003575,P0004,WH006,03-05-2026,940,760,1074,626,310,85,43726644.62,Normal,3.02
INVT003576,PO003576,P0208,WH005,22-08-2025,6,939,803,142,159,116,4096531.02,Reorder,0.61
INVT003577,PO003577,P0274,WH010,02-08-2025,997,659,178,1478,321,164,120840585.3,Normal,5.11
INVT003578,PO003578,P0036,WH005,07-04-2026,1072,909,605,1376,499,189,110595683.5,Normal,5.92
INVT003579,PO003579,P0170,WH005,14-01-2025,206,511,269,448,210,177,27172481.28,Normal,1.93
INVT003580,PO003580,P0097,WH007,07-05-2026,27,882,674,235,197,84,16616302.45,Normal,4.07
INVT003581,PO003581,P0117,WH010,10-05-2026,479,339,425,393,490,224,18072816.33,Reorder,1.36
INVT003582,PO003582,P0246,WH009,25-12-2025,35,686,337,384,213,207,28448025.6,Normal,1.44
INVT003583,PO003583,P0063,WH008,03-12-2025,1512,137,35,1614,443,35,55008525.54,Normal,7.94
INVT003584,PO003584,P0113,WH005,30-03-2025,102,788,908,0,63,183,0,Stockout,0
INVT003585,PO003585,P0275,WH005,29-07-2026,583,524,145,962,361,144,36223369.26,Normal,4.14
INVT003586,PO003586,P0049,WH006,18-11-2025,716,339,35,1020,495,201,29144460,Normal,4.91
INVT003587,PO003587,P0171,WH005,20-06-2025,1236,66,52,1250,466,114,50186825,Normal,5.38
INVT003588,PO003588,P0067,WH009,17-03-2025,277,770,1095,0,217,184,0,Stockout,0
INVT003589,PO003589,P0252,WH005,24-01-2026,1261,572,201,1632,413,213,1956768,Normal,7.02
INVT003590,PO003590,P0153,WH010,26-10-2025,1542,492,385,1649,441,216,46232864.59,Normal,5.7
INVT003591,PO003591,P0204,WH006,26-02-2025,338,973,1263,48,309,156,3338158.56,Reorder,0.23
INVT003592,PO003592,P0100,WH006,23-11-2025,641,706,995,352,311,64,245991.68,Normal,1.7
INVT003593,PO003593,P0038,WH009,04-01-2025,164,556,299,421,339,40,12346161.8,Normal,1.57
INVT003594,PO003594,P0278,WH006,03-09-2025,1685,603,280,2008,495,236,37690862.8,Normal,9.67
INVT003595,PO003595,P0037,WH010,11-12-2025,220,277,245,252,344,50,7899406.2,Reorder,0.87
INVT003596,PO003596,P0266,WH010,26-06-2025,1111,424,303,1232,470,103,96354165.6,Normal,4.26
INVT003597,PO003597,P0151,WH009,10-03-2026,1294,411,17,1688,390,115,10511226.64,Normal,6.31
INVT003598,PO003598,P0188,WH009,17-09-2025,816,283,262,837,324,165,1555305.03,Normal,3.13
INVT003599,PO003599,P0066,WH010,09-10-2025,78,694,608,164,379,91,7127030,Reorder,0.57
INVT003600,PO003600,P0165,WH008,15-07-2025,1175,55,27,1203,491,224,66705351.51,Normal,5.92
INVT003601,PO003601,P0053,WH006,05-11-2025,41,751,468,324,53,166,12110789.52,Overstock,1.56
INVT003602,PO003602,P0099,WH007,15-02-2026,531,11,11,531,256,250,31400079.66,Normal,9.21
INVT003603,PO003603,P0030,WH010,24-06-2025,378,564,470,472,258,168,39747577.84,Normal,1.63
INVT003604,PO003604,P0129,WH007,31-05-2025,96,356,210,242,126,140,4296770.5,Normal,4.2
INVT003605,PO003605,P0124,WH007,22-04-2025,1093,56,9,1140,411,167,83817052.2,Normal,19.77
INVT003606,PO003606,P0132,WH006,23-06-2025,220,507,685,42,62,174,1280266.68,Reorder,0.2
INVT003607,PO003607,P0273,WH005,28-04-2026,125,940,804,261,217,132,17734195.71,Normal,1.12
INVT003608,PO003608,P0144,WH006,05-02-2025,820,619,525,914,391,246,39537729.74,Normal,4.4
INVT003609,PO003609,P0043,WH007,23-07-2026,763,49,2,810,466,119,19441158.3,Normal,14.05
INVT003610,PO003610,P0129,WH009,02-05-2025,356,860,548,668,126,140,11534222.4,Overstock,2.5
INVT003611,PO003611,P0209,WH009,04-03-2026,624,981,1017,588,236,35,53483839.08,Normal,2.2
INVT003612,PO003612,P0131,WH007,08-07-2026,605,490,284,811,393,68,18232512.72,Normal,14.06
INVT003613,PO003613,P0054,WH008,29-03-2026,421,56,32,445,114,156,20393602.4,Normal,2.19
INVT003614,PO003614,P0247,WH010,07-05-2026,72,646,652,66,303,118,2150874.66,Reorder,0.23
INVT003615,PO003615,P0220,WH006,03-04-2026,113,802,123,792,30,160,71177150.88,Overstock,3.81
INVT003616,PO003616,P0085,WH008,05-01-2025,171,684,508,347,306,81,22841663.64,Normal,1.71
INVT003617,PO003617,P0062,WH009,05-01-2026,1090,447,323,1214,299,57,87507487.3,Normal,4.54
INVT003618,PO003618,P0126,WH009,20-03-2025,347,446,580,213,226,14,12791310.3,Reorder,0.8
INVT003619,PO003619,P0111,WH007,04-09-2025,149,614,298,465,40,62,6441928.65,Overstock,8.06
INVT003620,PO003620,P0076,WH009,27-02-2025,992,661,813,840,315,60,58162717.2,Normal,3.14
INVT003621,PO003621,P0154,WH007,24-08-2025,499,276,346,429,404,23,13963563.9,Normal,7.44
INVT003622,PO003622,P0008,WH005,01-11-2025,303,989,62,1230,81,100,76205658.6,Overstock,5.29
INVT003623,PO003623,P0259,WH006,27-07-2025,140,825,530,435,70,12,34823311.65,Overstock,2.1
INVT003624,PO003624,P0013,WH006,16-09-2025,1593,994,1010,1577,440,231,27210330.73,Normal,7.6
INVT003625,PO003625,P0076,WH010,07-05-2026,548,870,1145,273,315,60,18289831.56,Reorder,0.94
INVT003626,PO003626,P0278,WH010,29-05-2025,1904,567,263,2208,495,236,45727017.6,Normal,7.63
INVT003627,PO003627,P0143,WH010,29-12-2025,93,106,68,131,36,230,11455680.14,Normal,0.45
INVT003628,PO003628,P0124,WH008,06-09-2025,121,194,201,114,411,167,7463015.7,Reorder,0.56
INVT003629,PO003629,P0117,WH008,01-07-2025,1785,10,15,1780,490,224,91504246.4,Normal,8.75
INVT003630,PO003630,P0009,WH005,12-02-2025,984,242,295,931,435,127,41831626.83,Normal,4.01
INVT003631,PO003631,P0132,WH007,23-04-2025,245,60,57,248,62,174,6980932.16,Normal,4.3
INVT003632,PO003632,P0120,WH008,13-01-2025,775,325,367,733,236,214,57456652.13,Normal,3.6
INVT003633,PO003633,P0020,WH010,24-08-2025,73,700,278,495,28,180,33516009.45,Overstock,1.71
INVT003634,PO003634,P0188,WH006,08-04-2026,1131,923,635,1419,324,165,2890928.7,Normal,6.83
INVT003635,PO003635,P0014,WH006,30-06-2026,18,725,274,469,31,150,11114798.17,Overstock,2.26
INVT003636,PO003636,P0081,WH010,31-07-2026,800,567,92,1275,211,168,37293189,Overstock,4.4
INVT003637,PO003637,P0250,WH006,20-03-2025,1117,984,624,1477,485,23,95435823.28,Normal,7.11
INVT003638,PO003638,P0299,WH006,10-09-2025,262,596,256,602,471,18,4365716.04,Normal,2.9
INVT003639,PO003639,P0061,WH007,10-03-2026,813,575,647,741,232,52,27968704.14,Normal,12.85
INVT003640,PO003640,P0258,WH007,27-12-2025,1212,16,4,1224,331,246,36647123.04,Normal,21.22
INVT003641,PO003641,P0155,WH007,17-08-2025,803,242,343,702,338,157,30195196.2,Normal,12.17
INVT003642,PO003642,P0113,WH007,26-07-2025,44,94,2,136,63,183,8104600.4,Normal,2.36
INVT003643,PO003643,P0074,WH009,10-06-2026,23,241,59,205,87,78,10710764.15,Normal,0.77
INVT003644,PO003644,P0095,WH006,31-05-2025,1292,764,348,1708,393,151,47028806.44,Normal,8.23
INVT003645,PO003645,P0038,WH008,12-01-2026,1218,26,28,1216,339,40,33616867.2,Normal,5.98
INVT003646,PO003646,P0046,WH010,24-11-2025,1420,871,1016,1275,486,202,54266448,Normal,4.4
INVT003647,PO003647,P0267,WH006,03-05-2026,12,118,144,0,309,30,0,Stockout,0
INVT003648,PO003648,P0230,WH008,15-03-2026,1075,557,639,993,346,159,55500259.5,Normal,4.88
INVT003649,PO003649,P0262,WH008,07-07-2025,14,870,694,190,159,57,12529580.4,Normal,0.93
INVT003650,PO003650,P0213,WH005,08-01-2025,104,419,284,239,76,205,16481820.01,Normal,1.03
INVT003651,PO003651,P0242,WH007,12-05-2025,767,585,595,757,228,88,8672608.35,Normal,13.13
INVT003652,PO003652,P0073,WH008,05-03-2025,39,197,76,160,216,72,4623753.6,Reorder,0.79
INVT003653,PO003653,P0144,WH009,06-06-2025,689,604,766,527,391,246,24722940.2,Normal,1.97
INVT003654,PO003654,P0225,WH009,08-07-2026,1315,226,210,1331,347,132,95974949.4,Normal,4.97
INVT003655,PO003655,P0055,WH009,11-04-2025,854,569,695,728,437,63,23004821.84,Normal,2.72
INVT003656,PO003656,P0064,WH005,01-12-2025,512,819,847,484,499,106,34652933.48,Reorder,2.08
INVT003657,PO003657,P0125,WH007,10-08-2025,556,806,157,1205,177,14,13834400.15,Overstock,20.89
INVT003658,PO003658,P0248,WH008,30-04-2026,928,441,573,796,444,184,65458096.84,Normal,3.91
INVT003659,PO003659,P0172,WH006,13-06-2026,296,780,908,168,170,34,66739.68,Reorder,0.81
INVT003660,PO003660,P0115,WH008,05-07-2025,156,862,1240,0,150,154,0,Stockout,0
INVT003661,PO003661,P0176,WH010,25-06-2026,152,233,229,156,174,94,5270781.36,Reorder,0.54
INVT003662,PO003662,P0168,WH007,18-04-2026,316,143,162,297,156,80,26468441.01,Normal,5.15
INVT003663,PO003663,P0037,WH010,16-06-2026,82,329,275,136,344,50,4109662.96,Reorder,0.47
INVT003664,PO003664,P0254,WH009,14-03-2025,141,745,146,740,193,239,50728391.2,Normal,2.77
INVT003665,PO003665,P0217,WH010,05-08-2025,359,388,246,501,394,47,32648481.63,Normal,1.73
INVT003666,PO003666,P0242,WH008,05-07-2025,524,155,113,566,228,88,6674073.9,Normal,2.78
INVT003667,PO003667,P0288,WH009,26-10-2025,124,349,270,203,42,71,7156013.9,Normal,0.76
INVT003668,PO003668,P0036,WH010,02-12-2025,999,126,78,1047,499,189,80233180.5,Normal,3.62
INVT003669,PO003669,P0177,WH009,08-12-2025,1590,639,404,1825,450,112,116190778.5,Normal,6.82
INVT003670,PO003670,P0029,WH007,25-01-2026,486,697,214,969,236,45,60905710.11,Normal,16.8
INVT003671,PO003671,P0005,WH010,15-08-2025,538,855,175,1218,145,104,41674271.94,Overstock,4.21
INVT003672,PO003672,P0238,WH009,06-12-2025,464,582,862,184,179,171,9380739.52,Normal,0.69
INVT003673,PO003673,P0136,WH008,25-05-2026,1313,962,1069,1206,441,74,44705008.98,Normal,5.93
INVT003674,PO003674,P0051,WH009,08-03-2026,882,572,295,1159,387,133,6580176.14,Normal,4.33
INVT003675,PO003675,P0014,WH009,08-03-2025,41,162,72,131,31,150,3248260.28,Normal,0.49
INVT003676,PO003676,P0283,WH006,16-04-2026,1078,625,606,1097,321,33,61284497.38,Normal,5.28
INVT003677,PO003677,P0253,WH008,29-03-2025,1194,31,24,1201,310,246,82362658.4,Normal,5.91
INVT003678,PO003678,P0176,WH006,06-01-2026,557,655,609,603,174,94,20944493.46,Normal,2.9
INVT003679,PO003679,P0291,WH008,22-07-2025,1061,651,665,1047,329,249,86123633.91,Normal,5.15
INVT003680,PO003680,P0107,WH008,08-04-2025,904,299,242,961,328,235,29563329.49,Normal,4.73
INVT003681,PO003681,P0199,WH008,18-04-2026,1147,508,653,1002,325,187,59312227.68,Normal,4.93
INVT003682,PO003682,P0161,WH005,14-02-2025,68,230,81,217,40,242,10029401.48,Overstock,0.93
INVT003683,PO003683,P0166,WH010,28-11-2025,91,984,630,445,209,166,9337047.85,Normal,1.54
INVT003684,PO003684,P0033,WH008,10-01-2025,908,108,74,942,441,103,43812495.36,Normal,4.63
INVT003685,PO003685,P0293,WH008,25-03-2026,245,50,46,249,212,211,10808641.8,Normal,1.22
INVT003686,PO003686,P0252,WH009,29-11-2025,1433,731,881,1283,413,213,1520496.13,Normal,4.8
INVT003687,PO003687,P0073,WH006,04-06-2025,227,472,42,657,216,72,20650994.82,Normal,3.16
INVT003688,PO003688,P0034,WH007,02-08-2026,87,973,1040,20,108,45,894846.4,Reorder,0.35
INVT003689,PO003689,P0265,WH006,12-03-2025,437,33,17,453,167,227,13128651.21,Normal,2.18
INVT003690,PO003690,P0007,WH005,03-08-2026,200,380,126,454,194,82,25765657.7,Normal,1.95
INVT003691,PO003691,P0164,WH005,14-06-2025,690,670,201,1159,419,83,95537192.89,Normal,4.99
INVT003692,PO003692,P0130,WH008,05-03-2026,422,938,202,1158,173,58,34228951.44,Overstock,5.69
INVT003693,PO003693,P0202,WH008,06-11-2025,491,999,1128,362,297,174,11563543.38,Normal,1.78
INVT003694,PO003694,P0182,WH005,11-07-2026,169,463,281,351,293,195,7128504.63,Normal,1.51
INVT003695,PO003695,P0132,WH007,03-07-2025,68,441,562,0,62,174,0,Stockout,0
INVT003696,PO003696,P0153,WH005,21-03-2025,657,775,1141,291,441,216,8327226.9,Reorder,1.25
INVT003697,PO003697,P0292,WH008,18-02-2026,693,736,358,1071,355,98,63341649.63,Normal,5.27
INVT003698,PO003698,P0199,WH006,19-11-2025,241,106,108,239,325,187,14564356.47,Reorder,1.15
INVT003699,PO003699,P0149,WH009,07-03-2026,1503,812,683,1632,487,100,70960535.04,Normal,6.1
INVT003700,PO003700,P0281,WH009,07-06-2026,252,416,298,370,94,20,22935682.1,Normal,1.38
INVT003701,PO003701,P0136,WH007,03-01-2025,545,522,419,648,441,74,22797735.12,Normal,11.24
INVT003702,PO003702,P0298,WH007,12-08-2025,1671,525,660,1536,432,66,23098168.32,Normal,26.63
INVT003703,PO003703,P0297,WH008,12-07-2026,1206,66,14,1258,364,12,29120750.1,Normal,6.19
INVT003704,PO003704,P0221,WH005,14-05-2026,495,467,296,666,187,23,32640247.08,Normal,2.87
INVT003705,PO003705,P0183,WH005,29-01-2026,401,538,2,937,482,121,57272541.47,Normal,4.03
INVT003706,PO003706,P0025,WH006,27-12-2025,1121,39,20,1140,417,19,16881439.2,Normal,5.49
INVT003707,PO003707,P0196,WH009,06-06-2026,307,830,639,498,236,215,31027521.48,Normal,1.86
INVT003708,PO003708,P0045,WH010,10-07-2026,782,337,339,780,388,79,34526013.6,Normal,2.69
INVT003709,PO003709,P0114,WH007,20-03-2026,54,78,32,100,70,236,7260291,Normal,1.73
INVT003710,PO003710,P0102,WH005,16-01-2025,784,631,567,848,209,117,48982184.48,Normal,3.65
INVT003711,PO003711,P0229,WH009,18-07-2026,804,285,164,925,220,105,6883868.5,Normal,3.46
INVT003712,PO003712,P0084,WH009,05-03-2025,130,726,229,627,239,88,24458241.72,Normal,2.34
INVT003713,PO003713,P0004,WH005,16-06-2025,213,487,67,633,310,85,41854725.93,Normal,2.72
INVT003714,PO003714,P0228,WH006,09-01-2026,1149,700,12,1837,351,11,163677306.2,Overstock,8.85
INVT003715,PO003715,P0002,WH005,24-03-2026,869,871,575,1165,301,86,99397998.05,Normal,5.01
INVT003716,PO003716,P0153,WH007,07-08-2025,224,168,244,148,441,216,4370986.12,Reorder,2.57
INVT003717,PO003717,P0281,WH006,02-02-2025,75,909,1179,0,94,20,0,Stockout,0
INVT003718,PO003718,P0029,WH005,23-07-2026,464,523,221,766,236,45,47935613.58,Normal,3.3
INVT003719,PO003719,P0013,WH008,14-09-2025,111,561,727,0,440,231,0,Stockout,0
INVT003720,PO003720,P0232,WH008,29-10-2025,213,818,938,93,293,69,3129476.04,Reorder,0.46
INVT003721,PO003721,P0224,WH008,28-07-2026,441,629,187,883,187,112,32452960.81,Normal,4.34
INVT003722,PO003722,P0058,WH010,17-09-2025,1511,118,154,1475,459,191,12494990.5,Normal,5.09
INVT003723,PO003723,P0141,WH005,25-07-2026,655,712,197,1170,230,103,25906374,Overstock,5.04
INVT003724,PO003724,P0032,WH009,02-05-2026,427,92,23,496,237,188,9012682.08,Normal,1.85
INVT003725,PO003725,P0292,WH005,09-06-2026,1077,358,3,1432,355,98,90746112.08,Normal,6.16
INVT003726,PO003726,P0061,WH010,12-11-2025,1,660,459,202,232,52,7553915.24,Reorder,0.7
INVT003727,PO003727,P0086,WH009,02-05-2026,326,960,268,1018,442,229,44468693.38,Normal,3.8
INVT003728,PO003728,P0008,WH009,09-08-2025,37,570,279,328,81,100,21733447.28,Normal,1.23
INVT003729,PO003729,P0238,WH010,27-02-2025,352,308,107,553,179,171,25537744.61,Normal,1.91
INVT003730,PO003730,P0296,WH005,29-12-2025,915,295,363,847,422,228,33398700.72,Normal,3.65
INVT003731,PO003731,P0120,WH005,30-01-2026,52,60,25,87,236,214,7120815.15,Reorder,0.37
INVT003732,PO003732,P0167,WH008,07-12-2025,464,197,172,489,451,169,8877604.29,Normal,2.4
INVT003733,PO003733,P0018,WH007,18-05-2026,634,761,561,834,357,159,27359461.74,Normal,14.46
INVT003734,PO003734,P0036,WH009,28-09-2025,215,518,434,299,499,189,22441720.08,Reorder,1.12
INVT003735,PO003735,P0094,WH005,10-11-2025,2,937,824,115,216,65,3112170.25,Reorder,0.49
INVT003736,PO003736,P0293,WH010,24-10-2025,656,68,13,711,212,211,36368233.02,Normal,2.46
INVT003737,PO003737,P0232,WH008,10-02-2026,332,941,1096,177,293,69,6067779.48,Reorder,0.87
INVT003738,PO003738,P0129,WH008,22-05-2025,34,506,462,78,126,140,1585800.06,Reorder,0.38
INVT003739,PO003739,P0172,WH008,10-02-2026,580,445,340,685,170,34,304537.3,Normal,3.37
INVT003740,PO003740,P0260,WH008,11-12-2025,538,233,10,761,341,72,21401679.1,Normal,3.74
INVT003741,PO003741,P0084,WH005,26-04-2026,934,440,231,1143,239,88,45202701.06,Normal,4.92
INVT003742,PO003742,P0145,WH005,24-01-2025,92,705,636,161,30,79,11358896.15,Overstock,0.69
INVT003743,PO003743,P0036,WH005,01-04-2026,1117,680,113,1684,499,189,139444142,Normal,7.25
INVT003744,PO003744,P0249,WH009,06-08-2025,885,857,349,1393,257,96,15837393.11,Overstock,5.21
INVT003745,PO003745,P0037,WH005,05-04-2026,604,603,9,1198,344,50,43253610.3,Normal,5.16
INVT003746,PO003746,P0045,WH007,06-06-2025,1166,698,960,904,388,79,42223598.08,Normal,15.68
INVT003747,PO003747,P0124,WH006,06-03-2026,1542,38,54,1526,411,167,99094228.24,Normal,7.35
INVT003748,PO003748,P0084,WH005,25-12-2025,312,174,10,476,239,88,16904640.2,Normal,2.05
INVT003749,PO003749,P0009,WH009,30-01-2026,1458,111,61,1508,435,127,62972074.36,Normal,5.64
INVT003750,PO003750,P0296,WH005,02-07-2025,1403,388,473,1318,422,228,52960508.64,Normal,5.67
INVT003751,PO003751,P0064,WH009,21-06-2025,239,72,38,273,499,106,21453347.37,Reorder,1.02
INVT003752,PO003752,P0159,WH006,15-05-2025,207,146,185,168,290,206,4620737.52,Reorder,0.81
INVT003753,PO003753,P0054,WH010,12-09-2025,456,412,535,333,114,156,14243988.42,Normal,1.15
INVT003754,PO003754,P0238,WH007,19-01-2025,666,818,307,1177,179,171,57945028.24,Overstock,20.41
INVT003755,PO003755,P0049,WH006,21-05-2025,1273,479,251,1501,495,201,39873494.62,Normal,7.23
INVT003756,PO003756,P0211,WH010,28-03-2025,480,734,357,857,173,144,35362348.15,Normal,2.96
INVT003757,PO003757,P0122,WH010,18-04-2026,434,621,412,643,208,225,29384379.84,Normal,2.22
INVT003758,PO003758,P0251,WH008,31-12-2025,158,441,65,534,184,38,19611406.32,Normal,2.63
INVT003759,PO003759,P0150,WH007,08-07-2025,260,857,57,1060,80,75,64437071.4,Overstock,18.38
INVT003760,PO003760,P0003,WH009,11-01-2025,376,993,753,616,234,143,46718524.16,Normal,2.3
INVT003761,PO003761,P0261,WH005,29-01-2025,91,542,733,0,132,180,0,Stockout,0
INVT003762,PO003762,P0002,WH007,16-08-2025,57,645,923,0,301,86,0,Stockout,0
INVT003763,PO003763,P0234,WH010,21-07-2025,478,607,633,452,150,113,11154993.88,Normal,1.56
INVT003764,PO003764,P0198,WH010,29-11-2025,50,210,261,0,38,223,0,Stockout,0
INVT003765,PO003765,P0268,WH009,30-05-2026,619,822,382,1059,208,247,22072186.32,Overstock,3.96
INVT003766,PO003766,P0233,WH006,25-02-2026,46,572,227,391,59,136,13119660.92,Overstock,1.88
INVT003767,PO003767,P0247,WH009,05-08-2025,260,726,91,895,303,118,28274562.55,Normal,3.35
INVT003768,PO003768,P0057,WH006,09-01-2026,83,897,244,736,45,53,32359697.28,Overstock,3.54
INVT003769,PO003769,P0101,WH009,23-03-2025,14,406,569,0,36,204,0,Stockout,0
INVT003770,PO003770,P0155,WH006,06-05-2025,305,842,1070,77,338,157,3409408.31,Reorder,0.37
INVT003771,PO003771,P0252,WH007,06-04-2026,2,719,804,0,413,213,0,Stockout,0
INVT003772,PO003772,P0207,WH007,14-08-2025,10,168,200,0,32,142,0,Stockout,0
INVT003773,PO003773,P0234,WH005,11-04-2026,174,584,161,597,150,113,15110446.11,Normal,2.57
INVT003774,PO003774,P0260,WH009,24-10-2025,221,44,61,204,341,72,6533183.64,Reorder,0.76
INVT003775,PO003775,P0079,WH005,24-02-2026,45,716,662,99,63,108,4482741.78,Normal,0.43
INVT003776,PO003776,P0028,WH006,11-05-2025,21,923,297,647,29,232,9200242.95,Overstock,3.12
INVT003777,PO003777,P0287,WH007,18-12-2025,370,723,154,939,254,99,75019057.5,Normal,16.28
INVT003778,PO003778,P0250,WH010,15-06-2026,1203,99,129,1173,485,23,66222735.51,Normal,4.05
INVT003779,PO003779,P0259,WH005,04-07-2025,191,493,530,154,70,12,13449603.86,Normal,0.66
INVT003780,PO003780,P0158,WH010,21-03-2026,688,727,547,868,298,222,32782615.32,Normal,3
INVT003781,PO003781,P0019,WH009,17-08-2025,389,359,369,379,417,37,17065987.21,Reorder,1.42
INVT003782,PO003782,P0218,WH005,09-06-2026,49,135,191,0,52,176,0,Stockout,0
INVT003783,PO003783,P0065,WH005,11-01-2026,950,279,196,1033,390,19,45646431.26,Normal,4.45
INVT003784,PO003784,P0164,WH006,13-04-2025,767,855,797,825,419,83,71092461,Normal,3.97
INVT003785,PO003785,P0047,WH008,09-11-2025,23,106,16,113,224,237,9337187.74,Reorder,0.56
INVT003786,PO003786,P0044,WH010,03-04-2026,292,723,583,432,177,19,21894649.92,Normal,1.49
INVT003787,PO003787,P0143,WH008,25-03-2026,75,895,92,878,36,230,74891942.52,Overstock,4.32
INVT003788,PO003788,P0237,WH007,27-07-2026,675,386,279,782,290,24,19211902.3,Normal,13.56
INVT003789,PO003789,P0185,WH010,26-05-2026,415,653,246,822,166,111,42348601.56,Normal,2.84
INVT003790,PO003790,P0136,WH005,22-06-2025,958,402,372,988,441,74,37029686.72,Normal,4.25
INVT003791,PO003791,P0235,WH009,19-07-2026,1012,886,344,1554,300,200,84231974.82,Overstock,5.81
INVT003792,PO003792,P0286,WH005,11-04-2025,904,327,368,863,421,85,49751975.89,Normal,3.71
INVT003793,PO003793,P0027,WH005,13-02-2026,139,512,596,55,495,214,3497709.05,Reorder,0.24
INVT003794,PO003794,P0143,WH007,23-01-2025,113,815,390,538,36,230,44662053.86,Overstock,9.33
INVT003795,PO003795,P0083,WH007,09-02-2025,590,481,548,523,435,180,31238371.6,Normal,9.07
INVT003796,PO003796,P0147,WH007,08-02-2025,1195,890,141,1944,335,66,149284736.6,Overstock,33.71
INVT003797,PO003797,P0138,WH007,12-09-2025,527,593,571,549,183,201,31820720.76,Normal,9.52
INVT003798,PO003798,P0288,WH009,22-05-2025,145,192,9,328,42,71,10457915.92,Overstock,1.23
INVT003799,PO003799,P0194,WH006,06-09-2025,387,506,497,396,145,42,26301021.12,Normal,1.91
INVT003800,PO003800,P0059,WH006,05-06-2026,124,225,81,268,460,48,15995111,Reorder,1.29
INVT003801,PO003801,P0014,WH005,14-06-2025,22,31,18,35,31,150,886480,Normal,0.15
INVT003802,PO003802,P0220,WH005,11-12-2025,72,520,355,237,30,160,21022134.63,Overstock,1.02
INVT003803,PO003803,P0235,WH010,11-05-2025,455,831,626,660,300,200,36324822.6,Normal,2.28
INVT003804,PO003804,P0143,WH008,02-06-2025,45,890,628,307,36,230,27361451.75,Overstock,1.51
INVT003805,PO003805,P0262,WH005,04-08-2026,606,262,97,771,159,57,50822022.42,Normal,3.32
INVT003806,PO003806,P0253,WH010,19-03-2025,407,195,105,497,310,246,38495313.92,Normal,1.72
INVT003807,PO003807,P0007,WH005,09-05-2025,337,660,662,335,194,82,19033661.5,Normal,1.44
INVT003808,PO003808,P0232,WH008,20-02-2026,628,995,667,956,293,69,34839689.64,Normal,4.7
INVT003809,PO003809,P0187,WH006,27-04-2026,258,711,954,15,114,24,599066.55,Reorder,0.07
INVT003810,PO003810,P0277,WH007,30-07-2026,23,816,1118,0,33,25,0,Stockout,0
INVT003811,PO003811,P0023,WH010,01-02-2025,956,452,568,840,301,65,17074167.6,Normal,2.9
INVT003812,PO003812,P0274,WH005,09-07-2026,1261,488,219,1530,321,164,126243513,Normal,6.58
INVT003813,PO003813,P0042,WH010,07-07-2025,126,361,367,120,131,24,7742716.8,Reorder,0.41
INVT003814,PO003814,P0282,WH009,10-01-2025,222,956,6,1172,246,248,52743691.8,Normal,4.38
INVT003815,PO003815,P0021,WH007,26-03-2025,574,889,1136,327,254,131,9564622.47,Normal,5.67
INVT003816,PO003816,P0275,WH010,15-04-2026,113,517,546,84,361,144,2850876.84,Reorder,0.29
INVT003817,PO003817,P0125,WH008,10-09-2025,155,53,38,170,177,14,2062683.1,Reorder,0.84
INVT003818,PO003818,P0040,WH010,14-07-2025,407,783,384,806,191,99,31131008.48,Normal,2.78
INVT003819,PO003819,P0189,WH009,31-01-2026,254,228,200,282,72,109,12975936.72,Normal,1.05
INVT003820,PO003820,P0188,WH009,08-08-2025,1099,302,190,1211,324,165,2494357.25,Normal,4.53
INVT003821,PO003821,P0072,WH005,16-07-2026,687,276,135,828,290,216,5754831.84,Normal,3.56
INVT003822,PO003822,P0111,WH007,14-04-2026,127,750,652,225,40,62,3358671.75,Overstock,3.9
INVT003823,PO003823,P0264,WH008,27-01-2025,219,863,29,1053,126,166,15859970.1,Overstock,5.18
INVT003824,PO003824,P0173,WH006,04-05-2025,1213,538,789,962,340,55,31742344.4,Normal,4.63
INVT003825,PO003825,P0030,WH007,15-09-2025,91,872,1152,0,258,168,0,Stockout,0
INVT003826,PO003826,P0284,WH007,04-12-2025,618,827,856,589,318,224,20231042.68,Normal,10.21
INVT003827,PO003827,P0102,WH006,28-05-2026,483,392,15,860,209,117,42675702.6,Normal,4.14
INVT003828,PO003828,P0053,WH010,31-03-2025,59,406,124,341,53,166,11393205.56,Overstock,1.18
INVT003829,PO003829,P0218,WH008,08-03-2026,45,800,964,0,52,176,0,Stockout,0
INVT003830,PO003830,P0195,WH007,01-02-2025,204,657,567,294,97,205,15245234.76,Normal,5.1
INVT003831,PO003831,P0293,WH006,01-02-2026,709,671,121,1259,212,211,62319329.13,Overstock,6.06
INVT003832,PO003832,P0196,WH010,06-11-2025,224,380,101,503,236,215,36979961.43,Normal,1.74
INVT003833,PO003833,P0213,WH008,16-07-2025,186,45,39,192,76,205,11793381.12,Normal,0.94
INVT003834,PO003834,P0105,WH007,12-11-2025,460,864,901,423,175,213,4498046.64,Normal,7.33
INVT003835,PO003835,P0100,WH005,23-05-2025,935,30,2,963,311,64,736425.36,Normal,4.14
INVT003836,PO003836,P0179,WH008,10-12-2025,260,354,377,237,128,245,1852015.17,Normal,1.17
INVT003837,PO003837,P0008,WH008,26-01-2026,28,246,177,97,81,100,6402843.9,Normal,0.48
INVT003838,PO003838,P0137,WH007,05-03-2026,696,798,744,750,180,28,12579165,Normal,13.01
INVT003839,PO003839,P0227,WH009,20-07-2026,388,945,1363,0,109,237,0,Stockout,0
INVT003840,PO003840,P0049,WH007,12-03-2025,1458,167,174,1451,495,201,37524804.34,Normal,25.16
INVT003841,PO003841,P0186,WH009,13-05-2025,328,263,36,555,147,34,32918370.9,Normal,2.07
INVT003842,PO003842,P0144,WH005,02-11-2025,341,903,391,853,391,246,37657271.58,Normal,3.67
INVT003843,PO003843,P0088,WH010,03-11-2025,1121,940,399,1662,384,57,34337086.2,Normal,5.74
INVT003844,PO003844,P0004,WH007,24-02-2026,1147,667,835,979,310,85,71485277.93,Normal,16.98
INVT003845,PO003845,P0280,WH010,24-02-2025,168,915,1283,0,269,158,0,Stockout,0
INVT003846,PO003846,P0001,WH010,29-03-2026,1101,557,207,1451,364,114,70115932.99,Normal,5.01
INVT003847,PO003847,P0265,WH007,26-12-2025,368,377,182,563,167,227,15661235.61,Normal,9.76
INVT003848,PO003848,P0272,WH009,21-04-2026,106,151,117,140,133,17,9886168.6,Normal,0.52
INVT003849,PO003849,P0183,WH009,23-07-2025,1389,405,293,1501,482,121,97759319.46,Normal,5.61
INVT003850,PO003850,P0142,WH006,13-06-2025,1116,348,71,1393,301,101,68341415.8,Normal,6.71
INVT003851,PO003851,P0030,WH008,19-07-2026,904,525,169,1260,258,168,91682022.6,Normal,6.2
INVT003852,PO003852,P0064,WH010,06-02-2026,769,680,286,1163,499,106,88540085.51,Normal,4.02
INVT003853,PO003853,P0024,WH006,21-06-2025,940,615,170,1385,413,147,36244300.45,Normal,6.67
INVT003854,PO003854,P0246,WH008,03-10-2025,102,809,340,571,213,207,41472363.81,Normal,2.81
INVT003855,PO003855,P0245,WH005,30-05-2026,334,255,29,560,190,168,30688912.8,Normal,2.41
INVT003856,PO003856,P0064,WH006,21-09-2025,389,91,9,471,499,106,37350902.88,Reorder,2.27
INVT003857,PO003857,P0196,WH008,15-09-2025,163,39,44,158,236,215,10955099.06,Reorder,0.78
INVT003858,PO003858,P0068,WH009,02-03-2025,1216,176,63,1329,409,202,7076220.63,Normal,4.97
INVT003859,PO003859,P0034,WH009,16-02-2025,209,586,306,489,108,45,21307568.64,Normal,1.83
INVT003860,PO003860,P0094,WH007,27-01-2025,428,95,79,444,216,65,11679748.56,Normal,7.7
INVT003861,PO003861,P0041,WH008,07-03-2025,75,730,170,635,372,143,22249155.4,Normal,3.12
INVT003862,PO003862,P0269,WH009,11-08-2025,644,770,65,1349,252,243,109292742.4,Overstock,5.04
INVT003863,PO003863,P0004,WH007,17-06-2025,254,944,510,688,310,85,45254108.16,Normal,11.93
INVT003864,PO003864,P0086,WH006,22-05-2025,1306,20,26,1300,442,229,52306137,Normal,6.26
INVT003865,PO003865,P0204,WH005,17-02-2025,737,305,35,1007,309,156,72290455.58,Normal,4.33
INVT003866,PO003866,P0284,WH006,09-02-2025,1058,354,454,958,318,224,34147823.78,Normal,4.61
INVT003867,PO003867,P0024,WH009,11-01-2025,789,433,617,605,413,147,18221008.85,Normal,2.26
INVT003868,PO003868,P0050,WH007,12-11-2025,555,33,35,553,162,116,22792752.15,Normal,9.59
INVT003869,PO003869,P0264,WH007,21-11-2025,5,596,796,0,126,166,0,Stockout,0
INVT003870,PO003870,P0220,WH005,15-03-2026,93,246,285,54,30,160,4327279.2,Normal,0.23
INVT003871,PO003871,P0002,WH008,05-05-2026,64,62,78,48,301,86,3552987.36,Reorder,0.24
INVT003872,PO003872,P0255,WH008,05-10-2025,173,933,936,170,163,172,7474129.9,Normal,0.84
INVT003873,PO003873,P0069,WH007,08-03-2025,1059,657,876,840,302,96,34619096.4,Normal,14.57
INVT003874,PO003874,P0250,WH010,17-04-2026,1464,448,105,1807,485,23,113156291.6,Normal,6.24
INVT003875,PO003875,P0227,WH005,25-06-2025,214,147,54,307,109,237,8191254.27,Normal,1.32
INVT003876,PO003876,P0081,WH008,23-05-2025,403,322,203,522,211,168,16306815.42,Normal,2.57
INVT003877,PO003877,P0106,WH009,08-10-2025,744,309,419,634,213,184,11622488,Normal,2.37
INVT003878,PO003878,P0294,WH007,16-09-2025,1224,520,455,1289,481,19,55750139.41,Normal,22.35
INVT003879,PO003879,P0165,WH005,12-01-2026,879,894,82,1691,491,224,87312333.05,Normal,7.28
INVT003880,PO003880,P0020,WH006,02-04-2025,21,708,51,678,28,180,43487394.6,Overstock,3.27
INVT003881,PO003881,P0009,WH008,19-11-2025,1264,739,914,1089,435,127,45993860.55,Normal,5.35
INVT003882,PO003882,P0063,WH009,22-07-2025,1750,229,294,1685,443,35,54015185.65,Normal,6.3
INVT003883,PO003883,P0044,WH005,18-08-2025,32,880,341,571,177,19,28911026.17,Normal,2.46
INVT003884,PO003884,P0270,WH010,01-08-2026,518,421,540,399,429,112,29015084.49,Reorder,1.38
INVT003885,PO003885,P0125,WH010,07-07-2025,121,693,600,214,177,14,2757449.92,Normal,0.74
INVT003886,PO003886,P0198,WH005,07-03-2025,121,139,111,149,38,223,10979218.47,Normal,0.64
INVT003887,PO003887,P0183,WH009,20-05-2025,1167,552,152,1567,482,121,97585128.71,Normal,5.86
INVT003888,PO003888,P0239,WH007,25-12-2025,1039,853,724,1168,338,96,63093713.12,Normal,20.25
INVT003889,PO003889,P0087,WH005,23-07-2025,645,719,915,449,237,242,35606826.99,Normal,1.93
INVT003890,PO003890,P0164,WH008,14-06-2026,568,649,534,683,419,83,55859325.75,Normal,3.36
INVT003891,PO003891,P0071,WH008,02-07-2026,9,263,246,26,368,103,860024.36,Reorder,0.13
INVT003892,PO003892,P0224,WH009,22-11-2025,528,357,103,782,187,112,27825937.28,Normal,2.92
INVT003893,PO003893,P0195,WH005,25-06-2026,76,538,82,532,97,205,32351483.92,Overstock,2.29
INVT003894,PO003894,P0224,WH006,27-06-2025,571,633,221,983,187,112,33205740,Overstock,4.73
INVT003895,PO003895,P0043,WH007,13-04-2025,254,129,109,274,466,119,6221397.42,Reorder,4.75
INVT003896,PO003896,P0212,WH006,08-04-2026,580,165,149,596,167,225,49202952.84,Normal,2.87
INVT003897,PO003897,P0175,WH010,15-11-2025,764,577,608,733,455,79,5678433.72,Normal,2.53
INVT003898,PO003898,P0082,WH010,11-01-2026,129,99,77,151,151,103,8999963.91,Normal,0.52
INVT003899,PO003899,P0016,WH008,04-07-2026,11,467,29,449,38,195,39592038.74,Overstock,2.21
INVT003900,PO003900,P0032,WH010,18-06-2025,103,308,140,271,237,188,5224809.54,Normal,0.94
INVT003901,PO003901,P0240,WH010,21-01-2025,1151,211,18,1344,378,29,104555633.3,Normal,4.64
INVT003902,PO003902,P0008,WH006,02-06-2026,317,39,47,309,81,100,19782856.71,Normal,1.49
INVT003903,PO003903,P0141,WH008,29-10-2025,760,933,228,1465,230,103,34169249.8,Overstock,7.2
INVT003904,PO003904,P0287,WH007,02-05-2026,97,111,120,88,254,99,6417268,Reorder,1.53
INVT003905,PO003905,P0278,WH007,02-02-2025,1826,887,786,1927,495,236,40140797.44,Normal,33.41
INVT003906,PO003906,P0185,WH008,25-10-2025,472,347,108,711,166,111,35992782.36,Normal,3.5
INVT003907,PO003907,P0118,WH009,24-02-2025,463,262,306,419,460,187,35979911.29,Reorder,1.57
INVT003908,PO003908,P0032,WH010,27-05-2026,771,293,388,676,237,188,12763305.88,Normal,2.33
INVT003909,PO003909,P0140,WH006,12-11-2025,1702,272,148,1826,462,58,129143119.6,Normal,8.79
INVT003910,PO003910,P0237,WH008,06-09-2025,611,947,738,820,290,24,19211230.6,Normal,4.03
INVT003911,PO003911,P0023,WH010,05-08-2025,269,837,1013,93,301,65,1962099.12,Reorder,0.32
INVT003912,PO003912,P0086,WH008,15-05-2025,1151,584,782,953,442,229,38574819.25,Normal,4.69
INVT003913,PO003913,P0164,WH007,04-07-2026,932,934,355,1511,419,83,113030007.5,Normal,26.2
INVT003914,PO003914,P0012,WH006,18-01-2026,844,453,635,662,307,35,54856908.04,Normal,3.19
INVT003915,PO003915,P0067,WH010,08-05-2026,123,72,7,188,217,184,8679035.04,Reorder,0.65
INVT003916,PO003916,P0023,WH007,18-07-2026,563,299,295,567,301,65,10815122.43,Normal,9.83
INVT003917,PO003917,P0200,WH006,20-06-2025,1429,732,632,1529,422,173,135052655.8,Normal,7.36
INVT003918,PO003918,P0066,WH010,12-07-2025,714,263,317,660,379,91,32852457,Normal,2.28
INVT003919,PO003919,P0106,WH008,02-08-2025,98,262,112,248,213,184,4287285.12,Normal,1.22
INVT003920,PO003920,P0216,WH008,25-10-2025,406,367,492,281,430,35,14359035.37,Reorder,1.38
INVT003921,PO003921,P0068,WH009,07-02-2025,679,764,618,825,409,202,4491918.75,Normal,3.08
INVT003922,PO003922,P0265,WH009,14-03-2026,577,516,346,747,167,227,21847815.27,Normal,2.79
INVT003923,PO003923,P0033,WH010,03-02-2025,498,507,281,724,441,103,33137233.84,Normal,2.5
INVT003924,PO003924,P0130,WH008,06-01-2025,399,295,425,269,173,58,7646631.66,Normal,1.32
INVT003925,PO003925,P0082,WH007,07-05-2025,592,296,233,655,151,103,36642684.65,Normal,11.36
INVT003926,PO003926,P0116,WH007,24-02-2026,48,634,899,0,51,95,0,Stockout,0
INVT003927,PO003927,P0259,WH009,25-04-2026,184,442,342,284,70,12,25591330.88,Normal,1.06
INVT003928,PO003928,P0005,WH008,16-01-2026,572,82,60,594,145,104,21135024.9,Normal,2.92
INVT003929,PO003929,P0266,WH006,30-03-2026,1045,505,4,1546,470,103,121472837.6,Normal,7.45
INVT003930,PO003930,P0017,WH007,25-05-2026,695,865,620,940,419,65,66211165.4,Normal,16.3
INVT003931,PO003931,P0228,WH007,22-07-2025,1064,367,267,1164,351,11,91828425.6,Normal,20.18
INVT003932,PO003932,P0228,WH008,12-05-2025,993,722,893,822,351,11,63583253.58,Normal,4.04
INVT003933,PO003933,P0079,WH005,01-10-2025,110,301,235,176,63,108,8745380.16,Normal,0.76
INVT003934,PO003934,P0274,WH007,12-10-2025,917,252,108,1061,321,164,85135934.42,Normal,18.4
INVT003935,PO003935,P0036,WH010,01-08-2026,1122,297,360,1059,499,189,88282814.88,Normal,3.66
INVT003936,PO003936,P0146,WH006,18-02-2026,198,99,94,203,52,166,14204728.09,Normal,0.98
INVT003937,PO003937,P0105,WH010,12-04-2026,259,499,365,393,175,213,4050002.55,Normal,1.36
INVT003938,PO003938,P0118,WH008,03-08-2026,1235,978,17,2196,460,187,182087796.2,Normal,10.8
INVT003939,PO003939,P0061,WH007,26-10-2025,386,465,256,595,232,52,23321566.45,Normal,10.32
INVT003940,PO003940,P0064,WH008,23-03-2025,1237,342,213,1366,499,106,113712601.7,Normal,6.72
INVT003941,PO003941,P0155,WH008,24-11-2025,870,760,563,1067,338,157,44240359.46,Normal,5.25
INVT003942,PO003942,P0160,WH007,04-01-2025,579,843,939,483,173,173,20612971.68,Normal,8.38
INVT003943,PO003943,P0175,WH010,06-06-2026,462,320,373,409,455,79,2832447.7,Reorder,1.41
INVT003944,PO003944,P0241,WH005,11-09-2025,786,605,277,1114,252,138,29081682.96,Normal,4.79
INVT003945,PO003945,P0225,WH009,01-02-2025,683,772,963,492,347,132,38992500.6,Normal,1.84
INVT003946,PO003946,P0296,WH006,25-11-2025,135,802,30,907,422,228,36434162.79,Normal,4.37
INVT003947,PO003947,P0041,WH010,16-05-2026,1170,292,258,1204,372,143,39451058.64,Normal,4.16
INVT003948,PO003948,P0015,WH005,27-04-2025,1130,332,332,1130,340,128,84548622.7,Normal,4.86
INVT003949,PO003949,P0154,WH005,20-06-2025,1263,215,296,1182,404,23,36130418.58,Normal,5.09
INVT003950,PO003950,P0251,WH007,12-08-2025,726,232,28,930,184,38,38780423.4,Overstock,16.13
INVT003951,PO003951,P0289,WH009,25-05-2025,61,331,131,261,22,220,8706688.56,Overstock,0.98
INVT003952,PO003952,P0244,WH010,15-03-2025,9,206,79,136,54,42,2017153.36,Normal,0.47
INVT003953,PO003953,P0006,WH010,23-06-2026,305,984,1114,175,205,68,11249365.75,Reorder,0.6
INVT003954,PO003954,P0119,WH007,09-04-2026,436,946,1262,120,226,66,273756,Reorder,2.08
INVT003955,PO003955,P0035,WH010,26-01-2026,475,688,300,863,489,155,50657185.22,Normal,2.98
INVT003956,PO003956,P0218,WH005,23-12-2025,125,275,0,400,52,176,18618928,Overstock,1.72
INVT003957,PO003957,P0129,WH009,10-07-2025,232,393,80,545,126,140,10577834.15,Normal,2.04
INVT003958,PO003958,P0003,WH008,24-10-2025,125,422,19,528,234,143,40332832.32,Normal,2.6
INVT003959,PO003959,P0031,WH008,06-05-2025,1483,795,928,1350,378,181,18297630,Normal,6.64
INVT003960,PO003960,P0202,WH007,03-03-2025,38,576,814,0,297,174,0,Stockout,0
INVT003961,PO003961,P0203,WH005,11-02-2025,207,289,406,90,63,71,1807681.5,Normal,0.39
INVT003962,PO003962,P0105,WH007,25-10-2025,33,543,74,502,175,213,6058562.7,Normal,8.7
INVT003963,PO003963,P0016,WH005,07-03-2026,57,562,324,295,38,195,23288565.55,Overstock,1.27
INVT003964,PO003964,P0037,WH006,15-03-2026,536,620,225,931,344,50,31042593.68,Normal,4.48
INVT003965,PO003965,P0184,WH005,07-12-2025,115,592,365,342,157,106,23585869.26,Normal,1.47
INVT003966,PO003966,P0116,WH006,19-05-2025,80,346,146,280,51,95,19599482,Overstock,1.35
INVT003967,PO003967,P0039,WH010,15-04-2025,22,402,57,367,67,207,5683523.48,Overstock,1.27
INVT003968,PO003968,P0170,WH009,13-08-2025,308,110,160,258,210,177,15236120.34,Normal,0.96
INVT003969,PO003969,P0208,WH007,09-03-2026,484,144,194,434,159,116,14622466.88,Normal,7.53
INVT003970,PO003970,P0217,WH005,07-05-2025,329,575,211,693,394,47,45652927.32,Normal,2.98
INVT003971,PO003971,P0154,WH007,01-12-2025,1007,709,699,1017,404,23,30351744.63,Normal,17.63
INVT003972,PO003972,P0229,WH009,27-07-2025,812,171,47,936,220,105,6363171.36,Normal,3.5
INVT003973,PO003973,P0223,WH008,25-01-2026,195,780,101,874,362,20,2080338.5,Normal,4.3
INVT003974,PO003974,P0290,WH005,31-05-2026,104,560,747,0,95,201,0,Stockout,0
INVT003975,PO003975,P0251,WH010,24-07-2026,223,183,27,379,184,38,13975238.42,Normal,1.31
INVT003976,PO003976,P0029,WH008,09-05-2026,3,402,292,113,236,45,6441176.28,Reorder,0.56
INVT003977,PO003977,P0255,WH009,18-01-2025,101,418,90,429,163,172,19514935.44,Normal,1.6
INVT003978,PO003978,P0277,WH010,17-05-2025,75,285,82,278,33,25,23661055.38,Overstock,0.96
INVT003979,PO003979,P0201,WH006,12-06-2025,60,765,831,0,47,245,0,Stockout,0
INVT003980,PO003980,P0025,WH010,09-08-2025,89,696,713,72,417,19,1017226.08,Reorder,0.25
INVT003981,PO003981,P0005,WH005,10-03-2026,150,124,139,135,145,104,5031443.25,Reorder,0.58
INVT003982,PO003982,P0075,WH010,04-02-2025,174,194,14,354,105,160,8763464.7,Normal,1.22
INVT003983,PO003983,P0261,WH006,27-03-2026,100,239,323,16,132,180,113629.6,Reorder,0.08
INVT003984,PO003984,P0146,WH005,08-02-2025,117,388,468,37,52,166,2581992.09,Reorder,0.16
INVT003985,PO003985,P0108,WH010,14-11-2025,110,169,7,272,217,213,10793400.64,Normal,0.94
INVT003986,PO003986,P0165,WH006,22-07-2025,363,682,570,475,491,224,26781787.25,Reorder,2.29
INVT003987,PO003987,P0148,WH009,03-12-2025,85,840,786,139,247,48,7349903,Reorder,0.52
INVT003988,PO003988,P0057,WH008,06-07-2026,120,216,321,15,45,53,649201.35,Reorder,0.07
INVT003989,PO003989,P0004,WH007,24-07-2025,413,734,16,1131,310,85,70406378.64,Normal,19.61
INVT003990,PO003990,P0122,WH007,28-07-2026,720,126,124,722,208,225,38864393.6,Normal,12.52
INVT003991,PO003991,P0126,WH008,06-03-2026,422,824,1222,24,226,14,1504206,Reorder,0.12
INVT003992,PO003992,P0238,WH005,07-08-2025,626,178,98,706,179,171,34235606.16,Normal,3.04
INVT003993,PO003993,P0259,WH007,25-02-2025,276,445,510,211,70,12,18462928.33,Normal,3.66
INVT003994,PO003994,P0123,WH008,01-05-2025,158,308,410,56,308,180,2367144.64,Reorder,0.28
INVT003995,PO003995,P0292,WH010,18-06-2026,813,423,281,955,355,98,65619081.4,Normal,3.3
INVT003996,PO003996,P0123,WH009,08-06-2026,754,232,69,917,308,180,45011770.3,Normal,3.43
INVT003997,PO003997,P0284,WH008,29-09-2025,175,179,208,146,318,224,5630027.18,Reorder,0.72
INVT003998,PO003998,P0032,WH006,05-05-2026,166,435,595,6,237,188,110444.7,Reorder,0.03
INVT003999,PO003999,P0230,WH010,17-01-2025,5,119,151,0,346,159,0,Stockout,0
INVT004000,PO004000,P0028,WH006,28-11-2025,101,113,92,122,29,232,1862276.32,Normal,0.59
INVT004001,PO004001,P0249,WH006,06-10-2025,135,479,513,101,257,96,1118685.09,Reorder,0.49
INVT004002,PO004002,P0101,WH005,29-08-2025,130,833,167,796,36,204,41959110.2,Overstock,3.43
INVT004003,PO004003,P0042,WH005,23-07-2025,260,975,365,870,131,24,55696373.4,Overstock,3.74
INVT004004,PO004004,P0274,WH008,03-08-2025,603,588,871,320,321,164,28712742.4,Reorder,1.57
INVT004005,PO004005,P0143,WH006,11-03-2025,140,98,106,132,36,230,11128203.24,Normal,0.64
INVT004006,PO004006,P0175,WH010,24-01-2026,1319,761,1038,1042,455,79,6791182.9,Normal,3.6
INVT004007,PO004007,P0146,WH006,17-03-2025,6,64,84,0,52,166,0,Stockout,0
INVT004008,PO004008,P0162,WH008,02-05-2025,710,157,114,753,216,189,48536934.24,Normal,3.7
INVT004009,PO004009,P0265,WH010,09-12-2025,259,886,1086,59,167,227,1674199.93,Reorder,0.2
INVT004010,PO004010,P0291,WH005,28-01-2025,403,742,198,947,329,249,73764358.49,Normal,4.08
INVT004011,PO004011,P0128,WH009,14-05-2025,1428,62,83,1407,404,136,44534659.47,Normal,5.26
INVT004012,PO004012,P0202,WH005,16-12-2025,64,772,551,285,297,174,8319429.3,Reorder,1.23
INVT004013,PO004013,P0064,WH006,21-07-2025,550,858,429,979,499,106,72390950.83,Normal,4.72
INVT004014,PO004014,P0278,WH006,09-03-2026,306,592,447,451,495,236,9239041.68,Reorder,2.17
INVT004015,PO004015,P0108,WH006,28-07-2025,56,904,218,742,217,213,27478226.3,Normal,3.57
INVT004016,PO004016,P0066,WH005,06-02-2025,1396,539,597,1338,379,91,58858954.5,Normal,5.76
INVT004017,PO004017,P0296,WH006,03-10-2025,1451,16,23,1444,422,228,52872680.92,Normal,6.96
INVT004018,PO004018,P0086,WH007,26-07-2025,1722,401,161,1962,442,229,87982436.88,Normal,34.02
INVT004019,PO004019,P0167,WH010,11-03-2025,245,695,382,558,451,169,9920391.84,Normal,1.93
INVT004020,PO004020,P0068,WH006,08-10-2025,433,330,364,399,409,202,1897101.36,Reorder,1.92
INVT004021,PO004021,P0243,WH009,21-09-2025,1189,311,427,1073,377,159,875911.36,Normal,4.01
INVT004022,PO004022,P0008,WH007,17-03-2026,166,626,263,529,81,100,31530330.85,Overstock,9.17
INVT004023,PO004023,P0293,WH006,02-06-2025,344,317,168,493,212,211,21989964.27,Normal,2.37
INVT004024,PO004024,P0118,WH010,12-06-2025,1674,730,67,2337,460,187,189824764.7,Overstock,8.07
INVT004025,PO004025,P0147,WH005,24-10-2025,694,260,379,575,335,66,45692582,Normal,2.47
INVT004026,PO004026,P0138,WH007,20-01-2025,9,606,224,391,183,201,21944527.01,Normal,6.78
INVT004027,PO004027,P0158,WH010,13-03-2025,665,407,431,641,298,222,23725627.86,Normal,2.21
INVT004028,PO004028,P0129,WH007,11-05-2026,403,798,1068,133,126,140,2705515.26,Normal,2.31
INVT004029,PO004029,P0143,WH010,02-08-2025,47,398,39,406,36,230,35449922.48,Overstock,1.4
INVT004030,PO004030,P0115,WH005,23-05-2026,303,838,1206,0,150,154,0,Stockout,0
INVT004031,PO004031,P0159,WH009,24-12-2025,62,752,853,0,290,206,0,Stockout,0
INVT004032,PO004032,P0163,WH010,22-02-2026,735,938,1076,597,201,83,29275602.42,Normal,2.06
INVT004033,PO004033,P0152,WH006,17-01-2026,1082,907,925,1064,360,101,29684770.08,Normal,5.12
INVT004034,PO004034,P0134,WH010,14-11-2025,879,131,116,894,245,14,14391701.4,Normal,3.09
INVT004035,PO004035,P0221,WH005,19-04-2025,305,754,176,883,187,23,42654886.74,Normal,3.8
INVT004036,PO004036,P0176,WH007,15-11-2025,585,576,415,746,174,94,24281449.56,Normal,12.94
INVT004037,PO004037,P0089,WH008,12-06-2025,76,232,109,199,390,162,6850294.41,Reorder,0.98
INVT004038,PO004038,P0124,WH009,11-01-2026,421,336,312,445,411,167,29216239.15,Normal,1.66
INVT004039,PO004039,P0117,WH010,17-01-2025,1003,979,1258,724,490,224,39622029.44,Normal,2.5
INVT004040,PO004040,P0144,WH006,07-05-2025,854,16,17,853,391,246,35618396.86,Normal,4.11
INVT004041,PO004041,P0091,WH005,19-08-2025,327,479,694,112,382,83,4148156.32,Reorder,0.48
INVT004042,PO004042,P0143,WH007,07-07-2025,74,77,10,141,36,230,10513491.57,Normal,2.44
INVT004043,PO004043,P0153,WH005,17-08-2025,650,49,42,657,441,216,18170576.73,Normal,2.83
INVT004044,PO004044,P0019,WH009,08-03-2026,1130,619,75,1674,417,37,69517001.52,Normal,6.26
INVT004045,PO004045,P0180,WH007,16-10-2025,71,203,214,60,306,39,2049813,Reorder,1.04
INVT004046,PO004046,P0149,WH010,19-03-2025,1235,193,224,1204,487,100,53702228.72,Normal,4.16
INVT004047,PO004047,P0244,WH010,29-08-2025,175,51,46,180,54,42,2465139.6,Normal,0.62
INVT004048,PO004048,P0206,WH010,07-12-2025,44,694,961,0,441,100,0,Stockout,0
INVT004049,PO004049,P0276,WH007,10-04-2025,1228,735,1101,862,382,193,74503168.58,Normal,14.95
INVT004050,PO004050,P0209,WH009,17-10-2025,385,591,708,268,236,35,21405285.96,Normal,1
INVT004051,PO004051,P0222,WH005,23-09-2025,745,470,409,806,372,47,69762975.36,Normal,3.47
INVT004052,PO004052,P0045,WH010,08-04-2025,708,65,79,694,388,79,34426119.84,Normal,2.4
INVT004053,PO004053,P0214,WH010,20-02-2025,64,993,293,764,124,156,18114401.8,Overstock,2.64
INVT004054,PO004054,P0113,WH009,17-07-2025,190,106,106,190,63,183,10683962.2,Normal,0.71
INVT004055,PO004055,P0137,WH008,31-12-2025,664,68,46,686,180,28,11110730.4,Normal,3.37
INVT004056,PO004056,P0056,WH007,01-10-2025,500,544,322,722,455,211,28214056.08,Normal,12.52
INVT004057,PO004057,P0098,WH005,17-04-2026,828,105,100,833,256,35,17845567.25,Normal,3.58
INVT004058,PO004058,P0116,WH008,31-12-2025,68,269,144,193,51,95,13633319.28,Normal,0.95
INVT004059,PO004059,P0091,WH005,14-03-2026,778,587,29,1336,382,83,43444488.88,Normal,5.75
INVT004060,PO004060,P0220,WH007,09-12-2025,54,304,407,0,30,160,0,Stockout,0
INVT004061,PO004061,P0019,WH005,15-06-2026,745,689,630,804,417,37,33067611.48,Normal,3.46
INVT004062,PO004062,P0193,WH006,14-03-2025,1727,12,17,1722,470,163,43672451.34,Normal,8.29
INVT004063,PO004063,P0170,WH010,13-02-2025,210,530,42,698,210,177,49390256.64,Normal,2.41
INVT004064,PO004064,P0268,WH010,12-02-2025,703,796,1106,393,208,247,9304499.01,Normal,1.36
INVT004065,PO004065,P0065,WH010,09-08-2025,979,743,441,1281,390,19,57410974.11,Normal,4.42
INVT004066,PO004066,P0143,WH007,01-03-2025,35,623,806,0,36,230,0,Stockout,0
INVT004067,PO004067,P0232,WH009,03-01-2026,1124,922,117,1929,293,69,65903474.82,Overstock,7.21
INVT004068,PO004068,P0059,WH008,17-05-2026,1725,179,234,1670,460,48,101272507.4,Normal,8.21
INVT004069,PO004069,P0077,WH008,02-05-2025,95,438,624,0,173,144,0,Stockout,0
INVT004070,PO004070,P0057,WH006,21-08-2025,99,515,399,215,45,53,9121951.2,Normal,1.04
INVT004071,PO004071,P0194,WH009,12-01-2025,129,108,11,226,145,42,15654158.94,Normal,0.84
INVT004072,PO004072,P0135,WH006,13-02-2026,125,284,229,180,182,127,13008790.8,Reorder,0.87
INVT004073,PO004073,P0194,WH009,05-06-2026,286,853,408,731,145,42,51670245.23,Overstock,2.73
INVT004074,PO004074,P0151,WH005,25-08-2025,1499,220,145,1574,390,115,11466873.32,Normal,6.77
INVT004075,PO004075,P0045,WH007,04-07-2026,424,963,1199,188,388,79,8244204.2,Reorder,3.26
INVT004076,PO004076,P0195,WH006,06-05-2025,338,630,332,636,97,205,35270562.96,Overstock,3.06
INVT004077,PO004077,P0229,WH006,05-03-2025,697,340,230,807,220,105,6295681.38,Normal,3.89
INVT004078,PO004078,P0289,WH010,08-02-2026,25,600,338,287,22,220,10749447.24,Overstock,0.99
INVT004079,PO004079,P0246,WH007,23-09-2025,501,522,769,254,213,207,20048296.2,Normal,4.4
INVT004080,PO004080,P0140,WH006,04-02-2025,520,781,1143,158,462,58,10735147.26,Reorder,0.76
INVT004081,PO004081,P0284,WH010,23-01-2025,876,397,346,927,318,224,32228675.28,Normal,3.2
INVT004082,PO004082,P0278,WH009,10-05-2025,1282,751,787,1246,495,236,27419874.72,Normal,4.66
INVT004083,PO004083,P0267,WH007,19-07-2026,617,818,1192,243,309,30,2523686.22,Reorder,4.21
INVT004084,PO004084,P0073,WH010,27-01-2026,432,558,101,889,216,72,30064842.08,Normal,3.07
INVT004085,PO004085,P0166,WH006,23-10-2025,253,466,527,192,209,166,3960520.32,Reorder,0.92
INVT004086,PO004086,P0006,WH006,01-11-2025,515,292,140,667,205,68,42721663.49,Normal,3.21
INVT004087,PO004087,P0275,WH010,03-04-2026,672,391,442,621,361,144,22188404.52,Normal,2.15
INVT004088,PO004088,P0041,WH008,23-09-2025,1033,718,66,1685,372,143,57348722.25,Normal,8.28
INVT004089,PO004089,P0013,WH006,06-01-2026,665,197,128,734,440,231,11318375.42,Normal,3.54
INVT004090,PO004090,P0022,WH006,25-05-2026,1178,252,26,1404,356,116,84868612.92,Normal,6.76
INVT004091,PO004091,P0012,WH008,29-11-2025,47,559,676,0,307,35,0,Stockout,0
INVT004092,PO004092,P0041,WH008,25-02-2026,1049,677,42,1684,372,143,58952276.36,Normal,8.28
INVT004093,PO004093,P0300,WH009,18-07-2026,44,543,401,186,213,163,479050.44,Reorder,0.7
INVT004094,PO004094,P0061,WH005,13-07-2026,96,986,996,86,232,52,3677337.64,Reorder,0.37
INVT004095,PO004095,P0283,WH007,13-07-2025,870,318,47,1141,321,33,55707887.34,Normal,19.78
INVT004096,PO004096,P0227,WH007,11-04-2025,268,634,390,512,109,237,14292070.4,Normal,8.88
INVT004097,PO004097,P0278,WH005,07-07-2026,1119,259,23,1355,495,236,27592041.15,Normal,5.83
INVT004098,PO004098,P0068,WH006,09-06-2026,760,554,506,808,409,202,4390138.72,Normal,3.89
INVT004099,PO004099,P0202,WH006,24-01-2026,142,509,110,541,297,174,15778151.39,Normal,2.61
INVT004100,PO004100,P0182,WH006,16-05-2025,1035,698,914,819,293,195,18664838.01,Normal,3.94
INVT004101,PO004101,P0109,WH010,28-09-2025,216,374,422,168,373,189,9900903.6,Reorder,0.58
INVT004102,PO004102,P0033,WH005,24-05-2025,14,122,37,99,441,103,4119855.3,Reorder,0.43
INVT004103,PO004103,P0061,WH010,27-06-2025,556,331,228,659,232,52,28591723.27,Normal,2.28
INVT004104,PO004104,P0244,WH007,26-07-2026,184,107,117,174,54,42,2435987.82,Normal,3.02
INVT004105,PO004105,P0064,WH007,02-03-2026,596,916,951,561,499,106,43668127.8,Normal,9.73
INVT004106,PO004106,P0021,WH009,17-05-2026,439,573,203,809,254,131,20482901.11,Normal,3.02
INVT004107,PO004107,P0251,WH009,28-10-2025,551,729,408,872,184,38,36714365.36,Normal,3.26
INVT004108,PO004108,P0123,WH008,16-11-2025,191,551,180,562,308,180,24314963.72,Normal,2.76
INVT004109,PO004109,P0173,WH006,11-09-2025,508,244,308,444,340,55,15054756.84,Normal,2.14
INVT004110,PO004110,P0165,WH006,20-07-2025,512,788,1002,298,491,224,15121631.54,Reorder,1.44
INVT004111,PO004111,P0116,WH005,18-06-2025,86,660,298,448,51,95,33054376.32,Overstock,1.93
INVT004112,PO004112,P0192,WH008,09-08-2025,504,44,57,491,215,162,24105222.74,Normal,2.41
INVT004113,PO004113,P0161,WH007,23-03-2026,141,382,525,0,40,242,0,Stockout,0
INVT004114,PO004114,P0135,WH005,28-03-2026,516,774,242,1048,182,127,72153510.96,Overstock,4.51
INVT004115,PO004115,P0262,WH008,02-04-2026,389,476,671,194,159,57,14395799.1,Normal,0.95
INVT004116,PO004116,P0244,WH007,13-12-2025,197,27,37,187,54,42,2933414.77,Normal,3.24
INVT004117,PO004117,P0048,WH005,23-01-2025,912,416,283,1045,370,99,86725072.5,Normal,4.5
INVT004118,PO004118,P0110,WH006,11-05-2026,522,690,800,412,228,116,7292441.2,Normal,1.98
INVT004119,PO004119,P0194,WH007,02-04-2026,162,480,556,86,145,42,6717720.58,Reorder,1.49
INVT004120,PO004120,P0219,WH008,02-01-2026,1207,353,409,1151,311,33,96720555.76,Normal,5.66
INVT004121,PO004121,P0293,WH006,05-05-2026,548,809,1206,151,212,211,7509938.19,Reorder,0.73
INVT004122,PO004122,P0225,WH008,09-05-2026,184,12,6,190,347,132,12439505.2,Reorder,0.93
INVT004123,PO004123,P0086,WH009,18-06-2026,1737,202,106,1833,442,229,81896771.97,Normal,6.85
INVT004124,PO004124,P0064,WH010,30-08-2025,1122,302,393,1031,499,106,84661956.85,Normal,3.56
INVT004125,PO004125,P0164,WH007,30-12-2025,1241,533,796,978,419,83,72054032.64,Normal,16.96
INVT004126,PO004126,P0029,WH007,14-04-2025,565,887,468,984,236,45,52166327.04,Normal,17.06
INVT004127,PO004127,P0099,WH006,03-01-2025,601,755,853,503,256,250,30414639.44,Normal,2.42
INVT004128,PO004128,P0092,WH005,23-12-2025,369,975,1235,109,369,36,2021963.08,Reorder,0.47
INVT004129,PO004129,P0046,WH005,04-04-2026,1701,49,21,1729,486,202,80337518.17,Normal,7.44
INVT004130,PO004130,P0284,WH009,21-07-2025,996,425,146,1275,318,224,48717227.25,Normal,4.77
INVT004131,PO004131,P0204,WH005,23-03-2025,445,733,745,433,309,156,31044852.96,Normal,1.86
INVT004132,PO004132,P0137,WH007,14-02-2025,9,425,196,238,180,28,3849047.86,Normal,4.13
INVT004133,PO004133,P0141,WH006,07-03-2026,361,860,816,405,230,103,10368433.35,Normal,1.95
INVT004134,PO004134,P0073,WH009,11-10-2025,12,517,394,135,216,72,3876506.1,Reorder,0.5
INVT004135,PO004135,P0066,WH005,27-05-2025,384,551,572,363,379,91,17087194.08,Reorder,1.56
INVT004136,PO004136,P0128,WH010,23-05-2025,874,826,706,994,404,136,29397887.96,Normal,3.43
INVT004137,PO004137,P0180,WH009,04-08-2025,978,488,86,1380,306,39,44706397.2,Normal,5.16
INVT004138,PO004138,P0080,WH009,10-07-2025,949,990,22,1917,332,36,84256022.34,Overstock,7.16
INVT004139,PO004139,P0027,WH009,27-04-2025,737,871,1123,485,495,214,28688734.55,Reorder,1.81
INVT004140,PO004140,P0024,WH009,15-08-2025,496,739,63,1172,413,147,33777262.68,Normal,4.38
INVT004141,PO004141,P0061,WH006,21-01-2025,805,63,80,788,232,52,30263526.12,Normal,3.8
INVT004142,PO004142,P0119,WH007,05-03-2025,710,939,1175,474,226,66,1215250.68,Normal,8.22
INVT004143,PO004143,P0097,WH005,09-03-2025,574,913,465,1022,197,84,70693048.16,Overstock,4.4
INVT004144,PO004144,P0190,WH006,28-05-2025,224,472,73,623,238,85,42479529.12,Normal,3
INVT004145,PO004145,P0267,WH006,22-01-2026,250,43,58,235,309,30,2555747.2,Reorder,1.13
INVT004146,PO004146,P0128,WH010,28-10-2025,209,476,500,185,404,136,5991208.35,Reorder,0.64
INVT004147,PO004147,P0261,WH007,02-10-2025,286,142,151,277,132,180,1829585,Normal,4.8
INVT004148,PO004148,P0028,WH009,07-04-2025,65,898,173,790,29,232,11542263.4,Overstock,2.95
INVT004149,PO004149,P0026,WH008,05-02-2025,507,24,30,501,171,23,40080506.01,Normal,2.46
INVT004150,PO004150,P0075,WH010,14-08-2025,273,140,5,408,105,160,9069831.84,Normal,1.41
INVT004151,PO004151,P0139,WH010,18-05-2026,23,933,853,103,42,232,6469342.45,Normal,0.36
INVT004152,PO004152,P0253,WH007,24-05-2026,287,161,136,312,310,246,23274582.24,Normal,5.41
INVT004153,PO004153,P0105,WH007,24-01-2026,465,84,66,483,175,213,5039433.63,Normal,8.38
INVT004154,PO004154,P0268,WH008,31-03-2026,126,428,572,0,208,247,0,Stockout,0
INVT004155,PO004155,P0122,WH007,26-11-2025,341,939,599,681,208,225,35191676.07,Normal,11.81
INVT004156,PO004156,P0203,WH009,17-04-2026,210,667,803,74,63,71,1610824.6,Normal,0.28
INVT004157,PO004157,P0253,WH008,08-01-2025,394,431,97,728,310,246,56337736,Normal,3.58
INVT004158,PO004158,P0124,WH007,27-03-2026,964,149,27,1086,411,167,81120127.5,Normal,18.83
INVT004159,PO004159,P0168,WH005,24-01-2026,153,744,380,517,156,80,42818720.67,Normal,2.22
INVT004160,PO004160,P0245,WH010,05-12-2025,675,371,389,657,190,168,34122273.93,Normal,2.27
INVT004161,PO004161,P0103,WH010,17-03-2025,238,989,561,666,161,185,14341510.8,Normal,2.3
INVT004162,PO004162,P0239,WH009,10-07-2026,400,50,45,405,338,96,21943475.1,Normal,1.51
INVT004163,PO004163,P0233,WH009,20-07-2025,214,664,440,438,59,136,15347301,Overstock,1.64
INVT004164,PO004164,P0010,WH010,22-01-2025,264,381,280,365,380,29,3661917.25,Reorder,1.26
INVT004165,PO004165,P0295,WH009,05-03-2025,1021,66,18,1069,261,18,74506467.15,Normal,4
INVT004166,PO004166,P0252,WH010,18-08-2025,1201,673,669,1205,413,213,1451470.7,Normal,4.16
INVT004167,PO004167,P0247,WH009,24-05-2026,180,110,92,198,303,118,6484444.56,Reorder,0.74
INVT004168,PO004168,P0036,WH007,11-11-2025,1043,167,188,1022,499,189,77119210.42,Normal,17.72
INVT004169,PO004169,P0207,WH008,07-07-2026,7,295,434,0,32,142,0,Stockout,0
INVT004170,PO004170,P0189,WH010,02-09-2025,202,850,1050,2,72,109,97475.62,Reorder,0.01
INVT004171,PO004171,P0241,WH005,20-01-2025,282,610,361,531,252,138,13713340.5,Normal,2.29
INVT004172,PO004172,P0258,WH006,15-04-2026,11,821,136,696,331,246,19236911.04,Normal,3.35
INVT004173,PO004173,P0118,WH006,04-10-2025,493,670,878,285,460,187,20373065.4,Reorder,1.37
INVT004174,PO004174,P0261,WH005,15-10-2025,116,50,65,101,132,180,705031.51,Reorder,0.43
INVT004175,PO004175,P0149,WH010,11-02-2025,1012,139,166,985,487,100,45542460,Normal,3.4
INVT004176,PO004176,P0030,WH007,29-04-2025,122,394,147,369,258,168,27968524.74,Normal,6.4
INVT004177,PO004177,P0197,WH006,13-01-2025,5,964,563,406,223,17,9297789.76,Normal,1.96
INVT004178,PO004178,P0117,WH010,01-04-2026,1822,455,542,1735,490,224,85294786.1,Normal,5.99
INVT004179,PO004179,P0122,WH006,27-05-2026,578,604,304,878,208,225,47392455.72,Normal,4.23
INVT004180,PO004180,P0070,WH008,15-01-2026,1049,541,653,937,306,185,64177706.75,Normal,4.61
INVT004181,PO004181,P0087,WH009,28-01-2025,264,126,179,211,237,242,17949637.07,Reorder,0.79
INVT004182,PO004182,P0018,WH008,08-08-2025,537,380,173,744,357,159,23330039.52,Normal,3.66
INVT004183,PO004183,P0134,WH010,08-07-2026,542,947,55,1434,245,14,22057085.34,Overstock,4.95
INVT004184,PO004184,P0225,WH008,24-01-2025,1314,54,76,1292,347,132,91144463,Normal,6.35
INVT004185,PO004185,P0270,WH006,04-11-2025,435,256,131,560,429,112,42829925.6,Normal,2.7
INVT004186,PO004186,P0035,WH005,19-08-2025,1289,906,1104,1091,489,155,55571568.76,Normal,4.7
INVT004187,PO004187,P0003,WH005,06-06-2026,332,487,329,490,234,143,35404112.1,Normal,2.11
INVT004188,PO004188,P0074,WH005,03-10-2025,290,640,723,207,87,78,10468598.58,Normal,0.89
INVT004189,PO004189,P0012,WH005,07-01-2025,1078,780,731,1127,307,35,97693104.67,Normal,4.85
INVT004190,PO004190,P0056,WH007,29-09-2025,596,130,136,590,455,211,26200206.7,Normal,10.23
INVT004191,PO004191,P0283,WH007,01-06-2025,249,467,662,54,321,33,2888558.28,Reorder,0.94
INVT004192,PO004192,P0125,WH005,30-03-2025,644,57,62,639,177,14,6951994.11,Normal,2.75
INVT004193,PO004193,P0092,WH005,10-07-2026,786,182,231,737,369,36,14713423.78,Normal,3.17
INVT004194,PO004194,P0080,WH008,17-12-2025,986,385,270,1101,332,36,41497042.32,Normal,5.41
INVT004195,PO004195,P0256,WH007,27-07-2025,100,91,133,58,29,170,2922617.68,Normal,1.01
INVT004196,PO004196,P0149,WH009,05-04-2025,1441,481,533,1389,487,100,61406120.43,Normal,5.19
INVT004197,PO004197,P0054,WH005,14-03-2026,304,557,647,214,114,156,9671717.16,Normal,0.92
INVT004198,PO004198,P0079,WH010,21-10-2025,209,315,274,250,63,108,12331315,Normal,0.86
INVT004199,PO004199,P0230,WH009,27-12-2025,433,460,350,543,346,159,27207921.81,Normal,2.03
INVT004200,PO004200,P0076,WH008,06-05-2025,279,797,41,1035,315,60,72636714,Normal,5.09
INVT004201,PO004201,P0179,WH009,09-04-2025,363,830,1233,0,128,245,0,Stockout,0
INVT004202,PO004202,P0047,WH009,28-01-2025,109,819,198,730,224,237,57678526.4,Normal,2.73
INVT004203,PO004203,P0291,WH010,03-01-2025,245,220,204,261,329,249,22621016.16,Reorder,0.9
INVT004204,PO004204,P0152,WH005,24-11-2025,849,793,1026,616,360,101,16416929.76,Normal,2.65
INVT004205,PO004205,P0205,WH009,21-12-2025,1688,706,454,1940,480,72,46866132,Normal,7.25
INVT004206,PO004206,P0240,WH009,29-03-2026,1394,160,95,1459,378,29,123750410.4,Normal,5.45
INVT004207,PO004207,P0210,WH008,30-01-2026,526,813,932,407,136,236,29381578.27,Normal,2
INVT004208,PO004208,P0279,WH006,01-08-2025,287,914,1138,63,138,52,4583557.44,Reorder,0.3
INVT004209,PO004209,P0281,WH008,30-06-2026,51,939,596,394,94,20,21418537.38,Normal,1.94
INVT004210,PO004210,P0270,WH007,25-02-2026,1654,684,350,1988,429,112,126924118.4,Normal,34.47
INVT004211,PO004211,P0088,WH006,13-07-2026,438,508,492,454,384,57,9812460.9,Normal,2.19
INVT004212,PO004212,P0154,WH007,24-01-2026,495,15,0,510,404,23,16380435,Normal,8.84
INVT004213,PO004213,P0186,WH008,19-05-2026,56,764,259,561,147,34,35169589.29,Normal,2.76
INVT004214,PO004214,P0121,WH005,24-01-2025,290,33,44,279,119,200,4743404.55,Normal,1.2
INVT004215,PO004215,P0267,WH007,01-03-2025,532,192,55,669,309,30,7806734.94,Normal,11.6
INVT004216,PO004216,P0045,WH006,25-01-2026,494,741,401,834,388,79,43773916.14,Normal,4.02
INVT004217,PO004217,P0096,WH006,04-01-2026,487,832,789,530,303,232,23067571.6,Normal,2.55
INVT004218,PO004218,P0265,WH008,05-05-2025,261,883,642,502,167,227,13764393.22,Normal,2.47
INVT004219,PO004219,P0164,WH007,26-09-2025,253,188,231,210,419,83,17608338.3,Reorder,3.64
INVT004220,PO004220,P0122,WH005,10-02-2026,216,843,133,926,208,225,43967396.74,Normal,3.99
INVT004221,PO004221,P0201,WH010,27-01-2026,42,805,813,34,47,245,2627575.42,Reorder,0.12
INVT004222,PO004222,P0273,WH008,25-01-2025,686,72,40,718,217,132,50012526.94,Normal,3.53
INVT004223,PO004223,P0289,WH007,03-02-2025,77,229,319,0,22,220,0,Stockout,0
INVT004224,PO004224,P0152,WH005,14-06-2026,945,131,165,911,360,101,26208677.43,Normal,3.92
INVT004225,PO004225,P0054,WH009,20-05-2025,411,258,266,403,114,156,17090528.78,Normal,1.51
INVT004226,PO004226,P0254,WH007,15-02-2025,44,670,910,0,193,239,0,Stockout,0
INVT004227,PO004227,P0125,WH010,16-06-2025,432,229,288,373,177,14,4161396.88,Normal,1.29
INVT004228,PO004228,P0193,WH006,04-06-2026,761,407,318,850,470,163,22655092.5,Normal,4.09
INVT004229,PO004229,P0144,WH009,13-07-2026,1202,258,328,1132,391,246,55360097.76,Normal,4.23
INVT004230,PO004230,P0183,WH009,17-04-2026,964,194,1,1157,482,121,81032114.8,Normal,4.32
INVT004231,PO004231,P0081,WH005,02-07-2026,577,826,845,558,211,168,15628865.76,Normal,2.4
INVT004232,PO004232,P0225,WH006,20-05-2026,511,674,680,505,347,132,34820861,Normal,2.43
INVT004233,PO004233,P0281,WH006,04-08-2026,376,993,343,1026,94,20,63161996.4,Overstock,4.94
INVT004234,PO004234,P0060,WH006,08-02-2025,720,238,230,728,311,48,3682558.88,Normal,3.51
INVT004235,PO004235,P0006,WH008,02-08-2026,800,248,245,803,205,68,52675884.58,Normal,3.95
INVT004236,PO004236,P0098,WH010,16-02-2025,671,859,288,1242,256,35,22808435.76,Normal,4.29
INVT004237,PO004237,P0007,WH010,19-09-2025,373,488,639,222,194,82,12174799.68,Normal,0.77
INVT004238,PO004238,P0011,WH006,25-07-2026,289,747,247,789,348,26,44037025.08,Normal,3.8
INVT004239,PO004239,P0244,WH006,01-03-2026,31,41,43,29,54,42,389385.32,Reorder,0.14
INVT004240,PO004240,P0145,WH007,09-01-2026,58,82,54,86,30,79,5698890.62,Normal,1.49
INVT004241,PO004241,P0089,WH010,13-05-2025,1238,635,813,1060,390,162,31598928.6,Normal,3.66
INVT004242,PO004242,P0273,WH005,07-08-2025,10,980,1386,0,217,132,0,Stockout,0
INVT004243,PO004243,P0128,WH006,29-08-2025,52,747,445,354,404,136,11827387.8,Reorder,1.71
INVT004244,PO004244,P0147,WH006,11-09-2025,1182,600,731,1051,335,66,79600154.54,Normal,5.06
INVT004245,PO004245,P0283,WH008,01-05-2026,956,693,636,1013,321,33,52703665.03,Normal,4.98
INVT004246,PO004246,P0238,WH008,03-11-2025,91,627,412,306,179,171,14193577.44,Normal,1.5
INVT004247,PO004247,P0016,WH006,13-11-2025,18,482,180,320,38,195,24958960,Overstock,1.54
INVT004248,PO004248,P0130,WH006,10-03-2026,36,775,595,216,173,58,5724682.56,Normal,1.04
INVT004249,PO004249,P0234,WH010,01-01-2025,71,583,138,516,150,113,13115842.8,Normal,1.78
INVT004250,PO004250,P0202,WH009,22-04-2026,178,874,1017,35,297,174,1177891.4,Reorder,0.13
INVT004251,PO004251,P0096,WH005,30-09-2025,206,138,34,310,303,232,13155838.9,Normal,1.33
INVT004252,PO004252,P0118,WH009,29-07-2025,1524,788,808,1504,460,187,129080228.5,Normal,5.62
INVT004253,PO004253,P0138,WH005,10-03-2026,250,809,555,504,183,201,29879191.44,Normal,2.17
INVT004254,PO004254,P0074,WH009,01-12-2025,216,970,1410,0,87,78,0,Stockout,0
INVT004255,PO004255,P0292,WH008,14-03-2025,567,788,85,1270,355,98,82328512,Normal,6.24
INVT004256,PO004256,P0092,WH006,03-12-2025,984,713,170,1527,369,36,30120487.29,Normal,7.35
INVT004257,PO004257,P0249,WH005,20-02-2025,286,797,459,624,257,96,7028012.16,Normal,2.69
INVT004258,PO004258,P0283,WH007,23-05-2026,374,178,114,438,321,33,24593879.58,Normal,7.59
INVT004259,PO004259,P0208,WH007,08-03-2025,608,592,213,987,159,116,32368319.55,Overstock,17.11
INVT004260,PO004260,P0003,WH005,29-07-2026,591,386,328,649,234,143,56940670.49,Normal,2.79
INVT004261,PO004261,P0125,WH009,16-08-2025,397,996,847,546,177,14,6521369.4,Normal,2.04
INVT004262,PO004262,P0208,WH010,07-05-2025,357,866,206,1017,159,116,29129280.12,Overstock,3.51
INVT004263,PO004263,P0254,WH005,21-03-2026,693,998,1381,310,193,239,21726827.4,Normal,1.33
INVT004264,PO004264,P0157,WH010,07-07-2026,983,915,214,1684,432,85,30580598,Normal,5.82
INVT004265,PO004265,P0126,WH008,20-07-2025,143,734,299,578,226,14,34192861.6,Normal,2.84
INVT004266,PO004266,P0209,WH009,16-06-2025,71,193,249,15,236,35,1157648.85,Reorder,0.06
INVT004267,PO004267,P0089,WH006,26-06-2026,962,100,136,926,390,162,29192001.84,Normal,4.46
INVT004268,PO004268,P0181,WH010,09-12-2025,20,582,562,40,31,180,127020.8,Normal,0.14
INVT004269,PO004269,P0215,WH005,15-01-2025,266,158,129,295,86,75,10594237.65,Normal,1.27
INVT004270,PO004270,P0166,WH006,02-03-2025,769,822,745,846,209,166,15252263.28,Normal,4.07
INVT004271,PO004271,P0174,WH008,11-07-2026,1471,502,752,1221,391,52,97879108.47,Normal,6
INVT004272,PO004272,P0240,WH008,07-04-2026,974,810,342,1442,378,29,118816488.4,Normal,7.09
INVT004273,PO004273,P0137,WH008,25-03-2025,376,666,523,519,180,28,8834469.9,Normal,2.55
INVT004274,PO004274,P0082,WH006,19-03-2025,78,85,103,60,151,103,3012114,Reorder,0.29
INVT004275,PO004275,P0287,WH010,20-10-2025,79,692,691,80,254,99,5526868.8,Reorder,0.28
INVT004276,PO004276,P0012,WH005,10-05-2026,468,334,500,302,307,35,25550465.38,Reorder,1.3
INVT004277,PO004277,P0044,WH008,11-04-2026,126,989,118,997,177,19,57218188.92,Overstock,4.9
INVT004278,PO004278,P0024,WH006,16-05-2026,146,438,175,409,413,147,11096284.52,Reorder,1.97
INVT004279,PO004279,P0137,WH008,18-11-2025,194,873,726,341,180,28,5989583.16,Normal,1.68
INVT004280,PO004280,P0126,WH006,21-04-2026,861,530,148,1243,226,14,70845903.7,Overstock,5.99
INVT004281,PO004281,P0006,WH009,16-05-2025,25,847,777,95,205,68,6366916.15,Reorder,0.36
INVT004282,PO004282,P0209,WH010,11-08-2025,113,381,20,474,236,35,36863174.34,Normal,1.64
INVT004283,PO004283,P0135,WH005,09-04-2026,118,896,380,634,182,127,45835816.16,Normal,2.73
INVT004284,PO004284,P0230,WH005,20-02-2025,706,486,726,466,346,159,26536150.98,Normal,2.01
INVT004285,PO004285,P0163,WH005,31-01-2025,460,464,269,655,201,83,36144249.3,Normal,2.82
INVT004286,PO004286,P0242,WH009,18-08-2025,814,926,106,1634,228,88,17629732.54,Overstock,6.11
INVT004287,PO004287,P0285,WH008,03-05-2026,211,296,256,251,165,178,16604583.72,Normal,1.23
INVT004288,PO004288,P0275,WH007,16-01-2025,673,357,36,994,361,144,35622803.02,Normal,17.24
INVT004289,PO004289,P0257,WH008,11-05-2026,458,521,646,333,336,211,20784061.8,Reorder,1.64
INVT004290,PO004290,P0233,WH005,01-06-2026,184,108,139,153,59,136,5321112.03,Normal,0.66
INVT004291,PO004291,P0112,WH005,04-06-2026,1004,959,1352,611,439,184,13120326.83,Normal,2.63
INVT004292,PO004292,P0143,WH008,05-07-2026,144,153,60,237,36,230,21281798.94,Overstock,1.17
INVT004293,PO004293,P0099,WH009,01-05-2025,286,420,166,540,256,250,32617117.8,Normal,2.02
INVT004294,PO004294,P0285,WH008,25-06-2025,219,663,193,689,165,178,47877576.5,Normal,3.39
INVT004295,PO004295,P0148,WH006,12-02-2025,750,658,682,726,247,48,38443282.68,Normal,3.5
INVT004296,PO004296,P0284,WH007,06-08-2025,1159,969,950,1178,318,224,40411160.42,Normal,20.43
INVT004297,PO004297,P0288,WH010,04-10-2025,96,727,928,0,42,71,0,Stockout,0
INVT004298,PO004298,P0029,WH007,21-02-2026,728,924,458,1194,236,45,66173271,Overstock,20.7
INVT004299,PO004299,P0021,WH006,03-12-2025,255,352,220,387,254,131,10924901.64,Normal,1.86
INVT004300,PO004300,P0010,WH010,23-02-2025,444,151,197,398,380,29,3358881.2,Normal,1.37
INVT004301,PO004301,P0106,WH008,20-04-2026,602,864,380,1086,213,184,18888667.68,Overstock,5.34
INVT004302,PO004302,P0034,WH007,14-08-2025,88,901,281,708,108,45,28849973.4,Overstock,12.28
INVT004303,PO004303,P0209,WH009,17-03-2026,308,110,98,320,236,35,25902665.6,Normal,1.2
INVT004304,PO004304,P0133,WH010,15-11-2025,58,393,503,0,118,125,0,Stockout,0
INVT004305,PO004305,P0086,WH007,04-06-2026,722,923,339,1306,442,229,60784426.64,Normal,22.65
INVT004306,PO004306,P0254,WH008,12-02-2026,756,401,535,622,193,239,41271180.36,Normal,3.06
INVT004307,PO004307,P0241,WH005,29-05-2025,901,637,216,1322,252,138,33832187.74,Overstock,5.69
INVT004308,PO004308,P0039,WH008,17-04-2025,107,646,231,522,67,207,8280094.5,Overstock,2.57
INVT004309,PO004309,P0115,WH009,21-09-2025,445,656,537,564,150,154,15779981.16,Normal,2.11
INVT004310,PO004310,P0206,WH010,30-03-2026,1669,95,107,1657,441,100,120991058,Normal,5.72
INVT004311,PO004311,P0006,WH010,08-12-2025,8,470,492,0,205,68,0,Stockout,0
INVT004312,PO004312,P0203,WH005,31-05-2025,131,646,284,493,63,71,9943035.99,Overstock,2.12
INVT004313,PO004313,P0207,WH005,12-12-2025,111,860,173,798,32,142,26448074.1,Overstock,3.43
INVT004314,PO004314,P0221,WH005,30-12-2025,34,907,35,906,187,23,46609704.54,Normal,3.9
INVT004315,PO004315,P0138,WH005,29-07-2026,19,724,799,0,183,201,0,Stockout,0
INVT004316,PO004316,P0263,WH009,25-11-2025,253,584,821,16,72,247,1111608.96,Reorder,0.06
INVT004317,PO004317,P0151,WH008,28-12-2025,241,663,912,0,390,115,0,Stockout,0
INVT004318,PO004318,P0122,WH006,15-01-2025,439,122,176,385,208,225,19552259.65,Normal,1.85
INVT004319,PO004319,P0032,WH008,17-05-2025,304,361,392,273,237,188,4361603.61,Normal,1.34
INVT004320,PO004320,P0186,WH007,13-11-2025,570,158,48,680,147,34,43841735.2,Normal,11.79
INVT004321,PO004321,P0124,WH006,14-06-2025,1141,890,1119,912,411,167,59599236.48,Normal,4.39
INVT004322,PO004322,P0152,WH005,30-06-2025,498,468,15,951,360,101,30514299.54,Normal,4.09
INVT004323,PO004323,P0014,WH006,03-03-2025,26,513,424,115,31,150,2703995,Normal,0.55
INVT004324,PO004324,P0117,WH005,11-01-2025,1959,861,236,2584,490,224,121091924.8,Overstock,11.12
INVT004325,PO004325,P0240,WH008,13-07-2025,873,566,93,1346,378,29,117097746.6,Normal,6.62
INVT004326,PO004326,P0062,WH007,30-04-2025,73,621,879,0,299,57,0,Stockout,0
INVT004327,PO004327,P0221,WH007,26-09-2025,335,596,686,245,187,23,12710881.75,Normal,4.25
INVT004328,PO004328,P0276,WH006,06-01-2026,1478,905,1319,1064,382,193,85592660.72,Normal,5.12
INVT004329,PO004329,P0249,WH005,23-04-2026,370,535,255,650,257,96,7949526,Normal,2.8
INVT004330,PO004330,P0189,WH005,08-07-2026,20,530,395,155,72,109,8069515.45,Normal,0.67
INVT004331,PO004331,P0219,WH008,02-03-2025,374,164,58,480,311,33,38236300.8,Normal,2.36
INVT004332,PO004332,P0153,WH007,31-05-2026,1431,785,567,1649,441,216,47565751.29,Normal,28.59
INVT004333,PO004333,P0169,WH005,27-04-2026,172,448,118,502,257,169,41650252.26,Normal,2.16
INVT004334,PO004334,P0110,WH008,19-05-2025,708,387,231,864,228,116,16172835.84,Normal,4.25
INVT004335,PO004335,P0051,WH006,05-08-2025,745,202,63,884,387,133,5064957.56,Normal,4.26
INVT004336,PO004336,P0081,WH006,30-01-2026,256,487,682,61,211,168,1759525.48,Reorder,0.29
INVT004337,PO004337,P0286,WH010,20-05-2026,369,85,122,332,421,85,19656830.24,Reorder,1.15
INVT004338,PO004338,P0184,WH010,11-12-2025,190,139,139,190,157,106,14343571.2,Normal,0.66
INVT004339,PO004339,P0032,WH008,23-11-2025,504,413,127,790,237,188,15260738.1,Normal,3.88
INVT004340,PO004340,P0215,WH010,31-07-2025,190,328,254,264,86,75,8335327.44,Normal,0.91
INVT004341,PO004341,P0256,WH005,10-05-2025,33,324,96,261,29,170,13282146.45,Overstock,1.12
INVT004342,PO004342,P0095,WH008,05-05-2025,1512,108,86,1534,393,151,42123593.98,Normal,7.54
INVT004343,PO004343,P0159,WH007,06-11-2025,1013,660,578,1095,290,206,34666834.95,Normal,18.99
INVT004344,PO004344,P0079,WH008,31-07-2026,41,558,756,0,63,108,0,Stockout,0
INVT004345,PO004345,P0211,WH006,15-03-2025,491,577,838,230,173,144,9686410.9,Normal,1.11
INVT004346,PO004346,P0084,WH009,30-05-2026,290,162,144,308,239,88,11096488.48,Normal,1.15
INVT004347,PO004347,P0009,WH006,21-09-2025,1564,825,230,2159,435,127,88789997.68,Normal,10.4
INVT004348,PO004348,P0205,WH007,23-04-2025,1059,39,39,1059,480,72,29799794.04,Normal,18.36
INVT004349,PO004349,P0055,WH010,20-12-2025,848,222,274,796,437,63,25625023.04,Normal,2.75
INVT004350,PO004350,P0174,WH009,09-09-2025,1177,232,253,1156,391,52,89445014.48,Normal,4.32
INVT004351,PO004351,P0203,WH008,26-04-2025,191,354,213,332,63,71,7099810.04,Overstock,1.63
INVT004352,PO004352,P0082,WH010,01-08-2026,433,11,13,431,151,103,21968035.52,Normal,1.49
INVT004353,PO004353,P0030,WH010,15-01-2026,584,58,67,575,258,168,47296550.25,Normal,1.99
INVT004354,PO004354,P0093,WH009,04-02-2026,593,545,425,713,224,216,29048147.62,Normal,2.66
INVT004355,PO004355,P0012,WH009,22-09-2025,1036,382,373,1045,307,35,95162642.85,Normal,3.91
INVT004356,PO004356,P0126,WH006,28-06-2025,104,940,977,67,226,14,3716345.95,Reorder,0.32
INVT004357,PO004357,P0057,WH008,27-09-2025,30,459,292,197,45,53,7878502.8,Normal,0.97
INVT004358,PO004358,P0079,WH007,22-02-2026,203,807,501,509,63,108,26500682.89,Overstock,8.83
INVT004359,PO004359,P0270,WH007,01-05-2026,226,159,231,154,429,112,10580175.76,Reorder,2.67
INVT004360,PO004360,P0076,WH009,09-01-2025,406,140,138,408,315,60,26823898.8,Normal,1.52
INVT004361,PO004361,P0242,WH010,20-05-2026,596,19,1,614,228,88,7174497.9,Normal,2.12
INVT004362,PO004362,P0140,WH007,30-08-2025,659,841,949,551,462,58,37891272.69,Normal,9.55
INVT004363,PO004363,P0280,WH006,01-10-2025,540,423,629,334,269,158,12329984.08,Normal,1.61
INVT004364,PO004364,P0074,WH006,01-01-2026,66,145,170,41,87,78,2251322.3,Reorder,0.2
INVT004365,PO004365,P0008,WH006,19-06-2025,31,474,313,192,81,100,11346142.08,Normal,0.92
INVT004366,PO004366,P0191,WH006,18-09-2025,315,199,234,280,429,204,19789100.8,Reorder,1.35
INVT004367,PO004367,P0188,WH008,21-01-2026,526,543,261,808,324,165,1629881.44,Normal,3.97
INVT004368,PO004368,P0114,WH009,04-11-2025,21,605,279,347,70,236,23148959.9,Normal,1.3
INVT004369,PO004369,P0015,WH008,26-03-2025,370,31,21,380,340,128,29755466.8,Normal,1.87
INVT004370,PO004370,P0276,WH008,10-04-2026,894,876,252,1518,382,193,124553418,Normal,7.46
INVT004371,PO004371,P0151,WH005,04-04-2025,448,463,142,769,390,115,5266688.75,Normal,3.31
INVT004372,PO004372,P0170,WH010,18-04-2026,129,729,753,105,210,177,7460385.45,Reorder,0.36
INVT004373,PO004373,P0129,WH005,21-12-2025,156,863,714,305,126,140,5863094.3,Normal,1.31
INVT004374,PO004374,P0145,WH005,15-06-2026,45,874,443,476,30,79,28894094.88,Overstock,2.05
INVT004375,PO004375,P0038,WH009,14-11-2025,141,575,153,563,339,40,15669590.53,Normal,2.1
INVT004376,PO004376,P0195,WH007,06-12-2025,133,394,502,25,97,205,1417884.25,Reorder,0.43
INVT004377,PO004377,P0142,WH006,14-07-2026,123,500,661,0,301,101,0,Stockout,0
INVT004378,PO004378,P0069,WH005,14-02-2026,1019,187,111,1095,302,96,48056473.05,Normal,4.71
INVT004379,PO004379,P0010,WH006,24-01-2026,903,142,160,885,380,29,8901108.75,Normal,4.26
INVT004380,PO004380,P0026,WH008,09-07-2026,37,99,56,80,171,23,6763146.4,Reorder,0.39
INVT004381,PO004381,P0093,WH006,04-10-2025,66,484,350,200,224,216,8315344,Reorder,0.96
INVT004382,PO004382,P0238,WH006,05-05-2026,194,73,79,188,179,171,9293330.68,Normal,0.91
INVT004383,PO004383,P0190,WH008,29-04-2026,463,583,243,803,238,85,51623272.03,Normal,3.95
INVT004384,PO004384,P0237,WH006,18-09-2025,535,117,59,593,290,24,15998849.43,Normal,2.86
INVT004385,PO004385,P0180,WH009,14-12-2025,20,334,487,0,306,39,0,Stockout,0
INVT004386,PO004386,P0066,WH005,02-10-2025,1023,737,646,1114,379,91,53838517.14,Normal,4.79
INVT004387,PO004387,P0269,WH006,16-03-2025,524,548,299,773,252,243,61317065.5,Normal,3.72
INVT004388,PO004388,P0184,WH008,25-04-2026,280,65,19,326,157,106,26094758.02,Normal,1.6
INVT004389,PO004389,P0217,WH009,25-11-2025,444,813,197,1060,394,47,67202876.4,Normal,3.96
INVT004390,PO004390,P0200,WH005,08-01-2026,207,101,114,194,422,173,14571241.06,Reorder,0.83
INVT004391,PO004391,P0162,WH010,02-08-2026,173,82,54,201,216,189,10816049.19,Reorder,0.69
INVT004392,PO004392,P0255,WH009,19-01-2026,564,685,191,1058,163,172,51528387.64,Overstock,3.95
INVT004393,PO004393,P0061,WH007,23-01-2025,317,381,338,360,232,52,13130654.4,Normal,6.24
INVT004394,PO004394,P0228,WH007,20-03-2025,1001,487,562,926,351,11,76412825.5,Normal,16.06
INVT004395,PO004395,P0104,WH006,19-02-2026,558,700,134,1124,297,48,28864769.6,Normal,5.41
INVT004396,PO004396,P0029,WH007,12-05-2025,323,952,692,583,236,45,36430818.82,Normal,10.11
INVT004397,PO004397,P0041,WH009,23-07-2026,578,878,415,1041,372,143,40710876.27,Normal,3.89
INVT004398,PO004398,P0188,WH010,03-02-2025,577,773,18,1332,324,165,2489214.96,Normal,4.6
INVT004399,PO004399,P0109,WH006,11-11-2025,870,190,175,885,373,189,51307963.5,Normal,4.26
INVT004400,PO004400,P0027,WH008,22-09-2025,389,746,759,376,495,214,22774861.44,Reorder,1.85
INVT004401,PO004401,P0134,WH010,28-01-2026,144,695,1033,0,245,14,0,Stockout,0
INVT004402,PO004402,P0106,WH005,03-02-2025,848,790,910,728,213,184,12326910.96,Normal,3.13
INVT004403,PO004403,P0001,WH009,21-07-2025,894,596,589,901,364,114,42430252.4,Normal,3.37
INVT004404,PO004404,P0042,WH007,02-09-2025,461,170,50,581,131,24,42587038.55,Normal,10.07
INVT004405,PO004405,P0271,WH010,01-01-2026,482,326,102,706,144,210,9226706.94,Normal,2.44
INVT004406,PO004406,P0200,WH005,04-04-2026,629,431,577,483,422,173,39228675.57,Normal,2.08
INVT004407,PO004407,P0103,WH006,29-08-2025,314,831,952,193,161,185,4307920.19,Normal,0.93
INVT004408,PO004408,P0090,WH007,20-07-2025,64,838,64,838,76,160,70527295.1,Overstock,14.53
INVT004409,PO004409,P0055,WH005,20-03-2025,1098,66,99,1065,437,63,30344469.9,Normal,4.58
INVT004410,PO004410,P0183,WH010,31-03-2025,418,648,209,857,482,121,50284406.44,Normal,2.96
INVT004411,PO004411,P0288,WH010,14-04-2026,160,511,132,539,42,71,16950003.07,Overstock,1.86
INVT004412,PO004412,P0209,WH005,15-12-2025,681,185,95,771,236,35,64850035.89,Normal,3.32
INVT004413,PO004413,P0139,WH007,18-04-2026,156,280,100,336,42,232,23275963.2,Overstock,5.83
INVT004414,PO004414,P0169,WH008,07-01-2025,410,769,274,905,257,169,74317197.25,Normal,4.45
INVT004415,PO004415,P0085,WH006,13-01-2025,870,752,902,720,306,81,43125501.6,Normal,3.47
INVT004416,PO004416,P0012,WH009,04-09-2025,85,272,327,30,307,35,2691662.1,Reorder,0.11
INVT004417,PO004417,P0115,WH005,20-02-2026,426,658,504,580,150,154,16616762.2,Normal,2.5
INVT004418,PO004418,P0268,WH010,18-08-2025,567,219,289,497,208,247,11040566.74,Normal,1.72
INVT004419,PO004419,P0052,WH005,27-02-2025,98,741,427,412,402,58,7566903.24,Normal,1.77
INVT004420,PO004420,P0191,WH008,23-04-2025,724,966,422,1268,429,204,101197697.9,Normal,6.23
INVT004421,PO004421,P0183,WH008,02-10-2025,1217,998,392,1823,482,121,123584779.5,Normal,8.96
INVT004422,PO004422,P0247,WH010,24-12-2025,383,116,76,423,303,118,12555388.71,Normal,1.46
INVT004423,PO004423,P0106,WH005,13-12-2025,752,79,96,735,213,184,12807786.6,Normal,3.16
INVT004424,PO004424,P0248,WH009,29-05-2026,443,165,169,439,444,184,36059157.09,Reorder,1.64
INVT004425,PO004425,P0163,WH009,17-06-2025,378,183,140,421,201,83,24128819.31,Normal,1.57
INVT004426,PO004426,P0122,WH010,01-05-2025,556,151,42,665,208,225,32797833.25,Normal,2.3
INVT004427,PO004427,P0064,WH008,23-07-2026,435,418,516,337,499,106,28969463.6,Reorder,1.66
INVT004428,PO004428,P0027,WH007,24-04-2026,268,579,661,186,495,214,11720607.72,Reorder,3.23
INVT004429,PO004429,P0023,WH005,01-05-2026,1191,640,622,1209,301,65,21302604.18,Normal,5.2
INVT004430,PO004430,P0240,WH008,01-03-2025,115,895,1188,0,378,29,0,Stockout,0
INVT004431,PO004431,P0131,WH008,24-05-2026,604,670,482,792,393,68,20178504.72,Normal,3.89
INVT004432,PO004432,P0021,WH006,14-05-2026,261,764,557,468,254,131,12619175.4,Normal,2.25
INVT004433,PO004433,P0052,WH009,19-09-2025,1385,989,886,1488,402,58,24677304.48,Normal,5.56
INVT004434,PO004434,P0100,WH007,05-07-2025,1184,946,912,1218,311,64,935375.28,Normal,21.12
INVT004435,PO004435,P0250,WH006,03-08-2026,805,132,14,923,485,23,54677929.28,Normal,4.45
INVT004436,PO004436,P0048,WH008,30-07-2026,545,980,160,1365,370,99,100948616,Normal,6.71
INVT004437,PO004437,P0200,WH005,22-01-2025,1029,19,13,1035,422,173,83970129.6,Normal,4.45
INVT004438,PO004438,P0098,WH008,16-05-2025,253,914,116,1051,256,35,22034530.3,Normal,5.17
INVT004439,PO004439,P0146,WH009,13-08-2025,89,420,188,321,52,166,19365210.96,Overstock,1.2
INVT004440,PO004440,P0251,WH008,14-11-2025,267,550,581,236,184,38,8949653.36,Normal,1.16
INVT004441,PO004441,P0167,WH005,14-02-2025,1803,733,829,1707,451,169,28555771.41,Normal,7.35
INVT004442,PO004442,P0225,WH005,01-01-2026,198,24,35,187,347,132,14872697.18,Reorder,0.8
INVT004443,PO004443,P0104,WH007,17-03-2026,221,22,29,214,297,48,5991689.7,Reorder,3.71
INVT004444,PO004444,P0146,WH009,17-04-2026,58,211,79,190,52,166,11628359.1,Normal,0.71
INVT004445,PO004445,P0183,WH007,22-04-2025,1713,698,807,1604,482,121,100738738.8,Normal,27.81
INVT004446,PO004446,P0024,WH010,24-06-2025,920,136,36,1020,413,147,29054465.4,Normal,3.52
INVT004447,PO004447,P0009,WH008,02-01-2025,10,467,185,292,435,127,12056653.72,Reorder,1.44
INVT004448,PO004448,P0041,WH008,28-12-2025,1172,519,237,1454,372,143,56771808.04,Normal,7.15
INVT004449,PO004449,P0085,WH008,08-09-2025,718,407,461,664,306,81,44075755.6,Normal,3.26
INVT004450,PO004450,P0237,WH010,25-11-2025,724,933,810,847,290,24,22368414.53,Normal,2.93
INVT004451,PO004451,P0025,WH008,14-02-2025,88,592,531,149,417,19,2160072.37,Reorder,0.73
INVT004452,PO004452,P0283,WH006,02-02-2026,759,340,114,985,321,33,58506242,Normal,4.74
INVT004453,PO004453,P0181,WH007,15-09-2025,119,744,1111,0,31,180,0,Stockout,0
INVT004454,PO004454,P0237,WH006,01-01-2025,523,878,774,627,290,24,16272681.48,Normal,3.02
INVT004455,PO004455,P0196,WH008,01-07-2026,90,66,3,153,236,215,10119433.77,Reorder,0.75
INVT004456,PO004456,P0284,WH007,06-12-2025,1044,872,858,1058,318,224,34439021.48,Normal,18.35
INVT004457,PO004457,P0179,WH008,09-10-2025,85,994,430,649,128,245,4649909.77,Overstock,3.19
INVT004458,PO004458,P0298,WH007,17-03-2026,1240,192,138,1294,432,66,20790749.76,Normal,22.44
INVT004459,PO004459,P0299,WH008,05-05-2025,981,594,675,900,471,18,6068412,Normal,4.43
INVT004460,PO004460,P0172,WH010,18-04-2025,311,413,562,162,170,34,65039.76,Reorder,0.56
INVT004461,PO004461,P0111,WH009,21-03-2025,62,383,494,0,40,62,0,Stockout,0
INVT004462,PO004462,P0042,WH009,16-08-2025,397,307,381,323,131,24,21007629.3,Normal,1.21
INVT004463,PO004463,P0276,WH006,12-04-2026,935,636,404,1167,382,193,103863688.5,Normal,5.62
INVT004464,PO004464,P0037,WH006,07-07-2025,64,991,637,418,344,50,12730674.88,Normal,2.01
INVT004465,PO004465,P0153,WH008,13-08-2025,1236,960,1229,967,441,216,26699546.9,Normal,4.75
INVT004466,PO004466,P0092,WH009,16-03-2026,1467,979,1127,1319,369,36,25137053.54,Normal,4.93
INVT004467,PO004467,P0104,WH008,17-09-2025,708,334,55,987,297,48,25460750.7,Normal,4.85
INVT004468,PO004468,P0225,WH008,14-01-2025,1130,531,137,1524,347,132,110265545.3,Normal,7.49
INVT004469,PO004469,P0052,WH005,01-05-2026,1087,744,580,1251,402,58,20709466.83,Normal,5.38
INVT004470,PO004470,P0005,WH008,20-09-2025,367,599,714,252,145,104,8588268.36,Normal,1.24
INVT004471,PO004471,P0292,WH010,08-07-2025,612,451,220,843,355,98,54501686.58,Normal,2.91
INVT004472,PO004472,P0028,WH010,31-03-2026,32,802,355,479,29,232,6322110.24,Overstock,1.65
INVT004473,PO004473,P0087,WH006,03-04-2026,172,812,332,652,237,242,52849463.92,Normal,3.14
INVT004474,PO004474,P0014,WH006,08-04-2025,47,375,316,106,31,150,2287307.22,Normal,0.51
INVT004475,PO004475,P0241,WH010,17-05-2025,144,272,146,270,252,138,7159052.7,Normal,0.93
INVT004476,PO004476,P0078,WH009,13-04-2026,285,647,366,566,89,82,26199404.2,Overstock,2.12
INVT004477,PO004477,P0135,WH009,25-01-2025,287,213,115,385,182,127,27030334.1,Normal,1.44
INVT004478,PO004478,P0142,WH005,08-04-2026,151,987,554,584,301,101,33181998.16,Normal,2.51
INVT004479,PO004479,P0128,WH007,29-04-2026,986,908,1042,852,404,136,28253598,Normal,14.77
INVT004480,PO004480,P0210,WH010,19-05-2026,312,834,1074,72,136,236,5504977.44,Reorder,0.25
INVT004481,PO004481,P0080,WH006,21-05-2025,668,463,303,828,332,36,30204686.52,Normal,3.99
INVT004482,PO004482,P0067,WH009,29-03-2025,593,621,268,946,217,184,41682358.74,Normal,3.54
INVT004483,PO004483,P0079,WH009,13-06-2026,169,845,655,359,63,108,16010057.34,Overstock,1.34
INVT004484,PO004484,P0028,WH008,04-07-2026,103,29,34,98,29,232,1392219.36,Normal,0.48
INVT004485,PO004485,P0088,WH005,02-04-2025,430,602,59,973,384,57,22038897.58,Normal,4.19
INVT004486,PO004486,P0004,WH007,10-03-2025,712,759,616,855,310,85,60905514.6,Normal,14.83
INVT004487,PO004487,P0110,WH007,25-01-2025,630,872,1080,422,228,116,7488444.86,Normal,7.32
INVT004488,PO004488,P0230,WH005,21-07-2026,903,82,79,906,346,159,50304843.66,Normal,3.9
INVT004489,PO004489,P0256,WH009,15-04-2026,38,856,1166,0,29,170,0,Stockout,0
INVT004490,PO004490,P0206,WH005,25-01-2025,1595,189,12,1772,441,100,152346743.1,Normal,7.63
INVT004491,PO004491,P0244,WH006,07-04-2025,46,22,9,59,54,42,763090.07,Normal,0.28
INVT004492,PO004492,P0201,WH007,19-11-2025,180,577,793,0,47,245,0,Stockout,0
INVT004493,PO004493,P0055,WH006,18-05-2026,108,150,144,114,437,63,3774120.48,Reorder,0.55
INVT004494,PO004494,P0230,WH007,11-09-2025,899,857,884,872,346,159,51842702.08,Normal,15.12
INVT004495,PO004495,P0087,WH007,25-12-2025,910,634,619,925,237,242,77481006.25,Normal,16.04
INVT004496,PO004496,P0199,WH007,03-06-2026,101,991,435,657,325,187,37644010.74,Normal,11.39
INVT004497,PO004497,P0243,WH009,17-03-2026,131,953,648,436,377,159,325203.68,Normal,1.63
INVT004498,PO004498,P0082,WH007,03-08-2026,335,489,330,494,151,103,27786709.6,Normal,8.57
INVT004499,PO004499,P0065,WH009,31-01-2025,1542,178,24,1696,390,19,70809984.32,Normal,6.34
INVT004500,PO004500,P0015,WH008,11-10-2025,1347,618,344,1621,340,128,129653788.4,Normal,7.97
INVT004501,PO004501,P0166,WH009,01-03-2025,110,96,9,197,209,166,3871355.35,Reorder,0.74
INVT004502,PO004502,P0263,WH007,13-06-2025,12,12,7,17,72,247,1270364.44,Reorder,0.29
INVT004503,PO004503,P0032,WH009,26-11-2025,611,506,579,538,237,188,10274040.74,Normal,2.01
INVT004504,PO004504,P0056,WH005,26-05-2025,862,940,333,1469,455,211,57240730.82,Normal,6.32
INVT004505,PO004505,P0240,WH006,16-04-2025,906,711,525,1092,378,29,98780048.64,Normal,5.26
INVT004506,PO004506,P0156,WH006,29-03-2026,367,943,460,850,140,169,58628087,Overstock,4.09
INVT004507,PO004507,P0243,WH008,16-06-2025,1424,786,1014,1196,377,159,870939.16,Normal,5.88
INVT004508,PO004508,P0255,WH005,01-05-2026,409,410,345,474,163,172,23683310.46,Normal,2.04
INVT004509,PO004509,P0007,WH010,11-03-2026,769,466,374,861,194,82,51582062.28,Normal,2.97
INVT004510,PO004510,P0222,WH008,12-03-2026,242,278,2,518,372,47,38243183.72,Normal,2.55
INVT004511,PO004511,P0222,WH010,20-08-2025,346,699,671,374,372,47,29899156.98,Normal,1.29
INVT004512,PO004512,P0293,WH009,13-04-2026,792,145,23,914,212,211,45829367.56,Normal,3.42
INVT004513,PO004513,P0247,WH010,27-09-2025,516,115,22,609,303,118,19657862.28,Normal,2.1
INVT004514,PO004514,P0209,WH005,20-01-2025,195,999,1388,0,236,35,0,Stockout,0
INVT004515,PO004515,P0194,WH010,12-06-2026,54,323,443,0,145,42,0,Stockout,0
INVT004516,PO004516,P0100,WH008,06-07-2026,173,955,1129,0,311,64,0,Stockout,0
INVT004517,PO004517,P0159,WH010,11-10-2025,1109,880,915,1074,290,206,31392321.9,Normal,3.71
INVT004518,PO004518,P0299,WH007,09-01-2026,1725,349,335,1739,471,18,11332054.38,Normal,30.15
INVT004519,PO004519,P0246,WH007,18-01-2025,796,147,202,741,213,207,52424527.35,Normal,12.85
INVT004520,PO004520,P0072,WH006,27-03-2026,872,314,262,924,290,216,5698575.96,Normal,4.45
INVT004521,PO004521,P0237,WH007,30-05-2025,54,484,473,65,290,24,1769557.4,Reorder,1.13
INVT004522,PO004522,P0191,WH005,11-11-2025,1664,245,229,1680,429,204,130123862.4,Normal,7.23
INVT004523,PO004523,P0174,WH006,23-07-2025,714,690,1018,386,391,52,28612798.12,Reorder,1.86
INVT004524,PO004524,P0244,WH010,08-02-2025,46,843,181,708,54,42,10914053.64,Overstock,2.45
INVT004525,PO004525,P0118,WH010,20-06-2026,454,749,22,1181,460,187,90874241.66,Normal,4.08
INVT004526,PO004526,P0089,WH008,23-01-2025,1454,33,21,1466,390,162,50238617.88,Normal,7.21
INVT004527,PO004527,P0228,WH010,24-10-2025,517,352,207,662,351,11,51973143.36,Normal,2.29
INVT004528,PO004528,P0232,WH006,07-07-2025,993,865,1125,733,293,69,27685637.23,Normal,3.53
INVT004529,PO004529,P0299,WH009,03-01-2025,903,908,1114,697,471,18,4821525.38,Normal,2.61
INVT004530,PO004530,P0009,WH010,02-08-2026,1405,272,162,1515,435,127,71015352.3,Normal,5.23
INVT004531,PO004531,P0109,WH007,19-02-2026,489,936,1102,323,373,189,18931478.97,Reorder,5.6
INVT004532,PO004532,P0233,WH010,19-06-2025,56,894,1035,0,59,136,0,Stockout,0
INVT004533,PO004533,P0217,WH005,08-08-2025,324,86,103,307,394,47,20111932.26,Reorder,1.32
INVT004534,PO004534,P0032,WH007,14-03-2026,779,184,262,701,237,188,13178715.88,Normal,12.16
INVT004535,PO004535,P0171,WH007,17-07-2026,1698,100,62,1736,466,114,59808758.8,Normal,30.1
INVT004536,PO004536,P0129,WH007,14-05-2025,356,212,151,417,126,140,7306006.8,Normal,7.23
INVT004537,PO004537,P0021,WH007,25-01-2026,802,486,175,1113,254,131,28558745.25,Normal,19.3
INVT004538,PO004538,P0272,WH008,15-05-2026,323,396,258,461,133,17,32473522.28,Normal,2.27
INVT004539,PO004539,P0145,WH007,23-12-2025,104,261,143,222,30,79,15299793.78,Overstock,3.85
INVT004540,PO004540,P0034,WH010,25-07-2026,62,857,1030,0,108,45,0,Stockout,0
INVT004541,PO004541,P0031,WH010,17-06-2026,601,599,48,1152,378,181,14617117.44,Normal,3.98
INVT004542,PO004542,P0046,WH006,24-06-2025,1809,524,262,2071,486,202,88280268.48,Normal,9.97
INVT004543,PO004543,P0105,WH010,09-09-2025,507,265,146,626,175,213,6784562.96,Normal,2.16
INVT004544,PO004544,P0175,WH010,01-07-2026,494,284,165,613,455,79,4149777.06,Normal,2.12
INVT004545,PO004545,P0063,WH010,06-09-2025,1067,191,260,998,443,35,32812343.8,Normal,3.45
INVT004546,PO004546,P0280,WH005,05-06-2026,677,172,16,833,269,158,32187953,Normal,3.58
INVT004547,PO004547,P0106,WH008,26-07-2026,545,644,175,1014,213,184,16546431.72,Normal,4.99
INVT004548,PO004548,P0290,WH007,16-06-2025,77,653,496,234,95,201,16741480.86,Normal,4.06
INVT004549,PO004549,P0230,WH005,28-01-2025,322,852,98,1076,346,159,56620680.2,Normal,4.63
INVT004550,PO004550,P0260,WH009,30-06-2025,366,435,365,436,341,72,12040602.16,Normal,1.63
INVT004551,PO004551,P0240,WH010,15-09-2025,636,295,427,504,378,29,45428423.04,Normal,1.74
INVT004552,PO004552,P0181,WH007,14-03-2026,22,666,302,386,31,180,1090257,Overstock,6.69
INVT004553,PO004553,P0108,WH005,13-09-2025,868,95,131,832,217,213,36738973.44,Normal,3.58
INVT004554,PO004554,P0290,WH009,04-08-2026,281,520,127,674,95,201,49764318.2,Overstock,2.52
INVT004555,PO004555,P0199,WH010,15-11-2025,921,932,66,1787,325,187,108075436.9,Overstock,6.17
INVT004556,PO004556,P0167,WH009,18-01-2026,1136,602,160,1578,451,169,27750613.32,Normal,5.9
INVT004557,PO004557,P0121,WH005,02-06-2025,242,891,754,379,119,200,6193959.1,Normal,1.63
INVT004558,PO004558,P0219,WH006,07-12-2025,1110,833,1228,715,311,33,58309894.5,Normal,3.44
INVT004559,PO004559,P0146,WH010,18-07-2025,172,125,138,159,52,166,11059380.15,Normal,0.55
INVT004560,PO004560,P0210,WH006,14-03-2026,181,352,367,166,136,236,12569212.9,Normal,0.8
INVT004561,PO004561,P0105,WH005,12-03-2025,185,992,972,205,175,213,2402247.4,Normal,0.88
INVT004562,PO004562,P0128,WH008,09-03-2026,1003,281,73,1211,404,136,35701478.89,Normal,5.95
INVT004563,PO004563,P0230,WH009,11-03-2025,480,71,68,483,346,159,27424136.25,Normal,1.81
INVT004564,PO004564,P0299,WH010,23-01-2026,1597,146,164,1579,471,18,10021060.34,Normal,5.45
INVT004565,PO004565,P0261,WH005,15-03-2026,516,567,843,240,132,180,1737864,Normal,1.03
INVT004566,PO004566,P0141,WH005,13-03-2025,312,87,105,294,230,103,6497226.54,Normal,1.27
INVT004567,PO004567,P0136,WH007,15-03-2025,1313,139,63,1389,441,74,52566468.87,Normal,24.09
INVT004568,PO004568,P0222,WH009,11-04-2025,1133,815,917,1031,372,47,91297802.77,Normal,3.85
INVT004569,PO004569,P0112,WH007,12-07-2026,929,595,299,1225,439,184,28045774.75,Normal,21.24
INVT004570,PO004570,P0149,WH005,30-01-2025,784,907,1105,586,487,100,30607653.14,Normal,2.52
INVT004571,PO004571,P0250,WH006,06-05-2026,234,20,7,247,485,23,13276007.94,Reorder,1.19
INVT004572,PO004572,P0075,WH008,20-07-2025,170,980,1020,130,105,160,3022615.7,Normal,0.64
INVT004573,PO004573,P0124,WH006,18-05-2025,1606,536,360,1782,411,167,116127736.6,Normal,8.58
INVT004574,PO004574,P0149,WH009,17-04-2025,1920,572,114,2378,487,100,105933122.7,Normal,8.89
INVT004575,PO004575,P0068,WH008,04-12-2025,898,692,929,661,409,202,3272339.99,Normal,3.25
INVT004576,PO004576,P0046,WH009,06-03-2025,395,576,106,865,486,202,38931945.95,Normal,3.23
INVT004577,PO004577,P0285,WH010,01-09-2025,553,531,631,453,165,178,27467768.25,Normal,1.56
INVT004578,PO004578,P0248,WH007,30-08-2025,407,700,408,699,444,184,60927552.12,Normal,12.12
INVT004579,PO004579,P0236,WH005,15-03-2026,1431,588,768,1251,480,237,84554064.18,Normal,5.38
INVT004580,PO004580,P0076,WH006,24-03-2026,999,733,269,1463,315,60,89987198.84,Normal,7.05
INVT004581,PO004581,P0023,WH007,31-05-2026,522,511,52,981,301,65,20609485.65,Normal,17.01
INVT004582,PO004582,P0279,WH009,11-03-2025,380,521,63,838,138,52,61261361.5,Overstock,3.13
INVT004583,PO004583,P0048,WH010,25-01-2026,739,712,535,916,370,99,65834605.44,Normal,3.16
INVT004584,PO004584,P0189,WH008,01-07-2025,50,945,226,769,72,109,34400492.14,Overstock,3.78
INVT004585,PO004585,P0270,WH007,07-05-2025,433,527,190,770,429,112,58609089,Normal,13.35
INVT004586,PO004586,P0171,WH009,17-03-2026,1025,344,467,902,466,114,32497851.32,Normal,3.37
INVT004587,PO004587,P0017,WH005,17-02-2026,1503,527,347,1683,419,65,110629514.2,Normal,7.24
INVT004588,PO004588,P0269,WH006,18-12-2025,963,675,559,1079,252,243,92191529.56,Normal,5.2
INVT004589,PO004589,P0238,WH005,19-03-2026,407,719,900,226,179,171,9909480.76,Normal,0.97
INVT004590,PO004590,P0005,WH009,03-08-2025,186,427,63,550,145,104,18396702.5,Normal,2.06
INVT004591,PO004591,P0132,WH008,08-08-2025,125,852,311,666,62,174,20032001.28,Overstock,3.27
INVT004592,PO004592,P0181,WH008,14-11-2025,44,890,1217,0,31,180,0,Stockout,0
INVT004593,PO004593,P0274,WH009,05-08-2025,66,961,349,678,321,164,61516167.18,Normal,2.53
INVT004594,PO004594,P0154,WH005,25-02-2026,1237,984,530,1691,404,23,52663252.66,Normal,7.28
INVT004595,PO004595,P0109,WH010,08-02-2025,576,71,69,578,373,189,34428674.04,Normal,2
INVT004596,PO004596,P0111,WH009,14-02-2025,147,838,602,383,40,62,4937157.25,Overstock,1.43
INVT004597,PO004597,P0209,WH010,14-04-2026,703,696,319,1080,236,35,92389982.4,Normal,3.73
INVT004598,PO004598,P0205,WH005,17-03-2025,209,389,430,168,480,72,3994116,Reorder,0.72
INVT004599,PO004599,P0124,WH007,02-08-2025,995,570,202,1363,411,167,97633530.05,Normal,23.63
INVT004600,PO004600,P0226,WH006,25-08-2025,332,495,378,449,229,114,4639737.01,Normal,2.16
INVT004601,PO004601,P0058,WH008,08-07-2026,848,346,194,1000,459,191,7321480,Normal,4.92
INVT004602,PO004602,P0108,WH007,07-08-2025,402,257,110,549,217,213,22536955.08,Normal,9.52
INVT004603,PO004603,P0008,WH008,27-03-2025,309,573,230,652,81,100,41622949.76,Overstock,3.21
INVT004604,PO004604,P0141,WH008,15-08-2025,307,700,1039,0,230,103,0,Stockout,0
INVT004605,PO004605,P0111,WH010,02-02-2026,134,464,430,168,40,62,2453480.4,Normal,0.58
INVT004606,PO004606,P0138,WH009,15-07-2025,130,810,37,903,183,201,60300633.33,Normal,3.37
INVT004607,PO004607,P0020,WH010,14-03-2026,45,840,863,22,28,180,1402863.66,Reorder,0.08
INVT004608,PO004608,P0099,WH005,12-12-2025,998,28,18,1008,256,250,60106939.2,Normal,4.34
INVT004609,PO004609,P0081,WH010,26-09-2025,737,726,859,604,211,168,16512085.56,Normal,2.09
INVT004610,PO004610,P0173,WH005,22-03-2025,971,203,248,926,340,55,33246603.96,Normal,3.99
INVT004611,PO004611,P0195,WH005,26-06-2025,162,919,1176,0,97,205,0,Stockout,0
INVT004612,PO004612,P0095,WH006,28-01-2025,1142,717,946,913,393,151,22780491.25,Normal,4.4
INVT004613,PO004613,P0183,WH007,01-06-2026,783,796,970,609,482,121,39526335.03,Normal,10.56
INVT004614,PO004614,P0287,WH010,02-06-2026,875,619,926,568,254,99,41528621.36,Normal,1.96
INVT004615,PO004615,P0076,WH008,06-12-2025,385,407,376,416,315,60,31159556.48,Normal,2.05
INVT004616,PO004616,P0290,WH007,18-05-2025,172,717,102,787,95,201,57451440.72,Overstock,13.65
INVT004617,PO004617,P0126,WH010,01-07-2025,573,181,143,611,226,14,39114778.04,Normal,2.11
INVT004618,PO004618,P0250,WH007,31-07-2026,88,211,171,128,485,23,8037242.88,Reorder,2.22
INVT004619,PO004619,P0030,WH008,08-12-2025,704,537,46,1195,258,168,88720301.35,Normal,5.88
INVT004620,PO004620,P0189,WH009,11-11-2025,184,754,1028,0,72,109,0,Stockout,0
INVT004621,PO004621,P0294,WH010,03-12-2025,687,455,550,592,481,19,27281443.84,Normal,2.04
INVT004622,PO004622,P0162,WH009,25-06-2025,736,207,222,721,216,189,46633227.34,Normal,2.69
INVT004623,PO004623,P0202,WH007,10-05-2026,1055,463,113,1405,297,174,42506827.85,Normal,24.36
INVT004624,PO004624,P0068,WH006,28-04-2025,1404,391,62,1733,409,202,8229185.16,Normal,8.35
INVT004625,PO004625,P0130,WH008,11-06-2025,136,640,300,476,173,58,12765448.92,Normal,2.34
INVT004626,PO004626,P0030,WH007,20-04-2026,825,487,323,989,258,168,86432735.23,Normal,17.15
INVT004627,PO004627,P0214,WH008,26-01-2025,441,520,384,577,124,156,13910096.74,Normal,2.84
INVT004628,PO004628,P0117,WH007,01-03-2026,938,54,44,948,490,224,47179514.16,Normal,16.44
INVT004629,PO004629,P0084,WH006,19-07-2025,113,602,597,118,239,88,4555784.12,Reorder,0.57
INVT004630,PO004630,P0271,WH005,07-01-2025,493,716,619,590,144,210,8115656.5,Normal,2.54
INVT004631,PO004631,P0119,WH008,15-09-2025,204,95,130,169,226,66,408116.41,Reorder,0.83
INVT004632,PO004632,P0176,WH010,27-12-2025,113,866,401,578,174,94,18452985.24,Normal,2
INVT004633,PO004633,P0154,WH006,22-07-2026,1437,529,570,1396,404,23,39866074.56,Normal,6.72
INVT004634,PO004634,P0047,WH008,15-12-2025,770,518,429,859,224,237,70104871.21,Normal,4.22
INVT004635,PO004635,P0283,WH010,22-02-2026,288,656,716,228,321,33,12326617.08,Reorder,0.79
INVT004636,PO004636,P0131,WH008,20-06-2025,879,924,322,1481,393,68,37322325.56,Normal,7.28
INVT004637,PO004637,P0019,WH007,07-05-2025,1389,142,4,1527,417,37,67653719.73,Normal,26.48
INVT004638,PO004638,P0260,WH010,30-05-2025,1223,537,147,1613,341,72,49067314.83,Normal,5.57
INVT004639,PO004639,P0009,WH005,24-04-2026,851,433,187,1097,435,127,52354039.78,Normal,4.72
INVT004640,PO004640,P0002,WH010,07-04-2026,716,698,326,1088,301,86,87371850.88,Normal,3.76
INVT004641,PO004641,P0103,WH010,04-12-2025,199,961,322,838,161,185,17303241.88,Overstock,2.89
INVT004642,PO004642,P0195,WH006,13-01-2025,28,836,114,750,97,205,43762215,Overstock,3.61
INVT004643,PO004643,P0010,WH009,01-03-2025,782,305,146,941,380,29,8423662.62,Normal,3.52
INVT004644,PO004644,P0026,WH006,17-03-2026,197,29,1,225,171,23,19395456.75,Normal,1.08
INVT004645,PO004645,P0021,WH005,20-06-2025,270,453,383,340,254,131,9729188.4,Normal,1.46
INVT004646,PO004646,P0087,WH007,20-04-2026,740,35,11,764,237,242,60768529.44,Normal,13.25
INVT004647,PO004647,P0206,WH005,12-06-2025,394,506,313,587,441,100,46507974.78,Normal,2.53
INVT004648,PO004648,P0174,WH009,17-03-2025,119,909,1217,0,391,52,0,Stockout,0
INVT004649,PO004649,P0102,WH010,22-04-2025,821,577,192,1206,209,117,63875814.12,Overstock,4.17
INVT004650,PO004650,P0028,WH008,20-04-2026,11,460,263,208,29,232,3125536.96,Overstock,1.02
INVT004651,PO004651,P0263,WH005,11-12-2025,22,532,217,337,72,247,23988098.1,Normal,1.45
INVT004652,PO004652,P0228,WH005,17-08-2025,747,736,611,872,351,11,68454589.84,Normal,3.75
INVT004653,PO004653,P0005,WH006,16-12-2025,79,211,53,237,145,104,8770372.23,Normal,1.14
INVT004654,PO004654,P0094,WH009,11-07-2026,107,326,288,145,216,65,3892989,Reorder,0.54
INVT004655,PO004655,P0070,WH010,19-01-2026,771,240,191,820,306,185,62475611.4,Normal,2.83
INVT004656,PO004656,P0207,WH009,12-12-2025,91,841,131,801,32,142,25866877.23,Overstock,2.99
INVT004657,PO004657,P0039,WH005,10-12-2025,96,656,791,0,67,207,0,Stockout,0
INVT004658,PO004658,P0033,WH010,09-04-2025,794,286,428,652,441,103,31571287.44,Normal,2.25
INVT004659,PO004659,P0042,WH008,16-09-2025,65,563,797,0,131,24,0,Stockout,0
INVT004660,PO004660,P0251,WH009,06-02-2026,560,686,981,265,184,38,10410201.7,Normal,0.99
INVT004661,PO004661,P0253,WH009,15-06-2026,231,625,494,362,310,246,25175887.3,Normal,1.35
INVT004662,PO004662,P0175,WH008,09-02-2026,1196,141,196,1141,455,79,7761857.88,Normal,5.61
INVT004663,PO004663,P0195,WH007,05-07-2025,103,625,715,13,97,205,742952.08,Reorder,0.23
INVT004664,PO004664,P0102,WH010,01-03-2026,137,314,92,359,209,117,19315858.58,Normal,1.24
INVT004665,PO004665,P0081,WH006,05-04-2026,470,268,84,654,211,168,18429785.4,Normal,3.15
INVT004666,PO004666,P0136,WH008,17-09-2025,229,610,910,0,441,74,0,Stockout,0
INVT004667,PO004667,P0047,WH007,30-04-2025,547,612,630,529,224,237,48161085.75,Normal,9.17
INVT004668,PO004668,P0164,WH010,16-06-2026,1174,265,52,1387,419,83,118581648.2,Normal,4.79
INVT004669,PO004669,P0279,WH009,08-09-2025,527,292,5,814,138,52,53643234.92,Overstock,3.04
INVT004670,PO004670,P0209,WH008,03-06-2026,232,700,40,892,236,35,71600536.72,Normal,4.39
INVT004671,PO004671,P0197,WH008,05-10-2025,623,891,1203,311,223,17,7491635.46,Normal,1.53
INVT004672,PO004672,P0170,WH006,14-09-2025,431,934,1051,314,210,177,20940091.66,Normal,1.51
INVT004673,PO004673,P0158,WH007,22-01-2026,518,110,110,518,298,222,19286517.88,Normal,8.98
INVT004674,PO004674,P0123,WH005,13-09-2025,595,313,149,759,308,180,36419643.48,Normal,3.27
INVT004675,PO004675,P0037,WH008,27-12-2025,1238,81,70,1249,344,50,40854577.67,Normal,6.14
INVT004676,PO004676,P0212,WH008,12-05-2026,580,479,72,987,167,225,81395422.5,Overstock,4.85
INVT004677,PO004677,P0223,WH006,25-04-2026,68,65,91,42,362,20,106473.78,Reorder,0.2
INVT004678,PO004678,P0138,WH006,18-09-2025,340,709,936,113,183,201,6661076.54,Reorder,0.54
INVT004679,PO004679,P0184,WH006,16-07-2025,392,694,718,368,157,106,28660936.64,Normal,1.77
INVT004680,PO004680,P0208,WH009,18-07-2026,153,453,33,573,159,116,18880069.23,Normal,2.14
INVT004681,PO004681,P0060,WH009,25-05-2025,929,289,124,1094,311,48,5311971.7,Normal,4.09
INVT004682,PO004682,P0054,WH007,19-08-2025,428,143,137,434,114,156,20051472.7,Normal,7.53
INVT004683,PO004683,P0235,WH007,20-04-2026,511,843,1084,270,300,200,14589590.4,Reorder,4.68
INVT004684,PO004684,P0236,WH010,26-08-2025,87,227,23,291,480,237,20273929.26,Reorder,1.01
INVT004685,PO004685,P0151,WH010,18-06-2026,510,542,169,883,390,115,6089335.77,Normal,3.05
INVT004686,PO004686,P0246,WH008,13-04-2026,416,769,135,1050,213,207,80772835.5,Normal,5.16
INVT004687,PO004687,P0297,WH006,11-06-2026,1162,928,534,1556,364,12,35116943.88,Normal,7.49
INVT004688,PO004688,P0293,WH007,02-01-2026,840,691,301,1230,212,211,52117621.5,Overstock,21.33
INVT004689,PO004689,P0232,WH006,16-04-2026,519,750,213,1056,293,69,34922279.04,Normal,5.09
INVT004690,PO004690,P0233,WH005,26-04-2026,85,163,205,43,59,136,1502833.66,Reorder,0.19
INVT004691,PO004691,P0212,WH005,27-03-2025,568,622,180,1010,167,225,82466924.2,Overstock,4.35
INVT004692,PO004692,P0041,WH007,06-07-2025,1135,360,462,1033,372,143,35128259.98,Normal,17.91
INVT004693,PO004693,P0204,WH006,04-01-2025,218,827,651,394,309,156,30799559.18,Normal,1.9
INVT004694,PO004694,P0218,WH010,05-12-2025,97,380,568,0,52,176,0,Stockout,0
INVT004695,PO004695,P0101,WH006,11-01-2026,129,32,28,133,36,204,6864156.6,Normal,0.64
INVT004696,PO004696,P0023,WH010,12-02-2025,518,272,293,497,301,65,9239652.45,Normal,1.72
INVT004697,PO004697,P0190,WH009,24-12-2025,530,478,520,488,238,85,33892810.24,Normal,1.82
INVT004698,PO004698,P0114,WH006,29-05-2025,265,701,398,568,70,236,38363526.56,Overstock,2.74
INVT004699,PO004699,P0003,WH009,28-06-2025,20,956,760,216,234,143,17703392.4,Reorder,0.81
INVT004700,PO004700,P0208,WH007,26-03-2025,295,420,583,132,159,116,4327375.8,Reorder,2.29
INVT004701,PO004701,P0057,WH010,21-01-2026,20,589,493,116,45,53,4701292.08,Normal,0.4
INVT004702,PO004702,P0260,WH006,13-07-2026,637,874,614,897,341,72,28055190.93,Normal,4.32
INVT004703,PO004703,P0196,WH008,23-04-2026,258,471,89,640,236,215,47032403.2,Normal,3.15
INVT004704,PO004704,P0024,WH009,12-11-2025,892,160,213,839,413,147,22739408.61,Normal,3.14
INVT004705,PO004705,P0075,WH009,25-08-2025,265,168,64,369,105,160,8476339.59,Normal,1.38
INVT004706,PO004706,P0132,WH006,28-03-2026,161,436,124,473,62,174,13857939.81,Overstock,2.28
INVT004707,PO004707,P0149,WH007,15-02-2025,1721,566,466,1821,487,100,94866925.26,Normal,31.58
INVT004708,PO004708,P0164,WH009,18-07-2025,122,179,181,120,419,83,10470223.2,Reorder,0.45
INVT004709,PO004709,P0290,WH005,22-07-2025,56,697,105,648,95,201,47561035.68,Overstock,2.79
INVT004710,PO004710,P0080,WH010,13-08-2025,308,434,236,506,332,36,19010637.58,Normal,1.75
INVT004711,PO004711,P0133,WH005,19-03-2025,52,63,80,35,118,125,2450040.25,Reorder,0.15
INVT004712,PO004712,P0177,WH010,09-05-2025,1760,978,316,2422,450,112,139248845.3,Overstock,8.37
INVT004713,PO004713,P0129,WH007,08-01-2025,179,362,218,323,126,140,6628941.92,Normal,5.6
INVT004714,PO004714,P0290,WH010,01-05-2025,317,586,106,797,95,201,55180231.24,Overstock,2.75
INVT004715,PO004715,P0247,WH007,28-08-2025,923,674,552,1045,303,118,31534369.35,Normal,18.12
INVT004716,PO004716,P0122,WH010,22-06-2026,207,406,555,58,208,225,3107605.2,Reorder,0.2
INVT004717,PO004717,P0288,WH010,21-08-2025,102,97,33,166,42,71,5971142.84,Normal,0.57
INVT004718,PO004718,P0241,WH007,02-05-2026,984,782,723,1043,252,138,28418495.84,Normal,18.09
INVT004719,PO004719,P0002,WH005,19-06-2026,474,897,572,799,301,86,64506825.55,Normal,3.44
INVT004720,PO004720,P0115,WH009,06-04-2026,544,670,552,662,150,154,21316922.98,Normal,2.47
INVT004721,PO004721,P0159,WH010,17-03-2026,364,597,514,447,290,206,13324748.16,Normal,1.54
INVT004722,PO004722,P0034,WH008,26-11-2025,127,285,208,204,108,45,8631429.72,Normal,1
INVT004723,PO004723,P0090,WH009,03-03-2026,2,72,65,9,76,160,777509.19,Reorder,0.03
INVT004724,PO004724,P0110,WH008,22-02-2026,76,953,1132,0,228,116,0,Stockout,0
INVT004725,PO004725,P0050,WH005,30-06-2026,390,368,519,239,162,116,9319556.44,Normal,1.03
INVT004726,PO004726,P0257,WH006,02-05-2025,1290,709,640,1359,336,211,91008438.39,Normal,6.55
INVT004727,PO004727,P0242,WH010,07-09-2025,0,959,1275,0,228,88,0,Stockout,0
INVT004728,PO004728,P0031,WH008,07-06-2026,1092,584,842,834,378,181,11643482.34,Normal,4.1
INVT004729,PO004729,P0023,WH005,23-03-2026,278,184,205,257,301,65,4581767.73,Reorder,1.11
INVT004730,PO004730,P0149,WH008,09-11-2025,1315,662,52,1925,487,100,97334641.25,Normal,9.47
INVT004731,PO004731,P0206,WH005,13-10-2025,1012,862,1209,665,441,100,55980504.65,Normal,2.86
INVT004732,PO004732,P0084,WH008,15-07-2026,139,604,808,0,239,88,0,Stockout,0
INVT004733,PO004733,P0149,WH010,17-02-2025,286,876,62,1100,487,100,56741674,Normal,3.8
INVT004734,PO004734,P0197,WH006,11-01-2026,449,278,350,377,223,17,9706962.07,Normal,1.82
INVT004735,PO004735,P0086,WH010,27-10-2025,718,837,423,1132,442,229,50111500.52,Normal,3.91
INVT004736,PO004736,P0120,WH006,03-04-2025,105,553,343,315,236,214,26240920.65,Normal,1.52
INVT004737,PO004737,P0119,WH010,17-01-2026,900,547,594,853,226,66,1945803.89,Normal,2.95
INVT004738,PO004738,P0079,WH010,06-06-2025,145,893,1247,0,63,108,0,Stockout,0
INVT004739,PO004739,P0051,WH005,20-06-2025,152,343,133,362,387,133,1874794.38,Reorder,1.56
INVT004740,PO004740,P0105,WH007,24-07-2025,175,200,83,292,175,213,3127874.8,Normal,5.06
INVT004741,PO004741,P0051,WH005,14-05-2025,95,727,87,735,387,133,3997429.8,Normal,3.16
INVT004742,PO004742,P0277,WH007,12-08-2025,50,420,582,0,33,25,0,Stockout,0
INVT004743,PO004743,P0234,WH008,10-06-2025,252,907,1092,67,150,113,1542171.83,Reorder,0.33
INVT004744,PO004744,P0043,WH009,16-07-2026,671,195,256,610,466,119,13159822.8,Normal,2.28
INVT004745,PO004745,P0085,WH010,27-09-2025,292,985,69,1208,306,81,71422166.48,Normal,4.17
INVT004746,PO004746,P0045,WH009,12-02-2025,26,879,725,180,388,79,9293722.2,Reorder,0.67
INVT004747,PO004747,P0051,WH009,26-07-2025,1471,410,185,1696,387,133,8346711.36,Normal,6.34
INVT004748,PO004748,P0061,WH010,05-10-2025,609,272,29,852,232,52,33273522.36,Normal,2.94
INVT004749,PO004749,P0169,WH007,31-05-2026,376,803,408,771,257,169,62709955.77,Normal,13.37
INVT004750,PO004750,P0283,WH007,16-03-2025,461,552,98,915,321,33,52075212,Normal,15.87
INVT004751,PO004751,P0277,WH006,24-01-2026,112,943,737,318,33,25,22462375.2,Overstock,1.53
INVT004752,PO004752,P0134,WH008,13-02-2025,265,301,180,386,245,14,5647473.36,Normal,1.9
INVT004753,PO004753,P0168,WH008,05-03-2025,263,468,449,282,156,80,21265056,Normal,1.39
INVT004754,PO004754,P0126,WH005,21-12-2025,447,196,284,359,226,14,19585349.11,Normal,1.54
INVT004755,PO004755,P0294,WH008,16-12-2025,210,250,40,420,481,19,19208775.6,Reorder,2.07
INVT004756,PO004756,P0198,WH010,15-07-2026,42,46,52,36,38,223,2297146.68,Reorder,0.12
INVT004757,PO004757,P0290,WH010,22-09-2025,278,995,1227,46,95,201,3575293.42,Reorder,0.16
INVT004758,PO004758,P0273,WH008,25-03-2025,670,400,598,472,217,132,34554463.92,Normal,2.32
INVT004759,PO004759,P0106,WH010,30-04-2026,26,55,78,3,213,184,47320.8,Reorder,0.01
INVT004760,PO004760,P0081,WH010,14-04-2025,528,70,84,514,211,168,14158916.42,Normal,1.78
INVT004761,PO004761,P0037,WH006,27-08-2025,64,701,951,0,344,50,0,Stockout,0
INVT004762,PO004762,P0093,WH010,27-01-2026,808,800,389,1219,224,216,53897816.82,Overstock,4.21
INVT004763,PO004763,P0129,WH008,22-09-2025,114,370,281,203,126,140,3876617.92,Normal,1
INVT004764,PO004764,P0087,WH009,22-01-2026,581,498,474,605,237,242,48909555.2,Normal,2.26
INVT004765,PO004765,P0042,WH007,12-08-2025,226,861,171,916,131,24,60324572.32,Overstock,15.88
INVT004766,PO004766,P0135,WH007,14-08-2025,687,68,90,665,182,127,40337410.4,Normal,11.53
INVT004767,PO004767,P0216,WH008,29-07-2026,786,586,171,1201,430,35,64797565.01,Normal,5.91
INVT004768,PO004768,P0200,WH007,26-05-2025,1151,715,784,1082,422,173,79948925.9,Normal,18.76
INVT004769,PO004769,P0230,WH009,06-05-2026,163,860,57,966,346,159,55444536,Normal,3.61
INVT004770,PO004770,P0016,WH006,09-07-2026,48,720,215,553,38,195,49733999.7,Overstock,2.66
INVT004771,PO004771,P0075,WH010,22-12-2025,180,250,181,249,105,160,5069418.39,Normal,0.86
INVT004772,PO004772,P0288,WH008,13-07-2025,32,953,626,359,42,71,12293100.58,Overstock,1.77
INVT004773,PO004773,P0263,WH008,22-04-2026,133,937,701,369,72,247,31060940.31,Overstock,1.81
INVT004774,PO004774,P0212,WH009,01-09-2025,297,173,143,327,167,225,25424171.52,Normal,1.22
INVT004775,PO004775,P0231,WH008,10-07-2026,891,477,542,826,295,51,34368075.84,Normal,4.06
INVT004776,PO004776,P0070,WH009,11-05-2026,650,818,441,1027,306,185,83033843.49,Normal,3.84
INVT004777,PO004777,P0187,WH007,03-07-2026,45,649,936,0,114,24,0,Stockout,0
INVT004778,PO004778,P0102,WH009,20-03-2025,66,441,393,114,209,117,6622124.34,Reorder,0.43
INVT004779,PO004779,P0225,WH007,28-07-2025,59,275,45,289,347,132,21660547.11,Reorder,5.01
INVT004780,PO004780,P0143,WH010,21-04-2026,3,99,54,48,36,230,3776070.72,Normal,0.17
INVT004781,PO004781,P0049,WH005,29-12-2025,947,770,305,1412,495,201,40889585.56,Normal,6.08
INVT004782,PO004782,P0035,WH006,27-04-2026,1213,55,28,1240,489,155,64772875.6,Normal,5.97
INVT004783,PO004783,P0151,WH006,03-10-2025,748,93,108,733,390,115,5348143.92,Normal,3.53
INVT004784,PO004784,P0261,WH007,22-10-2025,229,286,109,406,132,180,2540439.44,Normal,7.04
INVT004785,PO004785,P0073,WH007,08-02-2025,300,129,94,335,216,72,10909653.55,Normal,5.81
INVT004786,PO004786,P0089,WH007,14-11-2025,521,460,664,317,390,162,10691890.12,Reorder,5.5
INVT004787,PO004787,P0002,WH009,24-06-2025,839,241,268,812,301,86,62492738,Normal,3.03
INVT004788,PO004788,P0206,WH006,11-05-2025,1507,179,162,1524,441,100,108602754.6,Normal,7.34
INVT004789,PO004789,P0135,WH007,15-05-2025,617,974,108,1483,182,127,94235396.08,Overstock,25.72
INVT004790,PO004790,P0240,WH008,01-10-2025,1011,546,515,1042,378,29,82929153.84,Normal,5.12
INVT004791,PO004791,P0207,WH009,30-06-2026,11,390,402,0,32,142,0,Stockout,0
INVT004792,PO004792,P0185,WH006,31-05-2026,41,441,18,464,166,111,25424750.08,Normal,2.23
INVT004793,PO004793,P0150,WH010,08-04-2026,57,828,1005,0,80,75,0,Stockout,0
INVT004794,PO004794,P0194,WH005,19-06-2025,44,332,226,150,145,42,10857868.5,Normal,0.65
INVT004795,PO004795,P0206,WH006,29-06-2025,868,983,1182,669,441,100,55104379.32,Normal,3.22
INVT004796,PO004796,P0076,WH006,03-07-2026,40,397,509,0,315,60,0,Stockout,0
INVT004797,PO004797,P0080,WH005,22-01-2026,149,174,159,164,332,36,6482137.72,Reorder,0.71
INVT004798,PO004798,P0145,WH009,07-11-2025,106,175,251,30,30,79,1908230.7,Normal,0.11
INVT004799,PO004799,P0239,WH008,07-07-2025,820,798,1182,436,338,96,21077277.68,Normal,2.14
INVT004800,PO004800,P0033,WH010,06-04-2025,1638,684,524,1798,441,103,87548683.48,Normal,6.21
INVT004801,PO004801,P0072,WH010,12-03-2026,597,574,167,1004,290,216,6250151,Normal,3.47
INVT004802,PO004802,P0164,WH005,19-02-2025,984,868,232,1620,419,83,120433473,Normal,6.97
INVT004803,PO004803,P0245,WH006,02-07-2026,174,848,231,791,190,168,38462295.9,Normal,3.81
INVT004804,PO004804,P0169,WH010,05-06-2025,348,739,999,88,257,169,6287156.48,Reorder,0.3
INVT004805,PO004805,P0265,WH006,20-04-2026,21,66,2,85,167,227,2699865.2,Reorder,0.41
INVT004806,PO004806,P0101,WH009,07-11-2025,49,244,199,94,36,204,5061777.8,Normal,0.35
INVT004807,PO004807,P0271,WH009,07-01-2026,401,269,62,608,144,210,7967298.88,Normal,2.27
INVT004808,PO004808,P0002,WH009,23-05-2026,691,382,261,812,301,86,68598588.24,Normal,3.03
INVT004809,PO004809,P0242,WH008,24-07-2026,120,673,322,471,228,88,5908181.61,Normal,2.32
INVT004810,PO004810,P0035,WH005,27-09-2025,991,556,317,1230,489,155,68965854,Normal,5.29
INVT004811,PO004811,P0219,WH009,10-11-2025,416,155,199,372,311,33,31438731.84,Normal,1.39
INVT004812,PO004812,P0240,WH007,26-09-2025,981,145,47,1079,378,29,91930465.51,Normal,18.71
INVT004813,PO004813,P0247,WH009,20-06-2025,1186,483,488,1181,303,118,39939412.3,Normal,4.41
INVT004814,PO004814,P0130,WH008,31-03-2026,676,103,101,678,173,58,17006863.86,Normal,3.33
INVT004815,PO004815,P0170,WH007,03-08-2026,38,613,717,0,210,177,0,Stockout,0
INVT004816,PO004816,P0066,WH008,19-06-2026,1178,635,164,1649,379,91,71095299.31,Normal,8.11
INVT004817,PO004817,P0118,WH006,08-10-2025,1044,813,542,1315,460,187,110963566.1,Normal,6.33
INVT004818,PO004818,P0072,WH010,27-01-2026,829,286,323,792,290,216,4877682.48,Normal,2.74
INVT004819,PO004819,P0021,WH005,28-03-2026,395,206,181,420,254,131,10444518,Normal,1.81
INVT004820,PO004820,P0293,WH005,27-08-2025,662,78,59,681,212,211,33254244.69,Normal,2.93
INVT004821,PO004821,P0071,WH006,18-03-2025,502,561,643,420,368,103,16006662,Normal,2.02
INVT004822,PO004822,P0036,WH007,31-03-2026,166,277,166,277,499,189,25147187.39,Reorder,4.8
INVT004823,PO004823,P0110,WH010,01-01-2025,534,495,687,342,228,116,5882806.98,Normal,1.18
INVT004824,PO004824,P0017,WH010,10-10-2025,1389,115,140,1364,419,65,91300799.48,Normal,4.71
INVT004825,PO004825,P0001,WH005,12-02-2026,1007,650,426,1231,364,114,57328383.98,Normal,5.3
INVT004826,PO004826,P0021,WH007,17-03-2025,566,417,448,535,254,131,13089593.55,Normal,9.28
INVT004827,PO004827,P0177,WH007,14-06-2026,750,890,754,886,450,112,50673077.74,Normal,15.36
INVT004828,PO004828,P0164,WH010,19-03-2025,194,157,10,341,419,83,27637736.28,Reorder,1.18
INVT004829,PO004829,P0070,WH009,05-02-2025,107,126,99,134,306,185,10134954.66,Reorder,0.5
INVT004830,PO004830,P0164,WH010,15-06-2026,60,546,314,292,419,83,21341520.8,Reorder,1.01
INVT004831,PO004831,P0157,WH007,07-04-2025,1528,473,202,1799,432,85,36706508.16,Normal,31.19
INVT004832,PO004832,P0276,WH005,10-05-2025,732,78,116,694,382,193,52893293.28,Normal,2.99
INVT004833,PO004833,P0142,WH009,16-03-2025,668,76,9,735,301,101,37388935.5,Normal,2.75
INVT004834,PO004834,P0020,WH006,03-02-2026,6,322,288,40,28,180,2512418.8,Normal,0.19
INVT004835,PO004835,P0072,WH008,21-01-2026,939,389,213,1115,290,216,8043242.05,Normal,5.48
INVT004836,PO004836,P0202,WH009,09-05-2026,236,843,439,640,297,174,21718329.6,Normal,2.39
INVT004837,PO004837,P0022,WH009,22-08-2025,1280,859,407,1732,356,116,120486528,Normal,6.47
INVT004838,PO004838,P0150,WH006,12-02-2025,112,93,0,205,80,75,13126229.95,Normal,0.99
INVT004839,PO004839,P0155,WH005,22-03-2025,760,76,57,779,338,157,33379807.24,Normal,3.35
INVT004840,PO004840,P0073,WH009,16-10-2025,675,733,450,958,216,72,30748054.22,Normal,3.58
INVT004841,PO004841,P0190,WH006,25-09-2025,25,534,682,0,238,85,0,Stockout,0
INVT004842,PO004842,P0138,WH009,27-08-2025,526,73,27,572,183,201,37152932.96,Normal,2.14
INVT004843,PO004843,P0198,WH006,05-09-2025,42,758,1031,0,38,223,0,Stockout,0
INVT004844,PO004844,P0020,WH005,27-01-2026,16,938,52,902,28,180,57736632.14,Overstock,3.88
INVT004845,PO004845,P0299,WH007,23-02-2025,623,704,277,1050,471,18,7453341,Normal,18.21
INVT004846,PO004846,P0123,WH009,08-05-2025,498,438,51,885,308,180,38180678.85,Normal,3.31
INVT004847,PO004847,P0008,WH007,09-05-2026,272,40,28,284,81,100,15730564.04,Normal,4.92
INVT004848,PO004848,P0211,WH006,12-01-2025,426,171,209,388,173,144,16391917.48,Normal,1.87
INVT004849,PO004849,P0083,WH009,29-06-2025,352,317,218,451,435,180,26878075.62,Normal,1.69
INVT004850,PO004850,P0256,WH007,01-01-2026,113,132,80,165,29,170,8347330.2,Overstock,2.86
INVT004851,PO004851,P0134,WH010,15-07-2025,26,559,834,0,245,14,0,Stockout,0
INVT004852,PO004852,P0130,WH008,24-07-2026,481,186,137,530,173,58,14422434.2,Normal,2.61
INVT004853,PO004853,P0158,WH007,15-06-2025,1009,813,92,1730,298,222,59652060.8,Overstock,30
INVT004854,PO004854,P0160,WH005,15-05-2025,9,461,613,0,173,173,0,Stockout,0
INVT004855,PO004855,P0259,WH005,06-06-2025,37,404,355,86,70,12,7798696.72,Normal,0.37
INVT004856,PO004856,P0079,WH005,06-06-2025,246,642,830,58,63,108,2943299.32,Reorder,0.25
INVT004857,PO004857,P0300,WH007,09-04-2026,590,326,3,913,213,163,2546466.56,Normal,15.83
INVT004858,PO004858,P0082,WH006,13-01-2026,541,133,77,597,151,103,30330626.79,Normal,2.88
INVT004859,PO004859,P0233,WH010,18-01-2026,40,191,57,174,59,136,6218316.3,Normal,0.6
INVT004860,PO004860,P0108,WH008,13-01-2025,52,495,274,273,217,213,12075685.44,Normal,1.34
INVT004861,PO004861,P0071,WH010,25-03-2025,670,769,290,1149,368,103,43874944.17,Normal,3.97
INVT004862,PO004862,P0085,WH010,26-07-2026,101,755,1105,0,306,81,0,Stockout,0
INVT004863,PO004863,P0271,WH008,10-06-2025,525,639,340,824,144,210,11957541.92,Overstock,4.05
INVT004864,PO004864,P0295,WH006,18-01-2025,732,948,1077,603,261,18,43101843.03,Normal,2.9
INVT004865,PO004865,P0181,WH010,26-01-2026,115,104,94,125,31,180,382691.25,Normal,0.43
INVT004866,PO004866,P0100,WH007,14-08-2025,665,806,872,599,311,64,466387.39,Normal,10.39
INVT004867,PO004867,P0220,WH010,17-04-2026,89,353,91,351,30,160,30953840.58,Overstock,1.21
INVT004868,PO004868,P0038,WH005,18-01-2026,480,150,69,561,339,40,16388509.83,Normal,2.41
INVT004869,PO004869,P0231,WH010,02-02-2025,225,297,149,373,295,51,16438274.12,Normal,1.29
INVT004870,PO004870,P0273,WH005,10-03-2026,166,160,31,295,217,132,20746577.1,Normal,1.27
INVT004871,PO004871,P0025,WH006,28-06-2026,391,699,699,391,417,19,5261737.83,Reorder,1.88
INVT004872,PO004872,P0026,WH006,29-09-2025,20,929,640,309,171,23,26575857.09,Normal,1.49
INVT004873,PO004873,P0054,WH006,15-06-2025,420,849,1069,200,114,156,8737854,Normal,0.96
INVT004874,PO004874,P0169,WH007,22-06-2026,327,450,525,252,257,169,19483919.28,Reorder,4.37
INVT004875,PO004875,P0132,WH005,18-03-2026,235,238,113,360,62,174,9194760,Overstock,1.55
INVT004876,PO004876,P0151,WH006,11-08-2025,405,41,23,423,390,115,2938733.28,Normal,2.04
INVT004877,PO004877,P0101,WH008,16-10-2025,16,123,180,0,36,204,0,Stockout,0
INVT004878,PO004878,P0069,WH007,10-01-2025,526,441,249,718,302,96,30286317,Normal,12.45
INVT004879,PO004879,P0076,WH006,28-10-2025,938,535,655,818,315,60,51652978.1,Normal,3.94
INVT004880,PO004880,P0150,WH008,02-02-2025,63,120,56,127,80,75,7618243.59,Normal,0.62
INVT004881,PO004881,P0171,WH007,13-04-2025,437,39,18,458,466,114,16094449.76,Reorder,7.94
INVT004882,PO004882,P0097,WH010,07-06-2026,397,146,39,504,197,84,36418495.68,Normal,1.74
INVT004883,PO004883,P0147,WH010,01-04-2025,423,148,146,425,335,66,32900032,Normal,1.47
INVT004884,PO004884,P0170,WH009,03-02-2025,820,166,229,757,210,177,49212206.64,Normal,2.83
INVT004885,PO004885,P0013,WH009,22-10-2025,880,227,234,873,440,231,14567445.45,Normal,3.26
INVT004886,PO004886,P0161,WH009,18-09-2025,26,251,324,0,40,242,0,Stockout,0
INVT004887,PO004887,P0235,WH006,14-04-2026,724,249,150,823,300,200,43053771.83,Normal,3.96
INVT004888,PO004888,P0120,WH010,06-12-2025,822,410,548,684,236,214,54170132.4,Normal,2.36
INVT004889,PO004889,P0028,WH006,17-09-2025,71,363,351,83,29,232,1134971.05,Normal,0.4
INVT004890,PO004890,P0290,WH007,23-01-2026,108,36,49,95,95,201,7276679.85,Normal,1.65
INVT004891,PO004891,P0100,WH005,22-02-2026,276,920,489,707,311,64,479247.02,Normal,3.04
INVT004892,PO004892,P0012,WH006,26-07-2025,200,200,240,160,307,35,13623956.8,Reorder,0.77
INVT004893,PO004893,P0086,WH009,28-05-2025,1674,620,75,2219,442,229,94519347.93,Overstock,8.29
INVT004894,PO004894,P0139,WH008,10-04-2026,141,644,601,184,42,232,12840331.44,Normal,0.9
INVT004895,PO004895,P0166,WH010,28-04-2026,697,920,1267,350,209,166,6469358,Normal,1.21
INVT004896,PO004896,P0212,WH006,14-04-2025,235,708,101,842,167,225,63902343.84,Overstock,4.06
INVT004897,PO004897,P0175,WH006,24-03-2026,531,665,893,303,455,79,1995721.62,Reorder,1.46
INVT004898,PO004898,P0236,WH010,14-05-2025,931,32,12,951,480,237,63445869.9,Normal,3.28
INVT004899,PO004899,P0066,WH006,20-01-2026,751,186,243,694,379,91,31341484.16,Normal,3.34
INVT004900,PO004900,P0132,WH005,09-03-2026,157,802,1022,0,62,174,0,Stockout,0
INVT004901,PO004901,P0094,WH006,12-07-2026,511,50,7,554,216,65,13396551,Normal,2.67
INVT004902,PO004902,P0012,WH008,18-02-2026,601,535,743,393,307,35,30564234.87,Normal,1.93
INVT004903,PO004903,P0128,WH006,06-01-2026,206,767,553,420,404,136,13014796.2,Normal,2.02
INVT004904,PO004904,P0146,WH010,07-08-2025,97,886,136,847,52,166,54647033.98,Overstock,2.93
INVT004905,PO004905,P0167,WH006,24-07-2025,1061,96,72,1085,451,169,19813163.3,Normal,5.23
INVT004906,PO004906,P0288,WH007,18-06-2025,103,473,700,0,42,71,0,Stockout,0
INVT004907,PO004907,P0078,WH008,10-02-2026,89,762,970,0,89,82,0,Stockout,0
INVT004908,PO004908,P0169,WH006,14-12-2025,222,654,307,569,257,169,42913923.1,Normal,2.74
INVT004909,PO004909,P0151,WH007,02-04-2026,789,41,46,784,390,115,5017121.76,Normal,13.59
INVT004910,PO004910,P0158,WH008,16-08-2025,185,151,134,202,298,222,6884479.16,Reorder,0.99
INVT004911,PO004911,P0139,WH009,27-06-2026,88,991,381,698,42,232,46182437.1,Overstock,2.61
INVT004912,PO004912,P0134,WH009,06-06-2025,762,141,152,751,245,14,12009616.5,Normal,2.81
INVT004913,PO004913,P0173,WH008,29-03-2026,1056,74,23,1107,340,55,37249919.01,Normal,5.44
INVT004914,PO004914,P0264,WH005,08-04-2026,56,691,1013,0,126,166,0,Stockout,0
INVT004915,PO004915,P0050,WH009,31-03-2026,85,862,1101,0,162,116,0,Stockout,0
INVT004916,PO004916,P0193,WH008,11-04-2026,458,569,747,280,470,163,7213564.4,Reorder,1.38
INVT004917,PO004917,P0237,WH006,18-06-2025,426,843,152,1117,290,24,29313319.3,Normal,5.38
INVT004918,PO004918,P0054,WH010,13-02-2026,310,331,190,451,114,156,19726555.09,Normal,1.56
INVT004919,PO004919,P0215,WH006,02-04-2026,137,947,384,700,86,75,24397345,Overstock,3.37
INVT004920,PO004920,P0122,WH010,23-02-2025,674,574,766,482,208,225,22708596.14,Normal,1.66
INVT004921,PO004921,P0138,WH005,07-01-2026,384,411,355,440,183,201,24670936.4,Normal,1.89
INVT004922,PO004922,P0229,WH007,21-11-2025,708,603,542,769,220,105,5605387.11,Normal,13.33
INVT004923,PO004923,P0137,WH009,21-03-2026,492,278,104,666,180,28,10502107.38,Normal,2.49
INVT004924,PO004924,P0192,WH007,07-03-2026,597,431,78,950,215,162,40370098,Normal,16.47
INVT004925,PO004925,P0023,WH006,02-06-2025,341,366,148,559,301,65,9778967.12,Normal,2.69
INVT004926,PO004926,P0137,WH010,23-05-2026,372,382,209,545,180,28,8371897.6,Normal,1.88
INVT004927,PO004927,P0134,WH007,12-06-2026,18,72,91,0,245,14,0,Stockout,0
INVT004928,PO004928,P0072,WH005,07-04-2025,915,445,191,1169,290,216,8423077.53,Normal,5.03
INVT004929,PO004929,P0082,WH007,08-03-2025,506,922,61,1367,151,103,75607266.3,Overstock,23.7
INVT004930,PO004930,P0212,WH005,06-06-2025,655,478,307,826,167,225,65831778.74,Normal,3.55
INVT004931,PO004931,P0125,WH008,26-12-2025,232,181,22,391,177,14,4310544.31,Normal,1.92
INVT004932,PO004932,P0167,WH007,07-12-2025,747,608,787,568,451,169,9773655.52,Normal,9.85
INVT004933,PO004933,P0112,WH006,21-02-2025,1642,134,144,1632,439,184,36535078.08,Normal,7.86
INVT004934,PO004934,P0215,WH010,18-09-2025,225,557,568,214,86,75,7411690.98,Normal,0.74
INVT004935,PO004935,P0085,WH008,13-06-2025,339,514,389,464,306,81,31407167.04,Normal,2.28
INVT004936,PO004936,P0078,WH010,06-06-2026,136,690,271,555,89,82,24491689.35,Overstock,1.92
INVT004937,PO004937,P0294,WH006,16-02-2026,20,41,41,20,481,19,984388,Reorder,0.1
INVT004938,PO004938,P0054,WH005,01-06-2025,142,635,632,145,114,156,6514490.4,Normal,0.62
INVT004939,PO004939,P0098,WH006,21-01-2026,489,346,465,370,256,35,7721052.7,Normal,1.78
INVT004940,PO004940,P0073,WH007,03-08-2025,667,387,508,546,216,72,19062192.24,Normal,9.47
INVT004941,PO004941,P0266,WH005,20-07-2025,492,344,475,361,470,103,29654409.98,Reorder,1.55
INVT004942,PO004942,P0250,WH005,07-06-2025,1593,709,985,1317,485,23,70720371.36,Normal,5.67
INVT004943,PO004943,P0035,WH009,09-04-2026,376,56,5,427,489,155,20980956.71,Reorder,1.6
INVT004944,PO004944,P0093,WH006,02-04-2026,71,674,803,0,224,216,0,Stockout,0
INVT004945,PO004945,P0175,WH005,23-08-2025,495,674,848,321,455,79,2336896.05,Reorder,1.38
INVT004946,PO004946,P0264,WH008,28-04-2026,133,601,186,548,126,166,7197240.2,Normal,2.69
INVT004947,PO004947,P0034,WH009,01-05-2026,406,179,110,475,108,45,19361950,Normal,1.78
INVT004948,PO004948,P0060,WH006,29-05-2026,6,216,169,53,311,48,302011.49,Reorder,0.26
INVT004949,PO004949,P0293,WH010,19-05-2026,327,205,264,268,212,211,13334546.36,Normal,0.93
INVT004950,PO004950,P0272,WH006,05-06-2026,456,79,115,420,133,17,26489996.4,Normal,2.02
INVT004951,PO004951,P0265,WH007,26-04-2026,389,955,364,980,167,227,30152845.8,Overstock,16.99
INVT004952,PO004952,P0217,WH005,05-07-2026,1056,381,110,1327,394,47,81892593.66,Normal,5.71
INVT004953,PO004953,P0205,WH009,08-07-2025,1304,943,828,1419,480,72,38623008.93,Normal,5.3
INVT004954,PO004954,P0173,WH007,26-08-2025,417,424,451,390,340,55,13403539.5,Normal,6.76
INVT004955,PO004955,P0124,WH010,09-01-2026,85,101,40,146,411,167,11381584.76,Reorder,0.5
INVT004956,PO004956,P0184,WH006,31-03-2026,179,35,45,169,157,106,12258073.62,Normal,0.81
INVT004957,PO004957,P0298,WH005,03-04-2026,317,158,233,242,432,66,3717204.7,Reorder,1.04
INVT004958,PO004958,P0194,WH010,21-02-2026,110,850,150,810,145,42,55123829.1,Overstock,2.8
INVT004959,PO004959,P0139,WH008,11-02-2025,53,871,1142,0,42,232,0,Stockout,0
INVT004960,PO004960,P0108,WH008,30-01-2026,183,194,210,167,217,213,6218174.86,Reorder,0.82
INVT004961,PO004961,P0065,WH010,25-09-2025,843,885,756,972,390,19,45990150.84,Normal,3.36
INVT004962,PO004962,P0244,WH006,26-05-2026,194,435,120,509,54,42,7972487.36,Overstock,2.45
INVT004963,PO004963,P0059,WH009,05-08-2025,400,154,118,436,460,48,25090212.96,Reorder,1.63
INVT004964,PO004964,P0027,WH006,04-06-2025,978,669,4,1643,495,214,95375443.51,Normal,7.91
INVT004965,PO004965,P0063,WH005,17-12-2025,1449,750,1014,1185,443,35,36229929.3,Normal,5.1
INVT004966,PO004966,P0162,WH007,03-07-2025,142,136,65,213,216,189,12374524.68,Reorder,3.69
INVT004967,PO004967,P0158,WH010,19-04-2025,812,942,1218,536,298,222,21226998.96,Normal,1.85
INVT004968,PO004968,P0275,WH008,29-06-2025,396,888,1112,172,361,144,6727556.4,Reorder,0.85
INVT004969,PO004969,P0164,WH006,04-08-2026,1285,96,60,1321,419,83,110560672.3,Normal,6.36
INVT004970,PO004970,P0269,WH009,01-04-2026,471,719,467,723,252,243,59747823.48,Normal,2.7
INVT004971,PO004971,P0248,WH007,22-02-2026,727,72,12,787,444,184,59506400.03,Normal,13.65
INVT004972,PO004972,P0018,WH009,29-10-2025,1358,252,174,1436,357,159,44956579.16,Normal,5.37
INVT004973,PO004973,P0034,WH005,27-12-2025,133,853,949,37,108,45,1733542.87,Reorder,0.16
INVT004974,PO004974,P0004,WH007,01-05-2025,88,48,27,109,310,85,7095183.87,Reorder,1.89
INVT004975,PO004975,P0096,WH009,01-02-2025,1095,31,25,1101,303,232,40794516.24,Normal,4.11
INVT004976,PO004976,P0055,WH009,09-09-2025,790,231,199,822,437,63,26632824.66,Normal,3.07
INVT004977,PO004977,P0150,WH007,11-08-2025,190,729,980,0,80,75,0,Stockout,0
INVT004978,PO004978,P0294,WH009,12-11-2025,683,797,691,789,481,19,37191597.96,Normal,2.95
INVT004979,PO004979,P0144,WH005,02-03-2026,134,548,115,567,391,246,23958675.72,Normal,2.44
INVT004980,PO004980,P0127,WH010,20-08-2025,1310,196,274,1232,369,148,81780049.12,Normal,4.26
INVT004981,PO004981,P0085,WH010,28-09-2025,1112,234,232,1114,306,81,67544170.54,Normal,3.85
INVT004982,PO004982,P0010,WH008,24-09-2025,1154,169,157,1166,380,29,10982320.8,Normal,5.73
INVT004983,PO004983,P0265,WH008,19-04-2026,111,983,1273,0,167,227,0,Stockout,0
INVT004984,PO004984,P0006,WH005,11-07-2026,355,268,248,375,205,68,27665253.75,Normal,1.61
INVT004985,PO004985,P0012,WH007,14-12-2025,375,637,433,579,307,35,44885510.13,Normal,10.04
INVT004986,PO004986,P0297,WH009,03-07-2026,639,733,988,384,364,12,8711696.64,Normal,1.44
INVT004987,PO004987,P0192,WH010,19-06-2026,373,131,57,447,215,162,21308494.47,Normal,1.54
INVT004988,PO004988,P0025,WH006,25-06-2026,489,76,27,538,417,19,8054640.1,Normal,2.59
INVT004989,PO004989,P0133,WH010,10-06-2026,210,824,612,422,118,125,30342323.28,Normal,1.46
INVT004990,PO004990,P0137,WH005,22-09-2025,130,317,174,273,180,28,4437153.63,Normal,1.17
INVT004991,PO004991,P0057,WH006,05-03-2026,122,488,458,152,45,53,5781742.56,Normal,0.73
INVT004992,PO004992,P0210,WH005,03-07-2025,335,778,1093,20,136,236,1441893.8,Reorder,0.09
INVT004993,PO004993,P0279,WH007,04-11-2025,404,483,274,613,138,52,41095544.52,Normal,10.63
INVT004994,PO004994,P0125,WH008,06-03-2025,92,732,788,36,177,14,438512.4,Reorder,0.18
INVT004995,PO004995,P0276,WH006,29-07-2025,378,789,785,382,382,193,32240372.16,Normal,1.84
INVT004996,PO004996,P0100,WH005,04-08-2026,1203,238,242,1199,311,64,806147.65,Normal,5.16
INVT004997,PO004997,P0073,WH008,15-02-2025,545,587,320,812,216,72,27654267.76,Normal,3.99
INVT004998,PO004998,P0170,WH010,01-02-2026,439,615,556,498,210,177,32139879.18,Normal,1.72
INVT004999,PO004999,P0212,WH008,16-07-2026,528,989,299,1218,167,225,91167714.12,Overstock,5.99
INVT005000,PO005000,P0038,WH010,23-04-2026,144,92,15,221,339,40,6219404.1,Reorder,0.76
